yearID,teamID,lgID,playerID,G_all
2022,OAK,AL,acevedo01,70
2022,OAK,AL,allenau01,5
2022,OAK,AL,allenni02,100
2022,OAK,AL,andruel01,149
2022,OAK,AL,barrelu01,32
2022,OAK,AL,bethach01,101
2022,OAK,AL,blackpa01,21
2022,OAK,AL,boltsk01,42
2022,OAK,AL,bridejo01,58
2022,OAK,AL,brownse01,150
2022,OAK,AL,capelco01,22
2022,OAK,AL,castery01,3
2022,OAK,AL,clemeer01,70
2022,OAK,AL,cyrty01,12
2022,OAK,AL,davidma02,13
2022,OAK,AL,diazjo03,15
2022,OAK,AL,garcide02,39
2022,OAK,AL,grimmju01,15
2022,OAK,AL,irvinco01,30
2022,OAK,AL,jacksdr01,3
2022,OAK,AL,jacksza02,54
2022,OAK,AL,jeffeda01,8
2022,OAK,AL,jimenda02,34
2022,OAK,AL,kaprija01,27
2022,OAK,AL,kempto01,147
2022,OAK,AL,koenija01,10
2022,OAK,AL,kolarad01,15
2022,OAK,AL,langesh01,40
2022,OAK,AL,laurera01,94
2022,OAK,AL,lemoija01,9
2022,OAK,AL,logueza01,14
2022,OAK,AL,lopesch01,4
2022,OAK,AL,lowrije01,50
2022,OAK,AL,mackida01,22
2022,OAK,AL,machivi01,73
2022,OAK,AL,markepa01,3
2022,OAK,AL,martiad01,12
2022,OAK,AL,mcdonmi01,4
2022,OAK,AL,mckayda02,4
2022,OAK,AL,mckinbi01,23
2022,OAK,AL,mollsa01,53
2022,OAK,AL,mondona01,1
2022,OAK,AL,montafr01,27
2022,OAK,AL,murphse01,148
2022,OAK,AL,neusesh01,89
2022,OAK,AL,ollerad01,19
2022,OAK,AL,pachecr01,91
2022,OAK,AL,payamjo01,41
2022,OAK,AL,pindech01,111
2022,OAK,AL,piscost01,42
2022,OAK,AL,pruitau01,39
2022,OAK,AL,pukaj01,62
2022,OAK,AL,ruizno01,14
2022,OAK,AL,searsjp01,17
2022,OAK,AL,selmasa01,16
2022,OAK,AL,smithke05,47
2022,OAK,AL,sneadki01,46
2022,OAK,AL,steveca01,23
2022,OAK,AL,tapiado01,11
2022,OAK,AL,thomaco01,10
2022,OAK,AL,trivilo01,64
2022,OAK,AL,vogtst01,70
2022,OAK,AL,waldike01,7
2022,OAK,AL,wilesco01,4
2022,PIT,NL,alforan01,2
2022,PIT,NL,alldrca01,1
2022,PIT,NL,allengr01,46
2022,PIT,NL,andujmi01,36
2022,PIT,NL,bandaan01,32
2022,PIT,NL,banuema01,35
2022,PIT,NL,bednada01,45
2022,PIT,NL,beedety01,31
2022,PIT,NL,briceau01,4
2022,PIT,NL,brubajt01,28
2022,PIT,NL,castidi02,96
2022,PIT,NL,castrro01,71
2022,PIT,NL,changyu01,69
2022,PIT,NL,chavimi01,129
2022,PIT,NL,colliza01,36
2022,PIT,NL,contrro01,21
2022,PIT,NL,crowewi01,60
2022,PIT,NL,cruzon01,87
2022,PIT,NL,dejonch01,42
2022,PIT,NL,delosye01,26
2022,PIT,NL,delayja01,57
2022,PIT,NL,eickhje01,1
2022,PIT,NL,fernaju01,16
2022,PIT,NL,fletcaa01,9
2022,PIT,NL,gamelbe01,115
2022,PIT,NL,godoyjo01,10
2022,PIT,NL,hayeske01,136
2022,PIT,NL,heinety01,62
2022,PIT,NL,hembrhe01,26
2022,PIT,NL,holdeco01,24
2022,PIT,NL,howarsa01,3
2022,PIT,NL,kellemi03,31
2022,PIT,NL,knappan01,16
2022,PIT,NL,kranima01,2
2022,PIT,NL,madribl01,39
2022,PIT,NL,marcatu01,49
2022,PIT,NL,marisja01,31
2022,PIT,NL,mearsni01,2
2022,PIT,NL,mitchca01,69
2022,PIT,NL,newmake01,78
2022,PIT,NL,ortizlu03,4
2022,PIT,NL,oviedjo01,21
2022,PIT,NL,padloke01,13
2022,PIT,NL,parkho01,23
2022,PIT,NL,pegueli01,1
2022,PIT,NL,perezmi03,45
2022,PIT,NL,perezro02,21
2022,PIT,NL,peterdi01,22
2022,PIT,NL,quintjo01,32
2022,PIT,NL,ramiryo01,30
2022,PIT,NL,reynobr01,145
2022,PIT,NL,smithca04,3
2022,PIT,NL,stephro01,58
2022,PIT,NL,stouter01,20
2022,PIT,NL,stratch01,60
2022,PIT,NL,sulsebe01,10
2022,PIT,NL,suwinja01,106
2022,PIT,NL,swaggtr01,5
2022,PIT,NL,thompza01,29
2022,PIT,NL,tsutsyo01,50
2022,PIT,NL,tuckeco01,18
2022,PIT,NL,underdu01,51
2022,PIT,NL,vanmejo01,67
2022,PIT,NL,vieauca01,8
2022,PIT,NL,vogelda01,130
2022,PIT,NL,wilsobr02,25
2022,PIT,NL,yajurmi01,12
2022,SDN,NL,abramcj01,90
2022,SDN,NL,adamsau02,2
2022,SDN,NL,alcanse01,93
2022,SDN,NL,alfarjo01,82
2022,SDN,NL,avilape01,2
2022,SDN,NL,azocajo01,98
2022,SDN,NL,baezmi01,2
2022,SDN,NL,battema01,15
2022,SDN,NL,beatyma01,20
2022,SDN,NL,belljo02,156
2022,SDN,NL,campulu01,16
2022,SDN,NL,canoro01,33
2022,SDN,NL,castijo03,1
2022,SDN,NL,clevimi01,23
2022,SDN,NL,crismna01,50
2022,SDN,NL,croneja01,158
2022,SDN,NL,darviyu01,30
2022,SDN,NL,dixonbr01,5
2022,SDN,NL,drurybr01,138
2022,SDN,NL,garcilu03,64
2022,SDN,NL,gorema01,16
2022,SDN,NL,grishtr01,152
2022,SDN,NL,guerrja02,18
2022,SDN,NL,haderjo01,56
2022,SDN,NL,hillti01,55
2022,SDN,NL,hosmeer01,104
2022,SDN,NL,johnspi01,15
2022,SDN,NL,kerrra01,7
2022,SDN,NL,kimha01,150
2022,SDN,NL,knehrre01,5
2022,SDN,NL,lametdi01,32
2022,SDN,NL,liberlu01,7
2022,SDN,NL,machama01,150
2022,SDN,NL,manaese01,30
2022,SDN,NL,martini01,47
2022,SDN,NL,mazarno01,55
2022,SDN,NL,morejad01,26
2022,SDN,NL,musgrjo01,30
2022,SDN,NL,myerswi01,77
2022,SDN,NL,nolaau01,110
2022,SDN,NL,profaju01,152
2022,SDN,NL,rogerta01,66
2022,SDN,NL,rookebr01,16
2022,SDN,NL,rosareg01,7
2022,SDN,NL,ruizes01,17
2022,SDN,NL,scottta02,8
2022,SDN,NL,snellbl01,25
2022,SDN,NL,sotoju01,153
2022,SDN,NL,stammcr01,33
2022,SDN,NL,suarero01,45
2022,SDN,NL,thomptr01,80
2022,SDN,NL,tylerky01,2
2022,SDN,NL,voitlu01,135
2022,SDN,NL,weathry01,1
2022,SDN,NL,wilsost02,50
2022,SEA,AL,bernabr01,2
2022,SEA,AL,borucry01,32
2022,SEA,AL,boydma01,10
2022,SEA,AL,brashma01,39
2022,SEA,AL,casalcu01,57
2022,SEA,AL,castidi01,59
2022,SEA,AL,castilu02,25
2022,SEA,AL,crawfjp01,145
2022,SEA,AL,eliasro01,7
2022,SEA,AL,ellisdr01,7
2022,SEA,AL,faircst01,46
2022,SEA,AL,festama01,53
2022,SEA,AL,flexech01,33
2022,SEA,AL,fordmi01,50
2022,SEA,AL,francty01,140
2022,SEA,AL,fraziad01,156
2022,SEA,AL,gilbelo01,32
2022,SEA,AL,gileske01,5
2022,SEA,AL,gonzama02,32
2022,SEA,AL,haggesa01,83
2022,SEA,AL,hanigmi01,57
2022,SEA,AL,jankotr01,44
2022,SEA,AL,kelenja01,54
2022,SEA,AL,kirbyge01,25
2022,SEA,AL,knappan01,16
2022,SEA,AL,kochma01,4
2022,SEA,AL,lambja01,41
2022,SEA,AL,larseja01,1
2022,SEA,AL,lewisky01,18
2022,SEA,AL,millswy01,27
2022,SEA,AL,milonto01,7
2022,SEA,AL,misiean01,32
2022,SEA,AL,mooredy01,104
2022,SEA,AL,munozan01,64
2022,SEA,AL,murfepe01,64
2022,SEA,AL,murphto04,14
2022,SEA,AL,obrieri01,1
2022,SEA,AL,okeefbr01,2
2022,SEA,AL,padloke01,13
2022,SEA,AL,raleica01,119
2022,SEA,AL,ramiryo01,30
2022,SEA,AL,rayro02,32
2022,SEA,AL,rodriju01,132
2022,SEA,AL,romose01,23
2022,SEA,AL,santaca01,131
2022,SEA,AL,sewalpa01,65
2022,SEA,AL,sheffju01,6
2022,SEA,AL,souzast01,6
2022,SEA,AL,steckdr01,16
2022,SEA,AL,suareeu01,150
2022,SEA,AL,swanser01,57
2022,SEA,AL,toroab01,109
2022,SEA,AL,torrelu01,57
2022,SEA,AL,trammta01,43
2022,SEA,AL,uptonju01,17
2022,SEA,AL,waltodo01,25
2022,SEA,AL,wilsoma02,3
2022,SEA,AL,winkeje01,136
2022,SEA,AL,youngda02,3
2022,SFN,NL,alexasc01,17
2022,SFN,NL,alvarjo02,21
2022,SFN,NL,bartjo01,97
2022,SFN,NL,beedety01,31
2022,SFN,NL,beltbr01,78
2022,SFN,NL,brebbjo01,76
2022,SFN,NL,brinsle01,16
2022,SFN,NL,calhowi01,22
2022,SFN,NL,casalcu01,57
2022,SFN,NL,castrke01,10
2022,SFN,NL,cobbal01,28
2022,SFN,NL,cottojh01,30
2022,SFN,NL,crawfbr01,118
2022,SFN,NL,davisjd01,115
2022,SFN,NL,desclan01,5
2022,SFN,NL,deanau01,3
2022,SFN,NL,dovalca01,68
2022,SFN,NL,dubonma01,104
2022,SFN,NL,duggast01,29
2022,SFN,NL,estrath01,140
2022,SFN,NL,faircst01,46
2022,SFN,NL,florewi01,151
2022,SFN,NL,fordmi01,50
2022,SFN,NL,garcija04,58
2022,SFN,NL,gonzalu03,98
2022,SFN,NL,hjellse01,8
2022,SFN,NL,johnsbr03,11
2022,SFN,NL,junisja01,23
2022,SFN,NL,knappan01,16
2022,SFN,NL,krizaja01,3
2022,SFN,NL,lasteto01,60
2022,SFN,NL,leonedo01,55
2022,SFN,NL,litteza01,39
2022,SFN,NL,llovema01,17
2022,SFN,NL,longsa01,28
2022,SFN,NL,longoev01,89
2022,SFN,NL,machadi01,5
2022,SFN,NL,marteyu01,39
2022,SFN,NL,mcgeeja01,42
2022,SFN,NL,merceye01,31
2022,SFN,NL,millesh01,4
2022,SFN,NL,ortizlu02,6
2022,SFN,NL,padloke01,13
2022,SFN,NL,papiemi01,39
2022,SFN,NL,pederjo01,134
2022,SFN,NL,proctfo01,7
2022,SFN,NL,ramoshe02,9
2022,SFN,NL,rodonca01,31
2022,SFN,NL,rogerty01,68
2022,SFN,NL,rufda01,119
2022,SFN,NL,santogr01,2
2022,SFN,NL,slateau01,125
2022,SFN,NL,szaputh01,11
2022,SFN,NL,tomka01,1
2022,SFN,NL,vasquan02,10
2022,SFN,NL,villada01,52
2022,SFN,NL,vosleja01,36
2022,SFN,NL,wadela01,77
2022,SFN,NL,waiteco01,7
2022,SFN,NL,waltodo01,25
2022,SFN,NL,webblo01,32
2022,SFN,NL,willilu01,79
2022,SFN,NL,woodal02,26
2022,SFN,NL,wynnsau01,66
2022,SFN,NL,yastrmi01,148
2022,SFN,NL,youngal01,25
2022,SLN,NL,arenano01,148
2022,SLN,NL,baderha01,86
2022,SLN,NL,brookaa01,5
2022,SLN,NL,burleal01,16
2022,SLN,NL,cabrege01,39
2022,SLN,NL,capelco01,22
2022,SLN,NL,carlsdy01,128
2022,SLN,NL,dejonpa01,77
2022,SLN,NL,deluzbe01,22
2022,SLN,NL,dickeco01,97
2022,SLN,NL,donovbr01,126
2022,SLN,NL,edmanto01,153
2022,SLN,NL,fernaju01,16
2022,SLN,NL,flaheja01,9
2022,SLN,NL,gallegi01,57
2022,SLN,NL,goldspa01,151
2022,SLN,NL,gormano01,89
2022,SLN,NL,helslry01,54
2022,SLN,NL,herreiv01,11
2022,SLN,NL,hicksjo03,35
2022,SLN,NL,hudsoda02,27
2022,SLN,NL,kniznan01,97
2022,SLN,NL,liberma01,9
2022,SLN,NL,matzst01,15
2022,SLN,NL,mcfartj01,28
2022,SLN,NL,mikolmi01,33
2022,SLN,NL,molinya01,80
2022,SLN,NL,montgjo01,32
2022,SLN,NL,naileja01,7
2022,SLN,NL,naughpa01,26
2022,SLN,NL,nootbla01,108
2022,SLN,NL,oneilty01,96
2022,SLN,NL,oviedjo01,21
2022,SLN,NL,pallaan01,47
2022,SLN,NL,pujolal01,109
2022,SLN,NL,quintjo01,32
2022,SLN,NL,roberkr01,2
2022,SLN,NL,romerjo01,17
2022,SLN,NL,rominau01,51
2022,SLN,NL,rondoan01,1
2022,SLN,NL,sosaed01,78
2022,SLN,NL,spangco01,1
2022,SLN,NL,stratch01,60
2022,SLN,NL,thompza02,22
2022,SLN,NL,verhadr01,19
2022,SLN,NL,wainwad01,32
2022,SLN,NL,walshja02,3
2022,SLN,NL,whitlko01,14
2022,SLN,NL,wittgni01,29
2022,SLN,NL,woodfja01,27
2022,SLN,NL,yepezju01,76
2022,TBA,AL,adamja01,67
2022,TBA,AL,arandjo01,32
2022,TBA,AL,armstsh01,50
2022,TBA,AL,arozara01,153
2022,TBA,AL,bardlu01,9
2022,TBA,AL,bazsh01,6
2022,TBA,AL,beeksja01,42
2022,TBA,AL,bethach01,101
2022,TBA,AL,brujavi01,52
2022,TBA,AL,changyu01,69
2022,TBA,AL,chargjt01,21
2022,TBA,AL,chiriyo01,2
2022,TBA,AL,choiji01,113
2022,TBA,AL,cleavga01,17
2022,TBA,AL,criswco01,1
2022,TBA,AL,diazya01,137
2022,TBA,AL,duggero01,4
2022,TBA,AL,fairbpe01,24
2022,TBA,AL,fauchca01,22
2022,TBA,AL,feyerjo01,22
2022,TBA,AL,flemijo01,10
2022,TBA,AL,francwa01,83
2022,TBA,AL,garzara01,19
2022,TBA,AL,glasnty01,2
2022,TBA,AL,guerrja02,18
2022,TBA,AL,hergeke01,3
2022,TBA,AL,kiermke01,63
2022,TBA,AL,kittran01,17
2022,TBA,AL,klubeco01,31
2022,TBA,AL,knighdu01,6
2022,TBA,AL,lowebr01,65
2022,TBA,AL,lowejo01,52
2022,TBA,AL,margoma01,89
2022,TBA,AL,mastrmi01,8
2022,TBA,AL,mazzach01,2
2022,TBA,AL,mcclash01,29
2022,TBA,AL,mcgeeea01,1
2022,TBA,AL,mckayda02,4
2022,TBA,AL,mejiafr01,93
2022,TBA,AL,ogandcr01,3
2022,TBA,AL,paredis01,111
2022,TBA,AL,patinlu01,6
2022,TBA,AL,peralda01,134
2022,TBA,AL,phillbr02,83
2022,TBA,AL,pintore02,25
2022,TBA,AL,pocheco01,65
2022,TBA,AL,quinnro01,44
2022,TBA,AL,raleybr01,60
2022,TBA,AL,raleylu01,22
2022,TBA,AL,ramirha02,120
2022,TBA,AL,rasmudr01,28
2022,TBA,AL,romerto01,4
2022,TBA,AL,sandeph01,8
2022,TBA,AL,sirijo01,104
2022,TBA,AL,sprinje01,33
2022,TBA,AL,thompry02,47
2022,TBA,AL,wallsta01,142
2022,TBA,AL,wislema01,39
2022,TBA,AL,yacabji01,14
2022,TBA,AL,yarbrry01,20
2022,TBA,AL,zuninmi01,36
2022,TEX,AL,abreual01,33
2022,TEX,AL,alexyaj01,4
2022,TEX,AL,allarko01,10
2022,TEX,AL,arihako01,5
2022,TEX,AL,barlojo01,35
2022,TEX,AL,burkebr01,52
2022,TEX,AL,bushma01,65
2022,TEX,AL,calhoko01,125
2022,TEX,AL,calhowi01,22
2022,TEX,AL,culbech01,70
2022,TEX,AL,duggast01,29
2022,TEX,AL,dunnida01,29
2022,TEX,AL,duranez01,58
2022,TEX,AL,garciad02,156
2022,TEX,AL,garvemi01,54
2022,TEX,AL,grayjo02,24
2022,TEX,AL,hearnta01,31
2022,TEX,AL,heimjo01,127
2022,TEX,AL,hernael02,14
2022,TEX,AL,hernajo02,29
2022,TEX,AL,hollagr01,5
2022,TEX,AL,howarsp01,10
2022,TEX,AL,huffsa01,44
2022,TEX,AL,ibanean01,40
2022,TEX,AL,jungjo01,26
2022,TEX,AL,keuchda01,14
2022,TEX,AL,kingjo01,39
2022,TEX,AL,leclejo01,39
2022,TEX,AL,lowena01,157
2022,TEX,AL,martibr01,55
2022,TEX,AL,mathima01,30
2022,TEX,AL,millebr02,81
2022,TEX,AL,millety01,4
2022,TEX,AL,moorema02,63
2022,TEX,AL,ottogl01,27
2022,TEX,AL,pattosp01,7
2022,TEX,AL,perezma02,32
2022,TEX,AL,plaweke01,64
2022,TEX,AL,raganco01,9
2022,TEX,AL,reksza01,16
2022,TEX,AL,richaga01,32
2022,TEX,AL,rodriye01,1
2022,TEX,AL,santade01,63
2022,TEX,AL,sborzjo01,19
2022,TEX,AL,seageco01,151
2022,TEX,AL,semiema01,161
2022,TEX,AL,smithjo09,73
2022,TEX,AL,snydeni01,2
2022,TEX,AL,solakni01,35
2022,TEX,AL,taverle01,99
2022,TEX,AL,thompbu01,55
2022,TEX,AL,tinocje01,17
2022,TEX,AL,vilorme01,26
2022,TEX,AL,walkest01,5
2022,TEX,AL,whiteel04,47
2022,TOR,AL,andersh01,1
2022,TOR,AL,bandaan01,32
2022,TOR,AL,bassan01,73
2022,TOR,AL,beaslje01,9
2022,TOR,AL,berrijo01,32
2022,TOR,AL,bichebo01,159
2022,TOR,AL,biggica01,97
2022,TOR,AL,borucry01,32
2022,TOR,AL,bradlja02,132
2022,TOR,AL,capravi01,8
2022,TOR,AL,castima03,14
2022,TOR,AL,chapmma01,155
2022,TOR,AL,cimbead01,77
2022,TOR,AL,colliza01,36
2022,TOR,AL,espinsa01,135
2022,TOR,AL,francbo01,1
2022,TOR,AL,gagema01,11
2022,TOR,AL,garciyi01,61
2022,TOR,AL,gausmke01,31
2022,TOR,AL,grifffo01,6
2022,TOR,AL,guerrvl02,160
2022,TOR,AL,gurrilo01,121
2022,TOR,AL,hatchto01,1
2022,TOR,AL,heinety01,62
2022,TOR,AL,hernate01,131
2022,TOR,AL,janseda01,72
2022,TOR,AL,katohgo01,8
2022,TOR,AL,kayan01,1
2022,TOR,AL,kikucyu01,32
2022,TOR,AL,kirkal01,139
2022,TOR,AL,lawreca01,6
2022,TOR,AL,lopezot01,8
2022,TOR,AL,manoaal01,31
2022,TOR,AL,mayzati01,63
2022,TOR,AL,merriwh01,139
2022,TOR,AL,merryju01,26
2022,TOR,AL,morenga01,25
2022,TOR,AL,phelpda01,65
2022,TOR,AL,popza01,36
2022,TOR,AL,richatr01,62
2022,TOR,AL,romanjo03,63
2022,TOR,AL,romose01,23
2022,TOR,AL,ryuhy01,6
2022,TOR,AL,sauceta01,4
2022,TOR,AL,springe01,133
2022,TOR,AL,stripro01,32
2022,TOR,AL,tapiara01,128
2022,TOR,AL,thorntr01,32
2022,TOR,AL,vasquan02,10
2022,TOR,AL,whitemi03,25
2022,TOR,AL,zimmebr01,109
2022,MIN,AL,alcaljo01,2
2022,MIN,AL,archech01,25
2022,MIN,AL,arraelu01,144
2022,MIN,AL,beckhti01,12
2022,MIN,AL,bundydy01,29
2022,MIN,AL,buxtoby01,92
2022,MIN,AL,canoye01,13
2022,MIN,AL,caveja01,54
2022,MIN,AL,celesgi01,122
2022,MIN,AL,contrma01,28
2022,MIN,AL,correca01,136
2022,MIN,AL,cottojh01,30
2022,MIN,AL,couloda01,10
2022,MIN,AL,davisau01,52
2022,MIN,AL,duffety01,40
2022,MIN,AL,duranjh01,57
2022,MIN,AL,fulmemi01,67
2022,MIN,AL,garliky01,66
2022,MIN,AL,godoyjo01,10
2022,MIN,AL,gonzach01,7
2022,MIN,AL,gordoni01,138
2022,MIN,AL,grayso01,24
2022,MIN,AL,hamilbi02,37
2022,MIN,AL,hamilca01,22
2022,MIN,AL,hamilia01,1
2022,MIN,AL,henriro01,3
2022,MIN,AL,jaxgr01,65
2022,MIN,AL,jeffery01,67
2022,MIN,AL,keplema01,115
2022,MIN,AL,kirilal01,45
2022,MIN,AL,larnatr01,51
2022,MIN,AL,leonsa01,34
2022,MIN,AL,lewisro02,12
2022,MIN,AL,lopezjo02,67
2022,MIN,AL,mahlety01,23
2022,MIN,AL,megiltr01,40
2022,MIN,AL,minayju01,6
2022,MIN,AL,miranjo01,125
2022,MIN,AL,moranjo01,31
2022,MIN,AL,oberba01,11
2022,MIN,AL,paddach01,5
2022,MIN,AL,paganem01,59
2022,MIN,AL,palacje01,30
2022,MIN,AL,polanjo01,104
2022,MIN,AL,rodride01,2
2022,MIN,AL,romerjh01,4
2022,MIN,AL,ryanjo04,27
2022,MIN,AL,sanchaa01,15
2022,MIN,AL,sanchga02,128
2022,MIN,AL,sandsco01,11
2022,MIN,AL,sanomi01,20
2022,MIN,AL,smeltde01,15
2022,MIN,AL,smithjo05,34
2022,MIN,AL,stashco01,11
2022,MIN,AL,thielca01,67
2022,MIN,AL,thornty01,14
2022,MIN,AL,urshegi01,144
2022,MIN,AL,varlalo01,5
2022,MIN,AL,wallnma01,18
2022,MIN,AL,windejo01,15
2022,MIN,AL,woodssi01,1
2022,PHI,NL,alvarjo03,59
2022,PHI,NL,appelma01,6
2022,PHI,NL,bellaan01,59
2022,PHI,NL,bohmal01,152
2022,PHI,NL,brogdco01,47
2022,PHI,NL,camarjo01,52
2022,PHI,NL,casteni01,136
2022,PHI,NL,coonrsa01,12
2022,PHI,NL,cyrty01,12
2022,PHI,NL,devench02,13
2022,PHI,NL,dominse01,54
2022,PHI,NL,duronni01,1
2022,PHI,NL,eflinza01,20
2022,PHI,NL,falteba01,20
2022,PHI,NL,familje01,48
2022,PHI,NL,gibsoky01,31
2022,PHI,NL,gregodi01,63
2022,PHI,NL,guthrda01,14
2022,PHI,NL,hallda02,42
2022,PHI,NL,handbr01,55
2022,PHI,NL,harpebr03,99
2022,PHI,NL,herreod01,62
2022,PHI,NL,hoskirh01,156
2022,PHI,NL,jonesda07,4
2022,PHI,NL,kellymi03,4
2022,PHI,NL,kingesc01,1
2022,PHI,NL,knebeco01,46
2022,PHI,NL,marshbr02,134
2022,PHI,NL,matonni01,35
2022,PHI,NL,mercaos01,55
2022,PHI,NL,moniami01,37
2022,PHI,NL,moralfr02,3
2022,PHI,NL,munozya01,29
2022,PHI,NL,muzzisi01,9
2022,PHI,NL,nelsoni01,47
2022,PHI,NL,nittovi01,2
2022,PHI,NL,nolaaa01,32
2022,PHI,NL,norwoja01,20
2022,PHI,NL,plassmi01,2
2022,PHI,NL,quinnro01,44
2022,PHI,NL,realmjt01,139
2022,PHI,NL,roberda08,58
2022,PHI,NL,romerjo01,17
2022,PHI,NL,rossmbu01,1
2022,PHI,NL,sanchcr01,15
2022,PHI,NL,sandsdo01,3
2022,PHI,NL,schwaky01,155
2022,PHI,NL,segurje01,98
2022,PHI,NL,sosaed01,78
2022,PHI,NL,stottbr01,127
2022,PHI,NL,stubbga01,50
2022,PHI,NL,suarera01,29
2022,PHI,NL,syndeno01,25
2022,PHI,NL,vierlma01,117
2022,PHI,NL,wheelza01,26
2022,PHI,NL,zimmebr01,109
2022,ATL,NL,acunaro01,119
2022,ATL,NL,adriaeh01,37
2022,ATL,NL,albieoz01,64
2022,ATL,NL,anderia01,22
2022,ATL,NL,arciaor01,68
2022,ATL,NL,bannory01,5
2022,ATL,NL,brachsi01,3
2022,ATL,NL,canoro01,33
2022,ATL,NL,chaveje01,60
2022,ATL,NL,contrwi02,97
2022,ATL,NL,cruzje01,7
2022,ATL,NL,davidtu01,12
2022,ATL,NL,demertr01,26
2022,ATL,NL,dickeal01,13
2022,ATL,NL,duvalad01,86
2022,ATL,NL,elderbr01,10
2022,ATL,NL,fordmi01,50
2022,ATL,NL,friedma01,30
2022,ATL,NL,gosseph01,34
2022,ATL,NL,grissva01,41
2022,ATL,NL,grossro01,129
2022,ATL,NL,harrimi04,114
2022,ATL,NL,heredgu01,74
2022,ATL,NL,iglesra01,67
2022,ATL,NL,jacksja01,2
2022,ATL,NL,janseke01,65
2022,ATL,NL,leedy01,46
2022,ATL,NL,matzety01,42
2022,ATL,NL,mchugco01,58
2022,ATL,NL,minteaj01,75
2022,ATL,NL,mortoch02,31
2022,ATL,NL,mulleky01,3
2022,ATL,NL,newcose01,20
2022,ATL,NL,odayda01,28
2022,ATL,NL,odorija01,22
2022,ATL,NL,olsonma02,162
2022,ATL,NL,ozunama01,124
2022,ATL,NL,pinama01,5
2022,ATL,NL,rileyau01,159
2022,ATL,NL,rosared01,80
2022,ATL,NL,smithwi04,65
2022,ATL,NL,stephja01,39
2022,ATL,NL,stridsp01,31
2022,ATL,NL,swansda01,162
2022,ATL,NL,tarnofr01,1
2022,ATL,NL,thornty01,14
2022,ATL,NL,trompch01,1
2022,ATL,NL,woodswi01,2
2022,ATL,NL,wrighky01,30
2022,ATL,NL,yateski01,9
2022,ATL,NL,ynoahu01,2
2022,ATL,NL,youngda02,3
2022,ATL,NL,darnatr01,107
2022,CHA,AL,abreujo02,157
2022,CHA,AL,anderti01,79
2022,CHA,AL,andruel01,149
2022,CHA,AL,banksta01,35
2022,CHA,AL,bummeaa01,32
2022,CHA,AL,burgeja01,51
2022,CHA,AL,burrry01,8
2022,CHA,AL,ceasedy01,32
2022,CHA,AL,crickky01,14
2022,CHA,AL,cuetojo01,25
2022,CHA,AL,diekmja01,70
2022,CHA,AL,engelad01,119
2022,CHA,AL,fostema01,48
2022,CHA,AL,garcile02,97
2022,CHA,AL,giolilu01,30
2022,CHA,AL,gonzaro01,32
2022,CHA,AL,grandya01,99
2022,CHA,AL,graveke01,65
2022,CHA,AL,haselad01,14
2022,CHA,AL,hendrli01,58
2022,CHA,AL,jimenel02,84
2022,CHA,AL,kellyjo05,43
2022,CHA,AL,keuchda01,14
2022,CHA,AL,kopecmi01,25
2022,CHA,AL,lambeji01,42
2022,CHA,AL,lopezre01,61
2022,CHA,AL,lynnla01,21
2022,CHA,AL,martida03,14
2022,CHA,AL,mcguire01,89
2022,CHA,AL,mendida01,31
2022,CHA,AL,moncayo01,104
2022,CHA,AL,paytoma01,8
2022,CHA,AL,perezca03,7
2022,CHA,AL,polloaj01,138
2022,CHA,AL,roberlu01,98
2022,CHA,AL,ruizjo01,63
2022,CHA,AL,severan01,6
2022,CHA,AL,sheetga01,124
2022,CHA,AL,sosale01,11
2022,CHA,AL,sousabe01,25
2022,CHA,AL,vaughan01,134
2022,CHA,AL,velasvi01,27
2022,CHA,AL,zavalse01,61
2022,MIA,NL,aguilje01,129
2022,MIA,NL,alcansa01,32
2022,MIA,NL,anderbr06,98
2022,MIA,NL,armstsh01,50
2022,MIA,NL,astudwi01,21
2022,MIA,NL,bassan01,73
2022,MIA,NL,bendean01,22
2022,MIA,NL,bertijo01,102
2022,MIA,NL,bledajj01,65
2022,MIA,NL,bleieri01,55
2022,MIA,NL,brazohu01,27
2022,MIA,NL,brighje01,16
2022,MIA,NL,burdipe01,32
2022,MIA,NL,cabreed02,14
2022,MIA,NL,castada01,10
2022,MIA,NL,chishja01,60
2022,MIA,NL,coopega03,119
2022,MIA,NL,delacbr01,115
2022,MIA,NL,diazle01,58
2022,MIA,NL,dunanjo01,3
2022,MIA,NL,encarje01,23
2022,MIA,NL,fishmja01,7
2022,MIA,NL,florody01,56
2022,MIA,NL,forteni01,72
2022,MIA,NL,garciav01,98
2022,MIA,NL,garrebr01,17
2022,MIA,NL,gonzaer01,16
2022,MIA,NL,groshjo01,17
2022,MIA,NL,hamilbi02,37
2022,MIA,NL,headlo01,28
2022,MIA,NL,henrypa01,15
2022,MIA,NL,hernael01,20
2022,MIA,NL,hoeinbr01,8
2022,MIA,NL,hollojo01,1
2022,MIA,NL,ladwiaj01,1
2022,MIA,NL,leblach01,48
2022,MIA,NL,lopezpa01,32
2022,MIA,NL,luzarje01,18
2022,MIA,NL,meyerma01,2
2022,MIA,NL,nanceto01,35
2022,MIA,NL,nardian01,13
2022,MIA,NL,neideni01,1
2022,MIA,NL,okertst01,60
2022,MIA,NL,popza01,36
2022,MIA,NL,poteeco01,12
2022,MIA,NL,rogertr01,23
2022,MIA,NL,rojasmi02,140
2022,MIA,NL,sanchje02,98
2022,MIA,NL,scottta01,67
2022,MIA,NL,solerjo01,72
2022,MIA,NL,stallja01,114
2022,MIA,NL,sulseco01,39
2022,MIA,NL,wendljo01,101
2022,MIA,NL,willilu01,79
2022,MIA,NL,yacabji01,14
2022,MIA,NL,zabalan01,2
2022,NYA,AL,abreual01,33
2022,NYA,AL,andujmi01,36
2022,NYA,AL,baderha01,86
2022,NYA,AL,bandaan01,32
2022,NYA,AL,banuema01,35
2022,NYA,AL,bardlu01,9
2022,NYA,AL,barneja01,23
2022,NYA,AL,beninan01,126
2022,NYA,AL,brantro01,1
2022,NYA,AL,brittza01,3
2022,NYA,AL,cabreos01,44
2022,NYA,AL,carpema01,47
2022,NYA,AL,castrmi01,34
2022,NYA,AL,chapmar01,43
2022,NYA,AL,colege01,33
2022,NYA,AL,cortene01,28
2022,NYA,AL,donaljo02,132
2022,NYA,AL,effrosc01,60
2022,NYA,AL,flories01,17
2022,NYA,AL,gallojo01,126
2022,NYA,AL,germado01,15
2022,NYA,AL,gillu01,1
2022,NYA,AL,gonzach01,7
2022,NYA,AL,gonzama01,86
2022,NYA,AL,greench03,14
2022,NYA,AL,greensh02,2
2022,NYA,AL,guzmaro01,3
2022,NYA,AL,hicksaa01,130
2022,NYA,AL,higasky01,83
2022,NYA,AL,holmecl01,62
2022,NYA,AL,judgeaa01,157
2022,NYA,AL,kineris01,142
2022,NYA,AL,kingmi01,34
2022,NYA,AL,lemahdj01,125
2022,NYA,AL,loaisjo01,50
2022,NYA,AL,locasti01,38
2022,NYA,AL,luetglu01,50
2022,NYA,AL,marinro01,40
2022,NYA,AL,mckayda02,4
2022,NYA,AL,montafr01,27
2022,NYA,AL,montgjo01,32
2022,NYA,AL,peralwa01,56
2022,NYA,AL,perazos02,18
2022,NYA,AL,rizzoan01,130
2022,NYA,AL,schmicl01,29
2022,NYA,AL,searsjp01,17
2022,NYA,AL,severlu01,19
2022,NYA,AL,stantmi03,110
2022,NYA,AL,taillja01,32
2022,NYA,AL,torregl01,140
2022,NYA,AL,trevijo01,115
2022,NYA,AL,trivilo01,64
2022,NYA,AL,weberry01,5
2022,NYA,AL,weissgr01,12
2022,MIL,NL,adamewi01,139
2022,MIL,NL,alexaja01,18
2022,MIL,NL,ashbyaa01,27
2022,MIL,NL,barkelu01,3
2022,MIL,NL,boxbebr01,70
2022,MIL,NL,brossmi01,70
2022,MIL,NL,burneco01,33
2022,MIL,NL,bushma01,65
2022,MIL,NL,cainlo01,43
2022,MIL,NL,caratvi01,96
2022,MIL,NL,cousija01,12
2022,MIL,NL,davisjo05,37
2022,MIL,NL,felicma01,2
2022,MIL,NL,gonzach01,7
2022,MIL,NL,gotttr01,45
2022,MIL,NL,gustaja01,27
2022,MIL,NL,haderjo01,56
2022,MIL,NL,hiurake01,80
2022,MIL,NL,housead01,22
2022,MIL,NL,jacksal02,5
2022,MIL,NL,kelletr01,18
2022,MIL,NL,lauerer01,29
2022,MIL,NL,mathima01,30
2022,MIL,NL,mccutan01,134
2022,MIL,NL,mcgeeja01,42
2022,MIL,NL,mejiaje02,2
2022,MIL,NL,milneho01,67
2022,MIL,NL,mitchga01,28
2022,MIL,NL,narvaom01,84
2022,MIL,NL,peralfr01,18
2022,MIL,NL,perdolu02,14
2022,MIL,NL,peterja01,113
2022,MIL,NL,renfrhu01,125
2022,MIL,NL,reyespa01,6
2022,MIL,NL,rogerta01,66
2022,MIL,NL,ruizes01,17
2022,MIL,NL,sadzeco01,2
2022,MIL,NL,sanchmi01,12
2022,MIL,NL,severpe01,8
2022,MIL,NL,smallet01,2
2022,MIL,NL,strzepe01,30
2022,MIL,NL,suterbr01,54
2022,MIL,NL,tayloty01,120
2022,MIL,NL,tellero01,153
2022,MIL,NL,topaju01,7
2022,MIL,NL,urenajo01,21
2022,MIL,NL,uriaslu01,119
2022,MIL,NL,willide03,65
2022,MIL,NL,wongko01,134
2022,MIL,NL,woodrbr01,27
2022,MIL,NL,yelicch01,154
2022,ANA,AL,adelljo01,88
2022,ANA,AL,aguilry01,7
2022,ANA,AL,barraky01,8
2022,ANA,AL,barrija01,35
2022,ANA,AL,bradlar01,21
2022,ANA,AL,chaveje01,60
2022,ANA,AL,davidtu01,12
2022,ANA,AL,detmere01,25
2022,ANA,AL,diazjh01,4
2022,ANA,AL,duffyma01,77
2022,ANA,AL,duggast01,29
2022,ANA,AL,fletcda02,61
2022,ANA,AL,fordmi01,50
2022,ANA,AL,gosseph01,34
2022,ANA,AL,harrimo01,9
2022,ANA,AL,hergeji01,49
2022,ANA,AL,iglesra01,67
2022,ANA,AL,junkja01,3
2022,ANA,AL,lagarju01,20
2022,ANA,AL,lorenmi01,18
2022,ANA,AL,loupaa01,65
2022,ANA,AL,mackida01,22
2022,ANA,AL,marshbr02,134
2022,ANA,AL,martejo01,11
2022,ANA,AL,mayermi01,24
2022,ANA,AL,mayfija01,23
2022,ANA,AL,moniami01,37
2022,ANA,AL,moranbr01,1
2022,ANA,AL,ohopplo01,5
2022,ANA,AL,ohtansh01,157
2022,ANA,AL,ortegol01,27
2022,ANA,AL,pegueel01,13
2022,ANA,AL,quijajo01,42
2022,ANA,AL,rendoan01,47
2022,ANA,AL,rengilu01,127
2022,ANA,AL,reyesge01,2
2022,ANA,AL,rojasjo02,22
2022,ANA,AL,rominau01,51
2022,ANA,AL,rosenke01,3
2022,ANA,AL,sandopa02,27
2022,ANA,AL,sierrma01,45
2022,ANA,AL,silsech01,7
2022,ANA,AL,sotoli01,18
2022,ANA,AL,stassma01,102
2022,ANA,AL,stefami01,25
2022,ANA,AL,suarejo01,22
2022,ANA,AL,suzukku01,51
2022,ANA,AL,syndeno01,25
2022,ANA,AL,teperry01,59
2022,ANA,AL,thaisma01,29
2022,ANA,AL,thomadi01,8
2022,ANA,AL,toussto01,8
2022,ANA,AL,troutmi01,119
2022,ANA,AL,valdece01,1
2022,ANA,AL,velazan01,125
2022,ANA,AL,villajo01,59
2022,ANA,AL,wadety01,67
2022,ANA,AL,wallach01,12
2022,ANA,AL,walshja01,118
2022,ANA,AL,waltena01,1
2022,ANA,AL,wantzan01,42
2022,ANA,AL,wardta01,135
2022,ANA,AL,warreau01,14
2022,ANA,AL,weissza01,12
2022,ANA,AL,whiteaa01,5
2022,ANA,AL,zastrro01,6
2022,ARI,NL,ahmedni01,17
2022,ARI,NL,alcanse01,93
2022,ARI,NL,beerse01,38
2022,ARI,NL,bumgama01,30
2022,ARI,NL,carroco02,32
2022,ARI,NL,castehu01,11
2022,ARI,NL,davidma02,13
2022,ARI,NL,davieza01,27
2022,ARI,NL,devench02,13
2022,ARI,NL,difowi01,3
2022,ARI,NL,ellisdr01,7
2022,ARI,NL,friaslu01,15
2022,ARI,NL,frypa01,13
2022,ARI,NL,galleza01,31
2022,ARI,NL,garrest01,27
2022,ARI,NL,gilbety01,8
2022,ARI,NL,ginkeke01,30
2022,ARI,NL,greingr01,2
2022,ARI,NL,hagerja01,28
2022,ARI,NL,henryto01,9
2022,ARI,NL,hernayo02,12
2022,ARI,NL,herrejo04,47
2022,ARI,NL,holtoty01,10
2022,ARI,NL,hummeco01,66
2022,ARI,NL,jamesdr01,4
2022,ARI,NL,kellyca02,104
2022,ARI,NL,kellyme01,33
2022,ARI,NL,kennebu01,30
2022,ARI,NL,kenneia01,57
2022,ARI,NL,keuchda01,14
2022,ARI,NL,luplojo01,83
2022,ARI,NL,mantijo01,69
2022,ARI,NL,marteke01,137
2022,ARI,NL,martico02,7
2022,ARI,NL,mccarja02,99
2022,ARI,NL,melanma01,62
2022,ARI,NL,middlke01,18
2022,ARI,NL,moronre01,39
2022,ARI,NL,nelsoky01,43
2022,ARI,NL,nelsory01,3
2022,ARI,NL,peacoma01,9
2022,ARI,NL,peralda01,134
2022,ARI,NL,perdoge01,148
2022,ARI,NL,perezol01,7
2022,ARI,NL,poppese01,29
2022,ARI,NL,ramirno01,55
2022,ARI,NL,riverem01,102
2022,ARI,NL,rojasjo01,125
2022,ARI,NL,smithca03,44
2022,ARI,NL,smithpa04,75
2022,ARI,NL,thomaal01,113
2022,ARI,NL,ucetaed01,10
2022,ARI,NL,varshda01,151
2022,ARI,NL,walkech02,160
2022,ARI,NL,weavelu01,26
2022,ARI,NL,wendejb01,29
2022,ARI,NL,widenta01,14
2022,BAL,AL,aguilje01,129
2022,BAL,AL,akinke01,45
2022,BAL,AL,allenlo01,7
2022,BAL,AL,arauzjo01,15
2022,BAL,AL,bakerbr01,66
2022,BAL,AL,bannory01,5
2022,BAL,AL,baumami01,13
2022,BAL,AL,bautife01,65
2022,BAL,AL,bemboan01,22
2022,BAL,AL,bradiky01,23
2022,BAL,AL,canoye01,13
2022,BAL,AL,chiriro01,67
2022,BAL,AL,diazyu01,1
2022,BAL,AL,diplama01,5
2022,BAL,AL,ellisch01,2
2022,BAL,AL,frypa01,13
2022,BAL,AL,garciri01,6
2022,BAL,AL,gillalo01,17
2022,BAL,AL,gutieke01,12
2022,BAL,AL,halldl01,11
2022,BAL,AL,haysau01,145
2022,BAL,AL,headlo01,28
2022,BAL,AL,hendegu01,34
2022,BAL,AL,krehbjo01,56
2022,BAL,AL,kremede01,22
2022,BAL,AL,lakintr01,6
2022,BAL,AL,lopezjo02,67
2022,BAL,AL,lowthza01,1
2022,BAL,AL,lylesjo01,32
2022,BAL,AL,mancitr01,143
2022,BAL,AL,martiri01,13
2022,BAL,AL,mateojo01,150
2022,BAL,AL,mckenry01,105
2022,BAL,AL,meansjo01,2
2022,BAL,AL,mountry01,145
2022,BAL,AL,mullice01,156
2022,BAL,AL,nevinty01,58
2022,BAL,AL,odorro01,135
2022,BAL,AL,owingch01,27
2022,BAL,AL,perezci01,66
2022,BAL,AL,phillbr02,83
2022,BAL,AL,reedja02,18
2022,BAL,AL,reyesde02,3
2022,BAL,AL,rutscad01,113
2022,BAL,AL,santaan02,152
2022,BAL,AL,sedloco01,1
2022,BAL,AL,stewadj01,3
2022,BAL,AL,stoweky01,34
2022,BAL,AL,sulsebe01,10
2022,BAL,AL,tatedi01,67
2022,BAL,AL,uriasra01,118
2022,BAL,AL,vavrate01,40
2022,BAL,AL,vespini01,25
2022,BAL,AL,vothau01,41
2022,BAL,AL,watkisp01,23
2022,BAL,AL,wellsal01,2
2022,BAL,AL,wellsty01,23
2022,BAL,AL,zimmebr02,15
2022,BOS,AL,almonab01,15
2022,BOS,AL,arauzjo01,15
2022,BOS,AL,arroych01,87
2022,BOS,AL,barnema01,44
2022,BOS,AL,bazared01,12
2022,BOS,AL,bellobr01,13
2022,BOS,AL,bogaexa01,150
2022,BOS,AL,bradlja02,132
2022,BOS,AL,brasiry01,68
2022,BOS,AL,casastr01,27
2022,BOS,AL,changyu01,69
2022,BOS,AL,cordefr02,84
2022,BOS,AL,crawfku01,21
2022,BOS,AL,dalbebo01,117
2022,BOS,AL,danisty01,32
2022,BOS,AL,davisau01,52
2022,BOS,AL,davisja03,12
2022,BOS,AL,deverra01,141
2022,BOS,AL,diekmja01,70
2022,BOS,AL,downsje01,14
2022,BOS,AL,duranja01,58
2022,BOS,AL,eovalna01,20
2022,BOS,AL,familje01,48
2022,BOS,AL,felizmi01,1
2022,BOS,AL,germafr02,5
2022,BOS,AL,hernada02,7
2022,BOS,AL,hernaen02,93
2022,BOS,AL,hillri01,26
2022,BOS,AL,hosmeer01,104
2022,BOS,AL,houckta01,32
2022,BOS,AL,kellyza01,13
2022,BOS,AL,martijd02,139
2022,BOS,AL,mcguire01,89
2022,BOS,AL,ortka01,25
2022,BOS,AL,phamth01,144
2022,BOS,AL,pivetni01,33
2022,BOS,AL,plaweke01,64
2022,BOS,AL,refsnro01,57
2022,BOS,AL,robleha01,26
2022,BOS,AL,salech01,2
2022,BOS,AL,sanchca01,17
2022,BOS,AL,sawamhi01,49
2022,BOS,AL,schrejo01,64
2022,BOS,AL,seaboco01,5
2022,BOS,AL,shawtr01,7
2022,BOS,AL,storytr01,94
2022,BOS,AL,strahma01,50
2022,BOS,AL,valdeph01,13
2022,BOS,AL,vazquch01,119
2022,BOS,AL,verdual01,152
2022,BOS,AL,wachami01,23
2022,BOS,AL,whitlga01,31
2022,BOS,AL,winckjo01,15
2022,BOS,AL,wongco01,27
2022,CHN,NL,alzolad01,6
2022,CHN,NL,assadja01,9
2022,CHN,NL,boteda01,41
2022,CHN,NL,braulst01,9
2022,CHN,NL,castrke01,10
2022,CHN,NL,chaveje01,60
2022,CHN,NL,contrwi01,113
2022,CHN,NL,crookna01,4
2022,CHN,NL,dermoma01,1
2022,CHN,NL,effrosc01,60
2022,CHN,NL,espinan01,7
2022,CHN,NL,estraje01,5
2022,CHN,NL,farrelu01,6
2022,CHN,NL,frazicl01,19
2022,CHN,NL,givenmy01,59
2022,CHN,NL,gomesya01,86
2022,CHN,NL,gsellro01,8
2022,CHN,NL,happia01,158
2022,CHN,NL,hendrky01,16
2022,CHN,NL,hermomi01,31
2022,CHN,NL,heywaja01,48
2022,CHN,NL,higgipj01,74
2022,CHN,NL,hoernni01,135
2022,CHN,NL,hughebr01,57
2022,CHN,NL,kiliaca01,3
2022,CHN,NL,leitema02,35
2022,CHN,NL,littlbr02,1
2022,CHN,NL,madrini01,59
2022,CHN,NL,martich02,60
2022,CHN,NL,mckinza01,57
2022,CHN,NL,menezco01,1
2022,CHN,NL,mileywa01,9
2022,CHN,NL,millsal02,7
2022,CHN,NL,morelch01,113
2022,CHN,NL,newcose01,20
2022,CHN,NL,norrida01,41
2022,CHN,NL,ortegra01,118
2022,CHN,NL,padilni01,1
2022,CHN,NL,quiroes01,14
2022,CHN,NL,reyesfr01,118
2022,CHN,NL,rivasal01,101
2022,CHN,NL,roberet01,9
2022,CHN,NL,roberda08,58
2022,CHN,NL,rodrima01,14
2022,CHN,NL,ruckemi01,41
2022,CHN,NL,sampsad01,21
2022,CHN,NL,schwifr01,75
2022,CHN,NL,simmoan01,35
2022,CHN,NL,smylydr01,22
2022,CHN,NL,stjohlo01,1
2022,CHN,NL,steelju01,24
2022,CHN,NL,stouter01,20
2022,CHN,NL,stromma01,25
2022,CHN,NL,suzukse01,111
2022,CHN,NL,swarmma01,11
2022,CHN,NL,thompke02,29
2022,CHN,NL,uelmeer01,25
2022,CHN,NL,vargail01,63
2022,CHN,NL,velazne01,77
2022,CHN,NL,villajo01,59
2022,CHN,NL,wesneha01,6
2022,CHN,NL,wickro01,64
2022,CHN,NL,wisdopa01,134
2022,CHN,NL,youngja02,6
2022,CIN,NL,almoral01,64
2022,CIN,NL,anderch01,9
2022,CIN,NL,aquinar01,80
2022,CIN,NL,ashcrgr01,19
2022,CIN,NL,garcijo02,48
2022,CIN,NL,castilu02,25
2022,CIN,NL,cessalu01,46
2022,CIN,NL,cruzfe01,14
2022,CIN,NL,dawsoro01,1
2022,CIN,NL,detwiro01,30
2022,CIN,NL,diazal03,59
2022,CIN,NL,diehlph01,5
2022,CIN,NL,dowdyky01,2
2022,CIN,NL,drurybr01,138
2022,CIN,NL,duartda01,3
2022,CIN,NL,duggero01,4
2022,CIN,NL,dunnju01,7
2022,CIN,NL,espinra01,2
2022,CIN,NL,faircst01,46
2022,CIN,NL,farmebu01,44
2022,CIN,NL,farmeky01,145
2022,CIN,NL,farrelu01,6
2022,CIN,NL,fraleja01,68
2022,CIN,NL,garciar01,47
2022,CIN,NL,gibauia01,34
2022,CIN,NL,greenhu01,24
2022,CIN,NL,gutievl01,10
2022,CIN,NL,hendrry01,9
2022,CIN,NL,hoffmje02,35
2022,CIN,NL,indiajo01,103
2022,CIN,NL,kolozma01,10
2022,CIN,NL,kuhnejo01,53
2022,CIN,NL,lawde01,17
2022,CIN,NL,lodolni01,19
2022,CIN,NL,lopezal03,61
2022,CIN,NL,mahlety01,23
2022,CIN,NL,minormi01,19
2022,CIN,NL,moranco01,42
2022,CIN,NL,moretda01,35
2022,CIN,NL,motteta01,2
2022,CIN,NL,moustmi01,78
2022,CIN,NL,naquity01,105
2022,CIN,NL,okeych01,7
2022,CIN,NL,overtco01,6
2022,CIN,NL,papiemi01,39
2022,CIN,NL,phamth01,144
2022,CIN,NL,reynoma03,93
2022,CIN,NL,riddljt01,2
2022,CIN,NL,robinch03,25
2022,CIN,NL,rominau01,51
2022,CIN,NL,sanmare01,45
2022,CIN,NL,santito01,21
2022,CIN,NL,schroma01,13
2022,CIN,NL,senzeni01,110
2022,CIN,NL,sianimi01,9
2022,CIN,NL,simslu01,6
2022,CIN,NL,solando01,80
2022,CIN,NL,solomja01,9
2022,CIN,NL,steersp01,28
2022,CIN,NL,stephty01,50
2022,CIN,NL,strichu01,66
2022,CIN,NL,vottojo01,91
2022,CIN,NL,warrear01,39
2022,CIN,NL,wilsoju10,5
2022,CIN,NL,zeuchtj01,3
2022,CLE,AL,allenlo01,7
2022,CLE,AL,ariasga01,16
2022,CLE,AL,bensowi01,28
2022,CLE,AL,biebesh01,31
2022,CLE,AL,bradlbo01,8
2022,CLE,AL,brennwi02,11
2022,CLE,AL,callal01,47
2022,CLE,AL,castran02,12
2022,CLE,AL,changyu01,69
2022,CLE,AL,civalaa01,20
2022,CLE,AL,claseem01,77
2022,CLE,AL,clemeer01,70
2022,CLE,AL,curryxz01,2
2022,CLE,AL,delosen01,50
2022,CLE,AL,freemty01,24
2022,CLE,AL,gaddihu01,2
2022,CLE,AL,gibauia01,34
2022,CLE,AL,gimenan01,146
2022,CLE,AL,gonzaos01,91
2022,CLE,AL,gosean01,22
2022,CLE,AL,hedgeau01,105
2022,CLE,AL,hentgsa01,57
2022,CLE,AL,jonesno01,28
2022,CLE,AL,karinja01,38
2022,CLE,AL,kwanst01,147
2022,CLE,AL,lavasbr01,6
2022,CLE,AL,leonsa01,34
2022,CLE,AL,mailelu01,76
2022,CLE,AL,mccarki01,13
2022,CLE,AL,mckentr01,31
2022,CLE,AL,mercaos01,55
2022,CLE,AL,milleow01,130
2022,CLE,AL,morgael01,50
2022,CLE,AL,morrico01,7
2022,CLE,AL,naylobo01,5
2022,CLE,AL,naylojo01,122
2022,CLE,AL,palacri01,54
2022,CLE,AL,pilkiko01,15
2022,CLE,AL,plesaza01,25
2022,CLE,AL,quantca01,32
2022,CLE,AL,ramirjo01,157
2022,CLE,AL,ramiryo01,30
2022,CLE,AL,reyesfr01,118
2022,CLE,AL,rosaram01,153
2022,CLE,AL,sandlni01,46
2022,CLE,AL,shawbr01,60
2022,CLE,AL,stephtr01,66
2022,CLE,AL,strawmy01,152
2022,CLE,AL,tullyta01,3
2022,CLE,AL,youngal01,25
2022,COL,NL,bardda01,57
2022,COL,NL,bernawy01,12
2022,COL,NL,birdja01,38
2022,COL,NL,blachty01,24
2022,COL,NL,blackch02,135
2022,COL,NL,bouchse01,27
2022,COL,NL,bryankr01,42
2022,COL,NL,chacijh01,35
2022,COL,NL,colomal01,53
2022,COL,NL,croncj01,150
2022,COL,NL,davisno01,1
2022,COL,NL,dazayo01,113
2022,COL,NL,diazel01,105
2022,COL,NL,estevca01,62
2022,COL,NL,feltnry01,20
2022,COL,NL,freelky01,31
2022,COL,NL,gilbrlu01,47
2022,COL,NL,gombeau01,33
2022,COL,NL,goudeas01,12
2022,COL,NL,grichra01,141
2022,COL,NL,hampsga01,90
2022,COL,NL,hillisa01,70
2022,COL,NL,holloga01,6
2022,COL,NL,iglesjo01,118
2022,COL,NL,joeco01,111
2022,COL,NL,kinlety01,25
2022,COL,NL,kuhlch01,27
2022,COL,NL,lametdi01,32
2022,COL,NL,lawreju01,38
2022,COL,NL,marquge01,31
2022,COL,NL,mcmahry01,153
2022,COL,NL,monteel01,53
2022,COL,NL,nunezdo01,14
2022,COL,NL,rodgebr02,137
2022,COL,NL,senzaan01,19
2022,COL,NL,servebr01,62
2022,COL,NL,sheffjo01,2
2022,COL,NL,smithch10,15
2022,COL,NL,stephro01,58
2022,COL,NL,toglimi01,31
2022,COL,NL,tovarez01,9
2022,COL,NL,trejoal01,35
2022,COL,NL,urenajo01,21
2022,DET,AL,alexaty01,27
2022,DET,AL,baddoak01,73
2022,DET,AL,baezja01,144
2022,DET,AL,barneja01,23
2022,DET,AL,barnhtu01,94
2022,DET,AL,briesbe01,15
2022,DET,AL,cabremi01,112
2022,DET,AL,camerda01,21
2022,DET,AL,candeje01,124
2022,DET,AL,carltdr01,5
2022,DET,AL,carpeke01,31
2022,DET,AL,castilu03,3
2022,DET,AL,castrha01,120
2022,DET,AL,castrwi01,112
2022,DET,AL,chafian01,64
2022,DET,AL,cisnejo01,28
2022,DET,AL,clemeko01,57
2022,DET,AL,davisbr04,3
2022,DET,AL,dejesan01,8
2022,DET,AL,diazmi02,3
2022,DET,AL,faedoal01,12
2022,DET,AL,foleyja01,60
2022,DET,AL,fulmemi01,67
2022,DET,AL,garcibr01,4
2022,DET,AL,garciro03,16
2022,DET,AL,garnedu01,8
2022,DET,AL,greenri02,93
2022,DET,AL,grossro01,129
2022,DET,AL,haaseer01,110
2022,DET,AL,hillde01,31
2022,DET,AL,hillga02,17
2022,DET,AL,hutchdr01,28
2022,DET,AL,jimenjo02,62
2022,DET,AL,kreidry01,26
2022,DET,AL,langeal01,71
2022,DET,AL,lawde01,17
2022,DET,AL,lestejo02,2
2022,DET,AL,mannima01,13
2022,DET,AL,meadoau01,36
2022,DET,AL,mizeca01,2
2022,DET,AL,norrida01,41
2022,DET,AL,peralwi01,28
2022,DET,AL,pinedmi01,11
2022,DET,AL,reyesvi01,92
2022,DET,AL,rodried05,17
2022,DET,AL,rodriel02,7
2022,DET,AL,schoojo01,131
2022,DET,AL,shortza01,6
2022,DET,AL,skubata01,21
2022,DET,AL,sotogr01,64
2022,DET,AL,torkesp01,110
2022,DET,AL,vestwi01,59
2022,DET,AL,wentzjo01,7
2022,HOU,AL,abreubr01,55
2022,HOU,AL,altuvjo01,141
2022,HOU,AL,alvaryo01,135
2022,HOU,AL,baezpe01,3
2022,HOU,AL,bielabr01,5
2022,HOU,AL,blancro01,7
2022,HOU,AL,brantmi02,64
2022,HOU,AL,bregmal01,155
2022,HOU,AL,brownhu01,7
2022,HOU,AL,castrja01,34
2022,HOU,AL,diazal02,92
2022,HOU,AL,diazya02,6
2022,HOU,AL,dubonma01,104
2022,HOU,AL,garcilu05,28
2022,HOU,AL,goodrni01,15
2022,HOU,AL,gourryu01,146
2022,HOU,AL,henslda01,16
2022,HOU,AL,javiecr01,30
2022,HOU,AL,jonesta01,1
2022,HOU,AL,leeko01,12
2022,HOU,AL,maldoma01,113
2022,HOU,AL,mancitr01,143
2022,HOU,AL,martise01,29
2022,HOU,AL,matijjj01,32
2022,HOU,AL,matonph01,67
2022,HOU,AL,mccorch01,119
2022,HOU,AL,mcculla02,8
2022,HOU,AL,meyerja02,52
2022,HOU,AL,montera01,71
2022,HOU,AL,mushipa01,7
2022,HOU,AL,nerishe01,70
2022,HOU,AL,odorija01,22
2022,HOU,AL,pareden01,3
2022,HOU,AL,penaje02,136
2022,HOU,AL,perezjo01,1
2022,HOU,AL,pressry01,50
2022,HOU,AL,sirijo01,104
2022,HOU,AL,smithwi04,65
2022,HOU,AL,stanery01,59
2022,HOU,AL,taylobl01,19
2022,HOU,AL,tuckeky01,150
2022,HOU,AL,urquijo01,29
2022,HOU,AL,vazquch01,119
2022,HOU,AL,verlaju01,28
2022,KCA,AL,abreual01,33
2022,KCA,AL,barlosc01,69
2022,KCA,AL,beninan01,126
2022,KCA,AL,blancda02,5
2022,KCA,AL,bolanro01,8
2022,KCA,AL,brentja01,8
2022,KCA,AL,bubickr01,28
2022,KCA,AL,castima03,14
2022,KCA,AL,clarkta01,47
2022,KCA,AL,colemdy01,68
2022,KCA,AL,cuasjo01,47
2022,KCA,AL,doziehu01,129
2022,KCA,AL,eatonna01,44
2022,KCA,AL,fermifr01,3
2022,KCA,AL,gallaca01,18
2022,KCA,AL,garcima01,9
2022,KCA,AL,garream01,60
2022,KCA,AL,greinza01,26
2022,KCA,AL,grifffo01,6
2022,KCA,AL,heasljo01,21
2022,KCA,AL,hernaca04,27
2022,KCA,AL,hicklbr01,6
2022,KCA,AL,isbelky01,106
2022,KCA,AL,kellebr01,35
2022,KCA,AL,kowarja01,7
2022,KCA,AL,lopezni01,142
2022,KCA,AL,lynchda02,27
2022,KCA,AL,massemi02,52
2022,KCA,AL,melenmj01,129
2022,KCA,AL,mengdda01,5
2022,KCA,AL,merriwh01,139
2022,KCA,AL,millswy01,27
2022,KCA,AL,misiean01,32
2022,KCA,AL,mondera02,15
2022,KCA,AL,olivaed02,53
2022,KCA,AL,pasquvi01,72
2022,KCA,AL,payamjo01,41
2022,KCA,AL,peacoma01,9
2022,KCA,AL,perezsa02,114
2022,KCA,AL,prattni01,49
2022,KCA,AL,riverem01,102
2022,KCA,AL,riverse01,17
2022,KCA,AL,rookebr01,16
2022,KCA,AL,santaca01,131
2022,KCA,AL,singebr01,27
2022,KCA,AL,snideco01,42
2022,KCA,AL,speiega01,17
2022,KCA,AL,staumjo01,42
2022,KCA,AL,taylomi02,124
2022,KCA,AL,vizcaar01,7
2022,KCA,AL,waterdr01,32
2022,KCA,AL,weavelu01,26
2022,KCA,AL,wittbo02,150
2022,KCA,AL,zerpaan01,3
2022,LAN,NL,alberha01,73
2022,LAN,NL,almonye01,33
2022,LAN,NL,alvared01,14
2022,LAN,NL,anderty01,31
2022,LAN,NL,barneau01,62
2022,LAN,NL,bellico01,144
2022,LAN,NL,bettsmo01,142
2022,LAN,NL,bickfph01,60
2022,LAN,NL,bruihju01,24
2022,LAN,NL,buehlwa01,12
2022,LAN,NL,cleavga01,17
2022,LAN,NL,erlinro01,2
2022,LAN,NL,ferguca01,37
2022,LAN,NL,freemfr01,159
2022,LAN,NL,gallojo01,126
2022,LAN,NL,gonsoto01,24
2022,LAN,NL,gratebr01,46
2022,LAN,NL,greensh02,2
2022,LAN,NL,grovemi01,7
2022,LAN,NL,heanean01,16
2022,LAN,NL,hembrhe01,26
2022,LAN,NL,hudsoda01,25
2022,LAN,NL,jacksan01,4
2022,LAN,NL,kahnlto01,13
2022,LAN,NL,kershcl01,22
2022,LAN,NL,kimbrcr01,63
2022,LAN,NL,lambja01,41
2022,LAN,NL,luxga01,129
2022,LAN,NL,martich02,60
2022,LAN,NL,maydu01,6
2022,LAN,NL,mckinza01,57
2022,LAN,NL,moronre01,39
2022,LAN,NL,muncyma01,136
2022,LAN,NL,outmaja01,4
2022,LAN,NL,pepiory01,9
2022,LAN,NL,phillev01,64
2022,LAN,NL,pillake01,4
2022,LAN,NL,priceda01,40
2022,LAN,NL,reedja02,18
2022,LAN,NL,riosed01,27
2022,LAN,NL,smithwi05,137
2022,LAN,NL,tayloch03,118
2022,LAN,NL,thomptr01,80
2022,LAN,NL,treinbl01,5
2022,LAN,NL,turneju01,128
2022,LAN,NL,turnetr01,160
2022,LAN,NL,uriasju01,31
2022,LAN,NL,vargami01,18
2022,LAN,NL,vesiaal01,63
2022,LAN,NL,whitemi03,25
2022,LAN,NL,wolteto01,2
2022,WAS,NL,abbotco01,16
2022,WAS,NL,abramcj01,90
2022,WAS,NL,adamsri03,48
2022,WAS,NL,adonjo01,14
2022,WAS,NL,adriaeh01,37
2022,WAS,NL,aranovi01,43
2022,WAS,NL,barretr01,19
2022,WAS,NL,belljo02,156
2022,WAS,NL,callal01,47
2022,WAS,NL,cavalca01,1
2022,WAS,NL,cishest01,69
2022,WAS,NL,claysa01,7
2022,WAS,NL,clippty01,4
2022,WAS,NL,corbipa01,31
2022,WAS,NL,cruzne02,124
2022,WAS,NL,doolise01,6
2022,WAS,NL,edwarca01,57
2022,WAS,NL,escobal02,42
2022,WAS,NL,espinpa01,42
2022,WAS,NL,feddeer01,27
2022,WAS,NL,finneky01,66
2022,WAS,NL,foxlu01,10
2022,WAS,NL,francma02,103
2022,WAS,NL,garcilu04,93
2022,WAS,NL,garrere01,7
2022,WAS,NL,grayjo03,28
2022,WAS,NL,harvehu01,38
2022,WAS,NL,hernace02,147
2022,WAS,NL,hernaya01,94
2022,WAS,NL,leeev01,4
2022,WAS,NL,machaan02,51
2022,WAS,NL,mcgeeja01,42
2022,WAS,NL,menesjo01,56
2022,WAS,NL,murphpa02,6
2022,WAS,NL,palacjo01,29
2022,WAS,NL,perezfr01,10
2022,WAS,NL,pinedis01,4
2022,WAS,NL,raineta01,29
2022,WAS,NL,ramirer02,60
2022,WAS,NL,roblevi01,132
2022,WAS,NL,rogerjo01,16
2022,WAS,NL,romerto01,4
2022,WAS,NL,ruizke01,112
2022,WAS,NL,sanchaa01,15
2022,WAS,NL,sanchan01,14
2022,WAS,NL,sotoju01,153
2022,WAS,NL,gordode01,23
2022,WAS,NL,strasst01,1
2022,WAS,NL,tetreja01,4
2022,WAS,NL,thomala02,146
2022,WAS,NL,thompma02,24
2022,WAS,NL,vargail01,63
2022,WAS,NL,voitlu01,135
2022,WAS,NL,vothau01,41
2022,WAS,NL,weemsjo01,32
2022,NYN,NL,alonspe01,160
2022,NYN,NL,alvarfr01,5
2022,NYN,NL,alvarrj01,1
2022,NYN,NL,bassich01,30
2022,NYN,NL,batybr01,11
2022,NYN,NL,blanktr01,1
2022,NYN,NL,canhama01,140
2022,NYN,NL,canoro01,33
2022,NYN,NL,carraca01,29
2022,NYN,NL,claudal01,3
2022,NYN,NL,claysa01,7
2022,NYN,NL,davisjd01,115
2022,NYN,NL,diazed04,61
2022,NYN,NL,escobed01,136
2022,NYN,NL,fishena01,1
2022,NYN,NL,givenmy01,59
2022,NYN,NL,gorete01,10
2022,NYN,NL,guilllu01,102
2022,NYN,NL,holdeco01,24
2022,NYN,NL,hunteto02,18
2022,NYN,NL,inciaen01,11
2022,NYN,NL,jankotr01,44
2022,NYN,NL,leekh01,2
2022,NYN,NL,lindofr01,161
2022,NYN,NL,lopezyo01,8
2022,NYN,NL,lugose01,62
2022,NYN,NL,marrede01,5
2022,NYN,NL,martest01,118
2022,NYN,NL,maytr01,26
2022,NYN,NL,mazeipa01,24
2022,NYN,NL,mccanja02,61
2022,NYN,NL,mcneije01,148
2022,NYN,NL,medinad01,14
2022,NYN,NL,megilty01,15
2022,NYN,NL,montebr01,3
2022,NYN,NL,naquity01,105
2022,NYN,NL,nidoto01,98
2022,NYN,NL,nimmobr01,151
2022,NYN,NL,nogosst01,12
2022,NYN,NL,ottavad01,66
2022,NYN,NL,perezmi03,45
2022,NYN,NL,peterda01,28
2022,NYN,NL,plummni01,14
2022,NYN,NL,reedja02,18
2022,NYN,NL,reidfse01,7
2022,NYN,NL,reynoma03,93
2022,NYN,NL,rodrijo04,55
2022,NYN,NL,rufda01,119
2022,NYN,NL,sanchca01,17
2022,NYN,NL,scherma01,23
2022,NYN,NL,shrevch01,25
2022,NYN,NL,smithdo02,58
2022,NYN,NL,smithdr01,44
2022,NYN,NL,szaputh01,11
2022,NYN,NL,vientma01,16
2022,NYN,NL,vogelda01,130
2022,NYN,NL,walketa01,29
2022,NYN,NL,willitr01,30
2022,NYN,NL,zastrro01,6
2022,NYN,NL,degroja01,11
2023,OAK,AL,acevedo01,9
2023,OAK,AL,actonga01,6
2023,OAK,AL,aguilje01,36
2023,OAK,AL,allenni02,106
2023,OAK,AL,blackpa01,21
2023,OAK,AL,bledajj01,82
2023,OAK,AL,boylejo01,3
2023,OAK,AL,bridejo01,40
2023,OAK,AL,brownse01,112
2023,OAK,AL,butlela01,42
2023,OAK,AL,capelco01,32
2023,OAK,AL,diazal02,109
2023,OAK,AL,diazjo03,90
2023,OAK,AL,erceglu01,50
2023,OAK,AL,estesjo01,2
2023,OAK,AL,familje01,14
2023,OAK,AL,felipan01,14
2023,OAK,AL,fujinsh01,64
2023,OAK,AL,garciri01,10
2023,OAK,AL,gelofza01,69
2023,OAK,AL,harriho03,14
2023,OAK,AL,jacksza02,19
2023,OAK,AL,jimenda02,25
2023,OAK,AL,kaprija01,14
2023,OAK,AL,kempto01,124
2023,OAK,AL,langesh01,135
2023,OAK,AL,laurera01,105
2023,OAK,AL,longsa01,40
2023,OAK,AL,lovelri01,27
2023,OAK,AL,lucasea01,6
2023,OAK,AL,martiad01,22
2023,OAK,AL,maytr01,49
2023,OAK,AL,medinlu02,23
2023,OAK,AL,millema03,10
2023,OAK,AL,mollsa01,70
2023,OAK,AL,mulleky01,21
2023,OAK,AL,nealza01,14
2023,OAK,AL,newcose01,7
2023,OAK,AL,nodary01,128
2023,OAK,AL,ollerad01,9
2023,OAK,AL,pattosp01,12
2023,OAK,AL,perezca02,68
2023,OAK,AL,perezfr01,17
2023,OAK,AL,peterja01,134
2023,OAK,AL,pinama01,4
2023,OAK,AL,pruitau01,38
2023,OAK,AL,riosya01,3
2023,OAK,AL,rookebr01,137
2023,OAK,AL,rucindr01,4
2023,OAK,AL,ruizes01,132
2023,OAK,AL,scottta02,18
2023,OAK,AL,searsjp01,32
2023,OAK,AL,smithch10,10
2023,OAK,AL,smithke05,49
2023,OAK,AL,sneadki01,15
2023,OAK,AL,soderty01,45
2023,OAK,AL,sweetde01,7
2023,OAK,AL,tarnofr01,5
2023,OAK,AL,thomaco01,19
2023,OAK,AL,wadety01,26
2023,OAK,AL,watkisp01,1
2023,PIT,NL,andujmi01,30
2023,PIT,NL,baeji01,111
2023,PIT,NL,bednada01,66
2023,PIT,NL,bidoos01,16
2023,PIT,NL,boltoco01,16
2023,PIT,NL,borucry01,38
2023,PIT,NL,capravi01,9
2023,PIT,NL,castrro01,92
2023,PIT,NL,choiji01,39
2023,PIT,NL,contrro01,19
2023,PIT,NL,crowewi01,5
2023,PIT,NL,cruzon01,9
2023,PIT,NL,davishe01,62
2023,PIT,NL,dejonch01,6
2023,PIT,NL,delosye01,22
2023,PIT,NL,delayja01,70
2023,PIT,NL,falteba01,18
2023,PIT,NL,gonzani01,35
2023,PIT,NL,hatchto01,18
2023,PIT,NL,hayeske01,124
2023,PIT,NL,hedgeau01,82
2023,PIT,NL,heinety01,22
2023,PIT,NL,hernajo03,50
2023,PIT,NL,hillri01,32
2023,PIT,NL,holdeco01,58
2023,PIT,NL,jacksan01,19
2023,PIT,NL,joeco01,133
2023,PIT,NL,kellemi03,32
2023,PIT,NL,maggidr01,3
2023,PIT,NL,marcatu01,75
2023,PIT,NL,mathima01,27
2023,PIT,NL,mccutan01,112
2023,PIT,NL,mitchca01,2
2023,PIT,NL,mlodzca01,35
2023,PIT,NL,moretda01,55
2023,PIT,NL,nicolky01,4
2023,PIT,NL,ortizlu03,18
2023,PIT,NL,oviedjo01,32
2023,PIT,NL,owingch01,11
2023,PIT,NL,palacjo01,91
2023,PIT,NL,pegueli01,59
2023,PIT,NL,perdoan01,30
2023,PIT,NL,priesqu01,10
2023,PIT,NL,ramiryo01,31
2023,PIT,NL,reynobr01,145
2023,PIT,NL,rivasal01,48
2023,PIT,NL,rodrien01,57
2023,PIT,NL,santaca01,146
2023,PIT,NL,selbyco01,21
2023,PIT,NL,smithca04,15
2023,PIT,NL,stephro01,60
2023,PIT,NL,strathu01,8
2023,PIT,NL,suwinja01,144
2023,PIT,NL,triolja01,54
2023,PIT,NL,underdu01,20
2023,PIT,NL,velasvi01,8
2023,PIT,NL,willial04,46
2023,PIT,NL,zastrro01,21
2023,SDN,NL,avilape01,14
2023,SDN,NL,azocajo01,55
2023,SDN,NL,barlosc01,63
2023,SDN,NL,battema01,43
2023,SDN,NL,bogaexa01,155
2023,SDN,NL,campulu01,49
2023,SDN,NL,carltdr01,11
2023,SDN,NL,carpema01,76
2023,SDN,NL,castijo03,1
2023,SDN,NL,choiji01,39
2023,SDN,NL,coopega03,123
2023,SDN,NL,cosgrto01,54
2023,SDN,NL,crismna01,8
2023,SDN,NL,croneja01,127
2023,SDN,NL,cruzne02,49
2023,SDN,NL,dahlda01,4
2023,SDN,NL,darviyu01,24
2023,SDN,NL,dixonbr01,33
2023,SDN,NL,engelad01,5
2023,SDN,NL,espadjo01,1
2023,SDN,NL,gamelbe01,6
2023,SDN,NL,garcilu03,61
2023,SDN,NL,grishtr01,153
2023,SDN,NL,haderjo01,61
2023,SDN,NL,hernani01,2
2023,SDN,NL,hillri01,32
2023,SDN,NL,hillti01,48
2023,SDN,NL,honeybr01,40
2023,SDN,NL,jacobal01,3
2023,SDN,NL,kerrra01,22
2023,SDN,NL,kimha01,152
2023,SDN,NL,knehrre01,4
2023,SDN,NL,kohlwta01,5
2023,SDN,NL,lugose01,26
2023,SDN,NL,machama01,138
2023,SDN,NL,martini01,63
2023,SDN,NL,morejad01,8
2023,SDN,NL,musgrjo01,17
2023,SDN,NL,nolaau01,52
2023,SDN,NL,odorro01,59
2023,SDN,NL,profaju01,125
2023,SDN,NL,rivasal01,48
2023,SDN,NL,rosareg01,11
2023,SDN,NL,sanchga02,75
2023,SDN,NL,seaglch01,1
2023,SDN,NL,snellbl01,32
2023,SDN,NL,sotoju01,162
2023,SDN,NL,suarero01,27
2023,SDN,NL,sullibr01,33
2023,SDN,NL,tapiado01,15
2023,SDN,NL,tatisfe02,141
2023,SDN,NL,wachami01,24
2023,SDN,NL,waldrma01,8
2023,SDN,NL,weathry01,15
2023,SDN,NL,wilsost02,52
2023,SDN,NL,wolfja01,1
2023,SEA,AL,adcocty01,12
2023,SEA,AL,bazared01,12
2023,SEA,AL,berropr01,2
2023,SEA,AL,brashma01,78
2023,SEA,AL,bukaujb01,6
2023,SEA,AL,cabaljo01,104
2023,SEA,AL,campbis01,27
2023,SEA,AL,canzodo01,59
2023,SEA,AL,castidi01,8
2023,SEA,AL,castilu02,33
2023,SEA,AL,crawfjp01,145
2023,SEA,AL,festama01,8
2023,SEA,AL,flexech01,29
2023,SEA,AL,fordmi01,84
2023,SEA,AL,francty01,158
2023,SEA,AL,gilbelo01,32
2023,SEA,AL,gonzama02,10
2023,SEA,AL,gotttr01,64
2023,SEA,AL,haggesa01,52
2023,SEA,AL,hancoem01,3
2023,SEA,AL,hernate01,160
2023,SEA,AL,hummeco01,10
2023,SEA,AL,kelenja01,105
2023,SEA,AL,kirbyge01,31
2023,SEA,AL,lasteto01,12
2023,SEA,AL,leonedo01,51
2023,SEA,AL,marloca01,34
2023,SEA,AL,mccauda01,3
2023,SEA,AL,mcgeeea01,1
2023,SEA,AL,millebr04,25
2023,SEA,AL,milonto01,2
2023,SEA,AL,mooredy01,67
2023,SEA,AL,munozan01,52
2023,SEA,AL,murfepe01,16
2023,SEA,AL,murphto04,47
2023,SEA,AL,okeefbr01,8
2023,SEA,AL,polloaj01,54
2023,SEA,AL,raleica01,145
2023,SEA,AL,rayro02,1
2023,SEA,AL,rodrijo06,1
2023,SEA,AL,rodriju01,155
2023,SEA,AL,rojasjo01,105
2023,SEA,AL,ryanry01,1
2023,SEA,AL,sauceta01,52
2023,SEA,AL,sewalpa01,65
2023,SEA,AL,speiega01,69
2023,SEA,AL,suareeu01,162
2023,SEA,AL,sweetde01,7
2023,SEA,AL,thenju01,9
2023,SEA,AL,thorntr01,27
2023,SEA,AL,topaju01,75
2023,SEA,AL,torrelu01,18
2023,SEA,AL,trammta01,22
2023,SEA,AL,weavelu01,29
2023,SEA,AL,wongko01,87
2023,SEA,AL,woobr01,18
2023,SFN,NL,alexasc01,55
2023,SFN,NL,bailepa01,97
2023,SFN,NL,bartjo01,30
2023,SFN,NL,beatyma01,30
2023,SFN,NL,becktr01,33
2023,SFN,NL,brebbjo01,40
2023,SFN,NL,camarjo01,8
2023,SFN,NL,cobbal01,28
2023,SFN,NL,confomi01,125
2023,SFN,NL,crawfbr01,94
2023,SFN,NL,davisjd01,144
2023,SFN,NL,dejonpa01,112
2023,SFN,NL,desclan01,19
2023,SFN,NL,diazis01,8
2023,SFN,NL,dovalca01,69
2023,SFN,NL,estrath01,120
2023,SFN,NL,fitzgty01,10
2023,SFN,NL,florewi01,126
2023,SFN,NL,hanigmi01,61
2023,SFN,NL,harriky01,7
2023,SFN,NL,hjellse01,15
2023,SFN,NL,jackslu01,33
2023,SFN,NL,johnsbr03,30
2023,SFN,NL,junisja01,40
2023,SFN,NL,llovema01,30
2023,SFN,NL,luciama01,14
2023,SFN,NL,manaese01,37
2023,SFN,NL,mathima01,27
2023,SFN,NL,matoslu02,76
2023,SFN,NL,mecklwa01,20
2023,SFN,NL,pederjo01,121
2023,SFN,NL,perezro02,5
2023,SFN,NL,polloaj01,54
2023,SFN,NL,ramoshe02,25
2023,SFN,NL,rogerta01,60
2023,SFN,NL,rogerty01,68
2023,SFN,NL,rufda01,20
2023,SFN,NL,sabolbl01,110
2023,SFN,NL,schmica01,90
2023,SFN,NL,slateau01,89
2023,SFN,NL,steveca01,6
2023,SFN,NL,stripro01,22
2023,SFN,NL,villada01,46
2023,SFN,NL,wadela01,135
2023,SFN,NL,waiteco01,3
2023,SFN,NL,walkery01,49
2023,SFN,NL,webblo01,33
2023,SFN,NL,winnke01,9
2023,SFN,NL,wiselbr01,51
2023,SFN,NL,woodal02,29
2023,SFN,NL,wynnsau01,51
2023,SFN,NL,yastrmi01,106
2023,SLN,NL,arenano01,144
2023,SLN,NL,bakerlu01,33
2023,SLN,NL,barneja01,13
2023,SLN,NL,barretr01,6
2023,SLN,NL,burleal01,107
2023,SLN,NL,cabrege01,61
2023,SLN,NL,carlsdy01,76
2023,SLN,NL,contrwi01,125
2023,SLN,NL,dejonpa01,112
2023,SLN,NL,donovbr01,95
2023,SLN,NL,edmanto01,137
2023,SLN,NL,fermijo01,21
2023,SLN,NL,flaheja01,29
2023,SLN,NL,gallegi01,56
2023,SLN,NL,goldspa01,154
2023,SLN,NL,gormano01,119
2023,SLN,NL,helslry01,33
2023,SLN,NL,herreiv01,13
2023,SLN,NL,hicksjo03,65
2023,SLN,NL,hudsoda02,18
2023,SLN,NL,kingjo01,35
2023,SLN,NL,kniznan01,70
2023,SLN,NL,lawreca01,15
2023,SLN,NL,leahyky01,3
2023,SLN,NL,liberma01,22
2023,SLN,NL,lopezir01,5
2023,SLN,NL,matzst01,25
2023,SLN,NL,mercaos01,20
2023,SLN,NL,mikolmi01,35
2023,SLN,NL,montgjo01,32
2023,SLN,NL,motteta01,29
2023,SLN,NL,naileja01,10
2023,SLN,NL,naughpa01,4
2023,SLN,NL,nootbla01,117
2023,SLN,NL,oneilty01,72
2023,SLN,NL,palacri01,32
2023,SLN,NL,pallaan01,62
2023,SLN,NL,quereju01,9
2023,SLN,NL,romdr01,8
2023,SLN,NL,romerjo01,27
2023,SLN,NL,sianimi01,8
2023,SLN,NL,stratch01,64
2023,SLN,NL,suarean01,13
2023,SLN,NL,teperry01,12
2023,SLN,NL,thompza02,25
2023,SLN,NL,verhadr01,60
2023,SLN,NL,wainwad01,23
2023,SLN,NL,walkejo02,117
2023,SLN,NL,winnma01,37
2023,SLN,NL,woodfja01,15
2023,SLN,NL,yepezju01,28
2023,SLN,NL,zuniggu01,2
2023,TBA,AL,adamja01,56
2023,TBA,AL,anderch01,19
2023,TBA,AL,arandjo01,34
2023,TBA,AL,armstsh01,39
2023,TBA,AL,arozara01,151
2023,TBA,AL,basabos01,31
2023,TBA,AL,beeksja01,30
2023,TBA,AL,bethach01,104
2023,TBA,AL,bradlta01,23
2023,TBA,AL,bristbr01,3
2023,TBA,AL,brujavi01,37
2023,TBA,AL,burdiza01,3
2023,TBA,AL,caminju01,7
2023,TBA,AL,chiriyo01,20
2023,TBA,AL,civalaa01,23
2023,TBA,AL,cleavga01,15
2023,TBA,AL,criswco01,10
2023,TBA,AL,devench02,38
2023,TBA,AL,diazya01,137
2023,TBA,AL,diekmja01,63
2023,TBA,AL,eflinza01,31
2023,TBA,AL,fairbpe01,49
2023,TBA,AL,fauchca01,17
2023,TBA,AL,flemijo01,12
2023,TBA,AL,francwa01,112
2023,TBA,AL,glasnty01,21
2023,TBA,AL,graytr01,2
2023,TBA,AL,guerrja02,17
2023,TBA,AL,hembrhe01,1
2023,TBA,AL,kelletr01,10
2023,TBA,AL,kellyke02,57
2023,TBA,AL,kittran01,14
2023,TBA,AL,lasorjo01,25
2023,TBA,AL,litteza01,28
2023,TBA,AL,lopezja04,4
2023,TBA,AL,lopezjo04,1
2023,TBA,AL,lowebr01,109
2023,TBA,AL,lowejo01,135
2023,TBA,AL,margoma01,99
2023,TBA,AL,mcclash01,21
2023,TBA,AL,meadcu01,24
2023,TBA,AL,mejiafr01,50
2023,TBA,AL,paredis01,143
2023,TBA,AL,patinlu01,9
2023,TBA,AL,perezhe02,1
2023,TBA,AL,pintore02,39
2023,TBA,AL,pocheco01,66
2023,TBA,AL,raleylu01,118
2023,TBA,AL,ramirer02,38
2023,TBA,AL,ramirha02,122
2023,TBA,AL,rasmudr01,8
2023,TBA,AL,rodriel02,1
2023,TBA,AL,sirijo01,101
2023,TBA,AL,sprinje01,3
2023,TBA,AL,stephro01,60
2023,TBA,AL,tapiara01,64
2023,TBA,AL,thompry02,31
2023,TBA,AL,wallsta01,99
2023,TEX,AL,andergr01,26
2023,TEX,AL,barlojo01,13
2023,TEX,AL,bradfco01,20
2023,TEX,AL,burkebr01,53
2023,TEX,AL,carteev01,23
2023,TEX,AL,chapmar01,61
2023,TEX,AL,dunnida01,35
2023,TEX,AL,duranez01,122
2023,TEX,AL,eovalna01,25
2023,TEX,AL,garciad02,148
2023,TEX,AL,garvemi01,87
2023,TEX,AL,grayjo02,29
2023,TEX,AL,grossro01,115
2023,TEX,AL,heanean01,34
2023,TEX,AL,hearnta01,13
2023,TEX,AL,hedgeau01,82
2023,TEX,AL,heimjo01,131
2023,TEX,AL,hernajo02,33
2023,TEX,AL,howarsp01,3
2023,TEX,AL,huffsa01,21
2023,TEX,AL,jankotr01,107
2023,TEX,AL,jungjo01,122
2023,TEX,AL,kenneia01,16
2023,TEX,AL,kingjo01,35
2023,TEX,AL,latzja01,3
2023,TEX,AL,leclejo01,57
2023,TEX,AL,leonsa01,22
2023,TEX,AL,lowena01,161
2023,TEX,AL,martijp01,17
2023,TEX,AL,millebr02,27
2023,TEX,AL,montgjo01,32
2023,TEX,AL,orneljo01,8
2023,TEX,AL,ottogl01,6
2023,TEX,AL,perezma02,35
2023,TEX,AL,raganco01,29
2023,TEX,AL,rodriye01,13
2023,TEX,AL,sborzjo01,44
2023,TEX,AL,scherma01,27
2023,TEX,AL,seageco01,119
2023,TEX,AL,semiema01,162
2023,TEX,AL,smithjo09,90
2023,TEX,AL,smithwi04,60
2023,TEX,AL,speasal01,3
2023,TEX,AL,stratch01,64
2023,TEX,AL,taverle01,143
2023,TEX,AL,thompbu01,37
2023,TEX,AL,whiteow01,2
2023,TEX,AL,degroja01,6
2023,TOR,AL,bassan01,22
2023,TOR,AL,bassich01,33
2023,TOR,AL,beltbr01,103
2023,TOR,AL,berrijo01,32
2023,TOR,AL,bichebo01,135
2023,TOR,AL,biggica01,111
2023,TOR,AL,cabrege01,61
2023,TOR,AL,chapmma01,140
2023,TOR,AL,cimbead01,22
2023,TOR,AL,clemeer01,30
2023,TOR,AL,danneha01,1
2023,TOR,AL,dejonpa01,112
2023,TOR,AL,edenca01,5
2023,TOR,AL,espinsa01,93
2023,TOR,AL,francbo01,20
2023,TOR,AL,garciyi01,73
2023,TOR,AL,gausmke01,31
2023,TOR,AL,greench03,12
2023,TOR,AL,guerrvl02,156
2023,TOR,AL,hatchto01,18
2023,TOR,AL,heinety01,22
2023,TOR,AL,hicksjo03,65
2023,TOR,AL,horwisp01,15
2023,TOR,AL,jacksja01,25
2023,TOR,AL,janseda01,86
2023,TOR,AL,kiermke01,129
2023,TOR,AL,kirkal01,123
2023,TOR,AL,lukesna01,29
2023,TOR,AL,luplojo01,39
2023,TOR,AL,manoaal01,19
2023,TOR,AL,mayzati01,69
2023,TOR,AL,mccoyma01,6
2023,TOR,AL,merriwh01,145
2023,TOR,AL,parsowe01,1
2023,TOR,AL,pearsna01,35
2023,TOR,AL,popza01,15
2023,TOR,AL,richatr01,56
2023,TOR,AL,romanjo03,59
2023,TOR,AL,ryuhy01,11
2023,TOR,AL,schneda03,35
2023,TOR,AL,springe01,154
2023,TOR,AL,swanser01,69
2023,TOR,AL,thorntr01,27
2023,TOR,AL,varshda01,158
2023,TOR,AL,whitemi03,10
2023,MIN,AL,alcaljo01,11
2023,MIN,AL,balazjo02,18
2023,MIN,AL,buxtoby01,85
2023,MIN,AL,castrwi01,124
2023,MIN,AL,correca01,135
2023,MIN,AL,deleojo03,13
2023,MIN,AL,duranjh01,59
2023,MIN,AL,farmeky01,120
2023,MIN,AL,florody01,62
2023,MIN,AL,fundeko01,11
2023,MIN,AL,gallojo01,111
2023,MIN,AL,garliky01,14
2023,MIN,AL,gordoni01,34
2023,MIN,AL,grayso01,32
2023,MIN,AL,headrbr01,14
2023,MIN,AL,jaxgr01,71
2023,MIN,AL,jeffery01,96
2023,MIN,AL,julieed01,109
2023,MIN,AL,keplema01,130
2023,MIN,AL,keuchda01,10
2023,MIN,AL,kirilal01,88
2023,MIN,AL,larnatr01,58
2023,MIN,AL,lewisro02,58
2023,MIN,AL,lopezjo02,61
2023,MIN,AL,lopezpa01,32
2023,MIN,AL,luplojo01,39
2023,MIN,AL,maedake01,21
2023,MIN,AL,mahlety01,5
2023,MIN,AL,miranjo01,40
2023,MIN,AL,moranjo01,43
2023,MIN,AL,oberba01,26
2023,MIN,AL,ortegol01,10
2023,MIN,AL,paddach01,3
2023,MIN,AL,paganem01,66
2023,MIN,AL,polanjo01,80
2023,MIN,AL,rodride01,4
2023,MIN,AL,ryanjo04,29
2023,MIN,AL,sandsco01,15
2023,MIN,AL,solando01,134
2023,MIN,AL,stevean01,25
2023,MIN,AL,stewabr01,28
2023,MIN,AL,taylomi02,129
2023,MIN,AL,thielca01,36
2023,MIN,AL,varlalo01,17
2023,MIN,AL,vazquch01,102
2023,MIN,AL,wallnma01,76
2023,MIN,AL,windejo01,19
2023,MIN,AL,woodssi01,1
2023,PHI,NL,alvarjo03,42
2023,PHI,NL,bellaan01,27
2023,PHI,NL,bohmal01,145
2023,PHI,NL,brogdco01,27
2023,PHI,NL,casteni01,157
2023,PHI,NL,castrro01,92
2023,PHI,NL,caveja01,65
2023,PHI,NL,clemeko01,49
2023,PHI,NL,coveydy01,29
2023,PHI,NL,dominse01,57
2023,PHI,NL,ellisdr01,12
2023,PHI,NL,falteba01,18
2023,PHI,NL,guthrda01,23
2023,PHI,NL,hallda02,18
2023,PHI,NL,harpebr03,126
2023,PHI,NL,harrijo05,41
2023,PHI,NL,hoffmje02,54
2023,PHI,NL,kerkeor01,3
2023,PHI,NL,kimbrcr01,71
2023,PHI,NL,lorenmi01,29
2023,PHI,NL,marshbr02,133
2023,PHI,NL,marteyu01,40
2023,PHI,NL,mooremc01,3
2023,PHI,NL,nelsoni01,1
2023,PHI,NL,nolaaa01,32
2023,PHI,NL,ortizlu02,14
2023,PHI,NL,pachecr01,48
2023,PHI,NL,plassmi01,1
2023,PHI,NL,realmjt01,135
2023,PHI,NL,rojasjo03,59
2023,PHI,NL,sanchcr01,19
2023,PHI,NL,schwaky01,160
2023,PHI,NL,sosaed01,104
2023,PHI,NL,sotogr01,69
2023,PHI,NL,stottbr01,151
2023,PHI,NL,strahma01,56
2023,PHI,NL,stubbga01,41
2023,PHI,NL,suarera01,22
2023,PHI,NL,turnetr01,155
2023,PHI,NL,uelmeer01,1
2023,PHI,NL,vasquan02,42
2023,PHI,NL,walketa01,31
2023,PHI,NL,wheelza01,32
2023,PHI,NL,wilsowe01,8
2023,ATL,NL,acunaro01,159
2023,ATL,NL,adriaeh01,5
2023,ATL,NL,albieoz01,148
2023,ATL,NL,allarko01,4
2023,ATL,NL,anderni01,35
2023,ATL,NL,arciaor01,139
2023,ATL,NL,chaveje01,36
2023,ATL,NL,chiriyo01,20
2023,ATL,NL,culbech01,1
2023,ATL,NL,dodddy01,7
2023,ATL,NL,elderbr01,31
2023,ATL,NL,friedma01,14
2023,ATL,NL,grissva01,23
2023,ATL,NL,handbr01,60
2023,ATL,NL,harrimi04,138
2023,ATL,NL,hellebe01,19
2023,ATL,NL,hernada03,4
2023,ATL,NL,hillisa01,40
2023,ATL,NL,iglesra01,58
2023,ATL,NL,jimenjo02,59
2023,ATL,NL,johnspi01,67
2023,ATL,NL,leedy01,24
2023,ATL,NL,lopezni01,94
2023,ATL,NL,luetglu01,12
2023,ATL,NL,mchugco01,41
2023,ATL,NL,minteaj01,70
2023,ATL,NL,mortoch02,30
2023,ATL,NL,murphse01,108
2023,ATL,NL,olsonma02,162
2023,ATL,NL,ozunama01,144
2023,ATL,NL,pillake01,81
2023,ATL,NL,rileyau01,159
2023,ATL,NL,rodride01,4
2023,ATL,NL,rosared01,142
2023,ATL,NL,shewmbr01,2
2023,ATL,NL,shustja01,11
2023,ATL,NL,smithaj01,6
2023,ATL,NL,solakni01,2
2023,ATL,NL,sorokmi01,7
2023,ATL,NL,stephja01,5
2023,ATL,NL,stridsp01,32
2023,ATL,NL,tonkimi01,45
2023,ATL,NL,trompch01,6
2023,ATL,NL,vinesda01,5
2023,ATL,NL,wallfo01,15
2023,ATL,NL,whiteel04,6
2023,ATL,NL,willilu01,11
2023,ATL,NL,winanal01,6
2023,ATL,NL,wrighky01,9
2023,ATL,NL,yateski01,61
2023,ATL,NL,youngda02,8
2023,ATL,NL,darnatr01,74
2023,CHA,AL,alberha01,30
2023,CHA,AL,anderti01,123
2023,CHA,AL,andruel01,112
2023,CHA,AL,banksta01,32
2023,CHA,AL,beninan01,151
2023,CHA,AL,bummeaa01,61
2023,CHA,AL,burgeja01,141
2023,CHA,AL,ceasedy01,33
2023,CHA,AL,clevimi01,24
2023,CHA,AL,colasos01,75
2023,CHA,AL,colomal01,4
2023,CHA,AL,crochga01,13
2023,CHA,AL,cronide01,9
2023,CHA,AL,diekmja01,63
2023,CHA,AL,frazicl01,33
2023,CHA,AL,garcide01,8
2023,CHA,AL,giolilu01,33
2023,CHA,AL,gonzaro01,44
2023,CHA,AL,grandya01,118
2023,CHA,AL,graveke01,68
2023,CHA,AL,hamilbi02,3
2023,CHA,AL,haselad01,28
2023,CHA,AL,hendrli01,5
2023,CHA,AL,honeybr01,40
2023,CHA,AL,jimenel02,120
2023,CHA,AL,kellyjo05,42
2023,CHA,AL,kopecmi01,30
2023,CHA,AL,lambeji01,35
2023,CHA,AL,leeko01,24
2023,CHA,AL,lopezre01,68
2023,CHA,AL,lynnla01,32
2023,CHA,AL,marisja01,46
2023,CHA,AL,middlke01,51
2023,CHA,AL,moncayo01,92
2023,CHA,AL,naquity01,5
2023,CHA,AL,navared01,8
2023,CHA,AL,padilni01,3
2023,CHA,AL,patinlu01,9
2023,CHA,AL,peralsa01,16
2023,CHA,AL,perezca03,27
2023,CHA,AL,ramiryo01,31
2023,CHA,AL,ramsela02,21
2023,CHA,AL,remilza01,54
2023,CHA,AL,roberlu01,145
2023,CHA,AL,rodrijo09,1
2023,CHA,AL,ruizjo01,38
2023,CHA,AL,santogr01,60
2023,CHA,AL,scholje01,26
2023,CHA,AL,shawbr01,38
2023,CHA,AL,sheetga01,118
2023,CHA,AL,sosale01,52
2023,CHA,AL,thomptr01,72
2023,CHA,AL,toussto01,20
2023,CHA,AL,urenajo01,10
2023,CHA,AL,vaughan01,152
2023,CHA,AL,zavalse01,73
2023,MIA,NL,alcansa01,28
2023,MIA,NL,amayaja01,4
2023,MIA,NL,arraelu01,147
2023,MIA,NL,barnema01,24
2023,MIA,NL,belljo02,150
2023,MIA,NL,bertijo01,133
2023,MIA,NL,bradlar01,4
2023,MIA,NL,brazohu01,50
2023,MIA,NL,burdipe01,14
2023,MIA,NL,burgeja01,141
2023,MIA,NL,cabreed02,22
2023,MIA,NL,castada01,2
2023,MIA,NL,chargjt01,46
2023,MIA,NL,chishja01,97
2023,MIA,NL,coopega03,123
2023,MIA,NL,cuetojo01,13
2023,MIA,NL,davisjo05,34
2023,MIA,NL,dejesen01,2
2023,MIA,NL,delacbr01,153
2023,MIA,NL,edwarxa01,30
2023,MIA,NL,florody01,62
2023,MIA,NL,forteni01,108
2023,MIA,NL,garciav01,37
2023,MIA,NL,garciro04,25
2023,MIA,NL,garrebr01,31
2023,MIA,NL,gonzach01,3
2023,MIA,NL,gourryu01,108
2023,MIA,NL,hampsga01,98
2023,MIA,NL,hartlge01,2
2023,MIA,NL,hoeinbr01,33
2023,MIA,NL,lindgje01,3
2023,MIA,NL,lopezjo02,61
2023,MIA,NL,luzarje01,32
2023,MIA,NL,moorema02,50
2023,MIA,NL,myersda01,22
2023,MIA,NL,nardian01,63
2023,MIA,NL,nolinse01,1
2023,MIA,NL,okertst01,64
2023,MIA,NL,perezeu02,19
2023,MIA,NL,pukaj01,58
2023,MIA,NL,quezajo01,1
2023,MIA,NL,roberda08,62
2023,MIA,NL,rogertr01,4
2023,MIA,NL,sanchje02,125
2023,MIA,NL,scottta01,74
2023,MIA,NL,segurje01,85
2023,MIA,NL,smeltde01,9
2023,MIA,NL,solerjo01,137
2023,MIA,NL,soriage01,26
2023,MIA,NL,stallja01,89
2023,MIA,NL,weathry01,15
2023,MIA,NL,wendljo01,112
2023,NYA,AL,abreual01,45
2023,NYA,AL,allengr01,22
2023,NYA,AL,baderha01,98
2023,NYA,AL,bauerja01,84
2023,NYA,AL,bowmama01,3
2023,NYA,AL,breweco01,3
2023,NYA,AL,britojh01,25
2023,NYA,AL,cabreos01,115
2023,NYA,AL,calhowi01,44
2023,NYA,AL,colege01,33
2023,NYA,AL,cordefr02,24
2023,NYA,AL,cordeji01,31
2023,NYA,AL,cortene01,12
2023,NYA,AL,dominja01,8
2023,NYA,AL,donaljo02,51
2023,NYA,AL,flories01,19
2023,NYA,AL,garcide01,8
2023,NYA,AL,germado01,20
2023,NYA,AL,gomezyo01,1
2023,NYA,AL,hamilia01,39
2023,NYA,AL,hicksaa01,93
2023,NYA,AL,higasky01,92
2023,NYA,AL,holmecl01,66
2023,NYA,AL,judgeaa01,106
2023,NYA,AL,kahnlto01,42
2023,NYA,AL,kineris01,115
2023,NYA,AL,kingmi01,49
2023,NYA,AL,krookma01,4
2023,NYA,AL,lemahdj01,136
2023,NYA,AL,loaisjo01,17
2023,NYA,AL,marinro01,45
2023,NYA,AL,mcallza01,7
2023,NYA,AL,mckinbi01,48
2023,NYA,AL,middlke01,51
2023,NYA,AL,misiean01,11
2023,NYA,AL,montafr01,1
2023,NYA,AL,peralwa01,63
2023,NYA,AL,perazos02,52
2023,NYA,AL,pereiev01,27
2023,NYA,AL,ramirni01,32
2023,NYA,AL,rizzoan01,99
2023,NYA,AL,rodonca01,14
2023,NYA,AL,rortvbe01,32
2023,NYA,AL,schmicl01,33
2023,NYA,AL,severlu01,19
2023,NYA,AL,stantmi03,101
2023,NYA,AL,torregl01,158
2023,NYA,AL,trevijo01,55
2023,NYA,AL,vasqura02,11
2023,NYA,AL,volpean01,159
2023,NYA,AL,weavelu01,29
2023,NYA,AL,weberry01,8
2023,NYA,AL,weissgr01,17
2023,NYA,AL,wellsau01,19
2023,MIL,NL,adamewi01,149
2023,MIL,NL,anderbr06,96
2023,MIL,NL,andrecl02,4
2023,MIL,NL,boushca01,1
2023,MIL,NL,brossmi01,29
2023,MIL,NL,bukaujb01,6
2023,MIL,NL,burneco01,32
2023,MIL,NL,bushma01,12
2023,MIL,NL,canhama01,139
2023,MIL,NL,caratvi01,62
2023,MIL,NL,chafian01,63
2023,MIL,NL,claudal01,1
2023,MIL,NL,contrwi02,141
2023,MIL,NL,cousija01,9
2023,MIL,NL,donaljo02,51
2023,MIL,NL,frelisa01,57
2023,MIL,NL,guerrja02,17
2023,MIL,NL,housead01,23
2023,MIL,NL,jonesja08,7
2023,MIL,NL,junkja01,2
2023,MIL,NL,lauerer01,10
2023,MIL,NL,megiltr01,31
2023,MIL,NL,mejiaje02,9
2023,MIL,NL,mileywa01,23
2023,MIL,NL,milleow01,90
2023,MIL,NL,millety01,10
2023,MIL,NL,milneho01,73
2023,MIL,NL,mitchga01,19
2023,MIL,NL,monasan01,92
2023,MIL,NL,pannoth01,1
2023,MIL,NL,payamjo01,69
2023,MIL,NL,pegueel01,59
2023,MIL,NL,peralfr01,30
2023,MIL,NL,perkibl01,67
2023,MIL,NL,reaco01,26
2023,MIL,NL,rufda01,20
2023,MIL,NL,santaca01,146
2023,MIL,NL,singljo02,36
2023,MIL,NL,smallet01,2
2023,MIL,NL,sousabe01,7
2023,MIL,NL,strzepe01,37
2023,MIL,NL,tapiara01,64
2023,MIL,NL,tayloty01,81
2023,MIL,NL,teherju01,14
2023,MIL,NL,tellero01,106
2023,MIL,NL,toroab01,9
2023,MIL,NL,turanbr02,137
2023,MIL,NL,uriaslu01,52
2023,MIL,NL,uribeab01,32
2023,MIL,NL,varlagu01,16
2023,MIL,NL,vieirth01,2
2023,MIL,NL,voitlu01,22
2023,MIL,NL,wiemejo01,132
2023,MIL,NL,willide03,61
2023,MIL,NL,wilsobr02,53
2023,MIL,NL,winkeje01,61
2023,MIL,NL,woodrbr01,11
2023,MIL,NL,yelicch01,144
2023,ANA,AL,adamsjo03,17
2023,ANA,AL,adelljo01,17
2023,ANA,AL,anderty01,27
2023,ANA,AL,bachmsa01,11
2023,ANA,AL,barrija01,34
2023,ANA,AL,cabbatr01,22
2023,ANA,AL,cacerke01,2
2023,ANA,AL,cannigr01,24
2023,ANA,AL,croncj01,71
2023,ANA,AL,danieda01,3
2023,ANA,AL,davidtu01,38
2023,ANA,AL,detmere01,28
2023,ANA,AL,devench02,38
2023,ANA,AL,diazjh01,4
2023,ANA,AL,drurybr01,125
2023,ANA,AL,escobed01,100
2023,ANA,AL,estevca01,63
2023,ANA,AL,fletcda02,33
2023,ANA,AL,fulmeca01,3
2023,ANA,AL,giolilu01,33
2023,ANA,AL,grichra01,118
2023,ANA,AL,hergeji01,29
2023,ANA,AL,ingrako01,5
2023,ANA,AL,joycebe01,12
2023,ANA,AL,lambja01,19
2023,ANA,AL,leonedo01,51
2023,ANA,AL,lopezre01,68
2023,ANA,AL,loupaa01,55
2023,ANA,AL,martejo01,10
2023,ANA,AL,medervi01,3
2023,ANA,AL,moniami01,85
2023,ANA,AL,moorema02,50
2023,ANA,AL,moronre01,2
2023,ANA,AL,moustmi01,112
2023,ANA,AL,netoza01,84
2023,ANA,AL,ohopplo01,51
2023,ANA,AL,ohtansh01,135
2023,ANA,AL,okeych01,2
2023,ANA,AL,padloke01,3
2023,ANA,AL,parisky01,15
2023,ANA,AL,phillbr02,40
2023,ANA,AL,quijajo01,10
2023,ANA,AL,rendoan01,43
2023,ANA,AL,renfrhu01,140
2023,ANA,AL,rengilu01,126
2023,ANA,AL,reyesge01,8
2023,ANA,AL,rosenke01,7
2023,ANA,AL,sandopa02,28
2023,ANA,AL,schanno01,29
2023,ANA,AL,silsech01,16
2023,ANA,AL,soriajo02,38
2023,ANA,AL,sotoli01,4
2023,ANA,AL,stefami01,25
2023,ANA,AL,suarejo01,11
2023,ANA,AL,teperry01,12
2023,ANA,AL,thaisma01,95
2023,ANA,AL,troutmi01,82
2023,ANA,AL,urshegi01,62
2023,ANA,AL,velazan01,54
2023,ANA,AL,wallach01,65
2023,ANA,AL,walshja01,39
2023,ANA,AL,wantzan01,27
2023,ANA,AL,wardta01,97
2023,ANA,AL,warreau01,2
2023,ANA,AL,webbja01,54
2023,ANA,AL,weissza01,12
2023,ARI,NL,adamsau02,24
2023,ARI,NL,ahmedni01,72
2023,ARI,NL,bumgama01,4
2023,ARI,NL,canzodo01,59
2023,ARI,NL,carroco02,155
2023,ARI,NL,castidi02,1
2023,ARI,NL,castrmi01,75
2023,ARI,NL,ceccosl01,7
2023,ARI,NL,chafian01,63
2023,ARI,NL,crismna01,8
2023,ARI,NL,davieza01,18
2023,ARI,NL,fletcdo01,28
2023,ARI,NL,friaslu01,29
2023,ARI,NL,galleza01,34
2023,ARI,NL,gilbety01,11
2023,ARI,NL,ginkeke01,60
2023,ARI,NL,gurrilo01,145
2023,ARI,NL,henryto01,17
2023,ARI,NL,herrejo04,43
2023,ARI,NL,jamesdr01,15
2023,ARI,NL,jarvibr01,11
2023,ARI,NL,kellyca02,52
2023,ARI,NL,kellyme01,30
2023,ARI,NL,kennebu01,10
2023,ARI,NL,lawlajo01,14
2023,ARI,NL,lewisky01,16
2023,ARI,NL,longoev01,74
2023,ARI,NL,mantijo01,35
2023,ARI,NL,marteke01,150
2023,ARI,NL,martiju01,10
2023,ARI,NL,mccarja02,99
2023,ARI,NL,mcgousc01,63
2023,ARI,NL,misiean01,11
2023,ARI,NL,morenga01,111
2023,ARI,NL,nelsoky01,68
2023,ARI,NL,nelsory01,29
2023,ARI,NL,perdoge01,144
2023,ARI,NL,peterja01,134
2023,ARI,NL,pfaadbr01,19
2023,ARI,NL,phamth01,129
2023,ARI,NL,riverem01,86
2023,ARI,NL,rojasjo01,105
2023,ARI,NL,ruizjo01,38
2023,ARI,NL,saalfan01,10
2023,ARI,NL,sewalpa01,65
2023,ARI,NL,smithpa04,69
2023,ARI,NL,solompe01,5
2023,ARI,NL,strzepe01,37
2023,ARI,NL,sulseco01,4
2023,ARI,NL,thomaal01,125
2023,ARI,NL,thompry02,31
2023,ARI,NL,vargaca01,5
2023,ARI,NL,walkech02,157
2023,ARI,NL,zavalse01,73
2023,BAL,AL,akinke01,24
2023,BAL,AL,bakerbr01,46
2023,BAL,AL,baumami01,60
2023,BAL,AL,bautife01,56
2023,BAL,AL,bazared01,12
2023,BAL,AL,bemboan01,6
2023,BAL,AL,canoye01,72
2023,BAL,AL,couloda01,61
2023,BAL,AL,cowseco01,26
2023,BAL,AL,flaheja01,29
2023,BAL,AL,fraziad01,141
2023,BAL,AL,fujinsh01,64
2023,BAL,AL,garrere01,11
2023,BAL,AL,gibsoky01,33
2023,BAL,AL,gillalo01,11
2023,BAL,AL,givenmy01,6
2023,BAL,AL,halldl01,18
2023,BAL,AL,haysau01,144
2023,BAL,AL,hendegu01,150
2023,BAL,AL,hicksaa01,93
2023,BAL,AL,irvinco01,24
2023,BAL,AL,kjershe01,13
2023,BAL,AL,kolozma01,1
2023,BAL,AL,krehbjo01,6
2023,BAL,AL,kremede01,32
2023,BAL,AL,lestejo02,11
2023,BAL,AL,lopezjo02,61
2023,BAL,AL,mateojo01,116
2023,BAL,AL,mccanja02,70
2023,BAL,AL,mckenry01,89
2023,BAL,AL,meansjo01,4
2023,BAL,AL,mountry01,115
2023,BAL,AL,mullice01,116
2023,BAL,AL,ohearry01,112
2023,BAL,AL,ortizjo06,15
2023,BAL,AL,perezci01,65
2023,BAL,AL,rodrigr01,23
2023,BAL,AL,rutscad01,154
2023,BAL,AL,santaan02,153
2023,BAL,AL,stoweky01,14
2023,BAL,AL,uriasra01,116
2023,BAL,AL,vallich01,1
2023,BAL,AL,vavrate01,27
2023,BAL,AL,vespini01,9
2023,BAL,AL,vothau01,25
2023,BAL,AL,webbja01,54
2023,BAL,AL,wellsty01,25
2023,BAL,AL,westbjo01,68
2023,BAL,AL,zimmebr02,7
2023,BOS,AL,abreuwi02,28
2023,BOS,AL,alfarjo01,18
2023,BOS,AL,arroych01,66
2023,BOS,AL,barraky01,3
2023,BOS,AL,bellobr01,28
2023,BOS,AL,bernabr01,55
2023,BOS,AL,bleieri01,27
2023,BOS,AL,brasiry01,59
2023,BOS,AL,casastr01,132
2023,BOS,AL,changyu01,39
2023,BOS,AL,crawfku01,32
2023,BOS,AL,dalbebo01,21
2023,BOS,AL,dermoma01,1
2023,BOS,AL,deverra01,153
2023,BOS,AL,duranja01,102
2023,BOS,AL,duvalad01,92
2023,BOS,AL,fariaja01,1
2023,BOS,AL,garzaju01,17
2023,BOS,AL,hamilca01,4
2023,BOS,AL,hamilda03,15
2023,BOS,AL,hernaen02,140
2023,BOS,AL,houckta01,21
2023,BOS,AL,jacqujo01,23
2023,BOS,AL,janseke01,51
2023,BOS,AL,kellyza01,8
2023,BOS,AL,klubeco01,15
2023,BOS,AL,lametdi01,17
2023,BOS,AL,litteza01,28
2023,BOS,AL,llovema01,30
2023,BOS,AL,martich02,55
2023,BOS,AL,mcguire01,72
2023,BOS,AL,murphch01,20
2023,BOS,AL,ortka01,21
2023,BOS,AL,paxtoja01,19
2023,BOS,AL,pivetni01,38
2023,BOS,AL,rafaece01,28
2023,BOS,AL,refsnro01,89
2023,BOS,AL,reyespa01,64
2023,BOS,AL,roberni01,18
2023,BOS,AL,rodrijo04,11
2023,BOS,AL,salech01,20
2023,BOS,AL,schrejo01,46
2023,BOS,AL,scottta02,18
2023,BOS,AL,sherrry01,5
2023,BOS,AL,storytr01,43
2023,BOS,AL,tapiara01,64
2023,BOS,AL,turneju01,146
2023,BOS,AL,uriaslu01,52
2023,BOS,AL,valdeen01,49
2023,BOS,AL,verdual01,142
2023,BOS,AL,waltebr01,9
2023,BOS,AL,weissza01,12
2023,BOS,AL,whitlga01,22
2023,BOS,AL,winckjo01,60
2023,BOS,AL,wongco01,126
2023,BOS,AL,yoshima02,140
2023,CHN,NL,alzolad01,58
2023,CHN,NL,amayami01,53
2023,CHN,NL,assadja01,32
2023,CHN,NL,barnhtu01,47
2023,CHN,NL,bellico01,130
2023,CHN,NL,boxbebr01,22
2023,CHN,NL,burdini01,3
2023,CHN,NL,canaral01,6
2023,CHN,NL,candeje01,140
2023,CHN,NL,crowape01,13
2023,CHN,NL,cuasjo01,72
2023,CHN,NL,duffety01,1
2023,CHN,NL,estraje01,12
2023,CHN,NL,fulmemi01,58
2023,CHN,NL,gomesya01,116
2023,CHN,NL,greensh02,2
2023,CHN,NL,happia01,158
2023,CHN,NL,hendrky01,24
2023,CHN,NL,hoernni01,150
2023,CHN,NL,hosmeer01,31
2023,CHN,NL,hughebr01,17
2023,CHN,NL,kayan01,16
2023,CHN,NL,kiliaca01,3
2023,CHN,NL,leitema02,69
2023,CHN,NL,littllu01,7
2023,CHN,NL,madrini01,92
2023,CHN,NL,mancitr01,79
2023,CHN,NL,mastrmi01,61
2023,CHN,NL,merryju01,69
2023,CHN,NL,mervima01,27
2023,CHN,NL,morelch01,107
2023,CHN,NL,palenda01,27
2023,CHN,NL,riosed01,18
2023,CHN,NL,ruckemi01,35
2023,CHN,NL,smylydr01,41
2023,CHN,NL,steelju01,30
2023,CHN,NL,stromma01,27
2023,CHN,NL,suzukse01,138
2023,CHN,NL,swansda01,147
2023,CHN,NL,taillja01,30
2023,CHN,NL,tauchmi01,108
2023,CHN,NL,thompke02,19
2023,CHN,NL,torrelu01,18
2023,CHN,NL,velazne01,53
2023,CHN,NL,wesneha01,34
2023,CHN,NL,wicksjo01,7
2023,CHN,NL,wisdopa01,97
2023,CHN,NL,youngja02,16
2023,CIN,NL,abbotan01,21
2023,CIN,NL,antonte01,5
2023,CIN,NL,ashcrgr01,26
2023,CIN,NL,baderha01,98
2023,CIN,NL,garcijo02,46
2023,CIN,NL,bensowi01,108
2023,CIN,NL,brachsi01,5
2023,CIN,NL,busenal01,6
2023,CIN,NL,casalcu01,40
2023,CIN,NL,cessalu01,7
2023,CIN,NL,cruzfe01,58
2023,CIN,NL,delacel01,98
2023,CIN,NL,diazal03,71
2023,CIN,NL,duartda01,31
2023,CIN,NL,encarch01,63
2023,CIN,NL,faircst01,97
2023,CIN,NL,farmebu01,71
2023,CIN,NL,fraleja01,111
2023,CIN,NL,friedtj01,138
2023,CIN,NL,gibauia01,74
2023,CIN,NL,greenhu01,22
2023,CIN,NL,hergeke01,14
2023,CIN,NL,hopkitj01,25
2023,CIN,NL,indiajo01,119
2023,CIN,NL,karchri01,1
2023,CIN,NL,kennebr02,5
2023,CIN,NL,kuhnejo01,9
2023,CIN,NL,lawde01,54
2023,CIN,NL,legumca01,11
2023,CIN,NL,livelbe01,19
2023,CIN,NL,lodolni01,7
2023,CIN,NL,lopezal03,1
2023,CIN,NL,mailelu01,78
2023,CIN,NL,mariomi01,1
2023,CIN,NL,marteno01,35
2023,CIN,NL,martini02,29
2023,CIN,NL,mclaima01,89
2023,CIN,NL,millsal02,1
2023,CIN,NL,mollsa01,70
2023,CIN,NL,myerswi01,37
2023,CIN,NL,newmake01,74
2023,CIN,NL,overtco01,3
2023,CIN,NL,phillco01,5
2023,CIN,NL,ramoshe01,23
2023,CIN,NL,renfrhu01,140
2023,CIN,NL,reynoma03,2
2023,CIN,NL,richaly01,4
2023,CIN,NL,salazed01,8
2023,CIN,NL,sanmare01,14
2023,CIN,NL,santito01,3
2023,CIN,NL,senzeni01,104
2023,CIN,NL,shrevch01,50
2023,CIN,NL,sianimi01,8
2023,CIN,NL,simslu01,67
2023,CIN,NL,spierca01,4
2023,CIN,NL,steersp01,156
2023,CIN,NL,stephty01,142
2023,CIN,NL,stoudle01,4
2023,CIN,NL,vosleja01,20
2023,CIN,NL,vottojo01,65
2023,CIN,NL,weavelu01,29
2023,CIN,NL,willibr02,23
2023,CIN,NL,wongja01,1
2023,CIN,NL,wynnera01,1
2023,CIN,NL,youngal01,63
2023,CLE,AL,allenlo02,24
2023,CLE,AL,ariasga01,122
2023,CLE,AL,battepe01,7
2023,CLE,AL,belljo02,150
2023,CLE,AL,bibeeta01,25
2023,CLE,AL,biebesh01,21
2023,CLE,AL,brennwi02,138
2023,CLE,AL,calhoko01,43
2023,CLE,AL,civalaa01,23
2023,CLE,AL,claseem01,75
2023,CLE,AL,colliza01,2
2023,CLE,AL,curryxz01,41
2023,CLE,AL,delosen01,70
2023,CLE,AL,freemty01,64
2023,CLE,AL,fryda01,58
2023,CLE,AL,gaddihu01,11
2023,CLE,AL,gallaca01,56
2023,CLE,AL,gimenan01,153
2023,CLE,AL,giolilu01,33
2023,CLE,AL,gonzaos01,54
2023,CLE,AL,haaseer01,89
2023,CLE,AL,hentgsa01,56
2023,CLE,AL,herriti01,23
2023,CLE,AL,karinja01,44
2023,CLE,AL,kellymi03,14
2023,CLE,AL,kwanst01,158
2023,CLE,AL,laurera01,105
2023,CLE,AL,lopezre01,68
2023,CLE,AL,mckentr01,4
2023,CLE,AL,moorema02,50
2023,CLE,AL,morgael01,61
2023,CLE,AL,morrico01,6
2023,CLE,AL,naylobo01,67
2023,CLE,AL,naylojo01,121
2023,CLE,AL,norrida01,7
2023,CLE,AL,pilkiko01,1
2023,CLE,AL,plesaza01,5
2023,CLE,AL,quantca01,19
2023,CLE,AL,ramirjo01,156
2023,CLE,AL,rocchbr01,23
2023,CLE,AL,rosaram01,142
2023,CLE,AL,sandlni01,61
2023,CLE,AL,stephtr01,71
2023,CLE,AL,strawmy01,147
2023,CLE,AL,syndeno01,18
2023,CLE,AL,tenajo01,18
2023,CLE,AL,toussto01,20
2023,CLE,AL,vilorme01,10
2023,CLE,AL,williga01,16
2023,CLE,AL,zuninmi01,42
2023,COL,NL,abadfe01,6
2023,COL,NL,alfarjo01,18
2023,COL,NL,anderch01,19
2023,COL,NL,bardda01,50
2023,COL,NL,birdja01,70
2023,COL,NL,blachty01,20
2023,COL,NL,blackch02,96
2023,COL,NL,bouchse01,21
2023,COL,NL,bruihju01,27
2023,COL,NL,bryankr01,80
2023,COL,NL,calvobl01,1
2023,COL,NL,carasma01,16
2023,COL,NL,castrha01,99
2023,COL,NL,croncj01,71
2023,COL,NL,davisno01,8
2023,COL,NL,dazayo01,24
2023,COL,NL,diazel01,141
2023,COL,NL,doylebr02,126
2023,COL,NL,doyleto01,15
2023,COL,NL,feltnry01,10
2023,COL,NL,flexech01,29
2023,COL,NL,freelky01,29
2023,COL,NL,gombeau01,27
2023,COL,NL,goodmhu01,23
2023,COL,NL,grichra01,118
2023,COL,NL,handbr01,60
2023,COL,NL,holloga01,26
2023,COL,NL,johnspi01,67
2023,COL,NL,jonesno01,106
2023,COL,NL,justiev01,9
2023,COL,NL,kaiseco01,3
2023,COL,NL,kauffka01,11
2023,COL,NL,kinlety01,18
2023,COL,NL,kochma01,39
2023,COL,NL,lambepe01,25
2023,COL,NL,lametdi01,17
2023,COL,NL,lawreju01,69
2023,COL,NL,marquge01,4
2023,COL,NL,mcmahry01,152
2023,COL,NL,mearsni01,16
2023,COL,NL,monteel01,85
2023,COL,NL,monteco01,18
2023,COL,NL,moustmi01,112
2023,COL,NL,pintri01,1
2023,COL,NL,profaju01,125
2023,COL,NL,rodgebr02,46
2023,COL,NL,seaboco01,27
2023,COL,NL,senzaan01,2
2023,COL,NL,servebr01,11
2023,COL,NL,suterbr01,57
2023,COL,NL,toglimi01,45
2023,COL,NL,tovarez01,153
2023,COL,NL,trejoal01,83
2023,COL,NL,tuckeco01,5
2023,COL,NL,urenajo01,10
2023,COL,NL,vodnivi01,6
2023,COL,NL,wynnsau01,51
2023,DET,AL,alexaty01,25
2023,DET,AL,baddoak01,112
2023,DET,AL,baezja01,136
2023,DET,AL,boydma01,15
2023,DET,AL,briesbe01,25
2023,DET,AL,bristbr01,3
2023,DET,AL,cabremi01,98
2023,DET,AL,carpeke01,118
2023,DET,AL,cisnejo01,63
2023,DET,AL,diazis01,8
2023,DET,AL,diazmi02,12
2023,DET,AL,englema01,31
2023,DET,AL,faedoal01,15
2023,DET,AL,foleyja01,70
2023,DET,AL,gipsosa01,4
2023,DET,AL,greenri02,99
2023,DET,AL,haaseer01,89
2023,DET,AL,hanifbr01,3
2023,DET,AL,hillga02,9
2023,DET,AL,holtoty01,59
2023,DET,AL,ibanean01,114
2023,DET,AL,kellyca02,52
2023,DET,AL,kreidry01,11
2023,DET,AL,langeal01,67
2023,DET,AL,lipcian01,13
2023,DET,AL,logueza01,3
2023,DET,AL,lorenmi01,29
2023,DET,AL,mannima01,15
2023,DET,AL,marisja01,46
2023,DET,AL,matonni01,93
2023,DET,AL,mckinza01,148
2023,DET,AL,meadoau01,6
2023,DET,AL,meadopa01,37
2023,DET,AL,misiean01,11
2023,DET,AL,nevinty01,41
2023,DET,AL,olsonre01,21
2023,DET,AL,rodried05,26
2023,DET,AL,rogerja03,107
2023,DET,AL,schoojo01,55
2023,DET,AL,shortza01,112
2023,DET,AL,shrevch01,50
2023,DET,AL,skubata01,15
2023,DET,AL,solakni01,2
2023,DET,AL,torkesp01,159
2023,DET,AL,turnbsp01,7
2023,DET,AL,vasquan02,42
2023,DET,AL,vestwi01,48
2023,DET,AL,vierlma01,134
2023,DET,AL,wentzjo01,25
2023,DET,AL,whitebr01,33
2023,DET,AL,wingetr01,17
2023,HOU,AL,abreubr01,72
2023,HOU,AL,abreujo02,141
2023,HOU,AL,altuvjo01,90
2023,HOU,AL,alvaryo01,114
2023,HOU,AL,bannory01,2
2023,HOU,AL,bielabr01,15
2023,HOU,AL,blancro01,17
2023,HOU,AL,brantmi02,15
2023,HOU,AL,bregmal01,161
2023,HOU,AL,brownhu01,31
2023,HOU,AL,diazya02,104
2023,HOU,AL,dubinsh01,3
2023,HOU,AL,dubonma01,132
2023,HOU,AL,francjp01,24
2023,HOU,AL,gagema01,5
2023,HOU,AL,garcilu05,6
2023,HOU,AL,graveke01,68
2023,HOU,AL,henslda01,30
2023,HOU,AL,javiecr01,31
2023,HOU,AL,julksco01,93
2023,HOU,AL,kessigr01,26
2023,HOU,AL,kuhnejo01,9
2023,HOU,AL,madribl01,12
2023,HOU,AL,maldoma01,117
2023,HOU,AL,martise01,35
2023,HOU,AL,matonph01,68
2023,HOU,AL,mccorch01,115
2023,HOU,AL,meyerja02,112
2023,HOU,AL,montera01,68
2023,HOU,AL,mushipa01,14
2023,HOU,AL,nerishe01,71
2023,HOU,AL,penaje02,150
2023,HOU,AL,pressry01,65
2023,HOU,AL,salazce01,13
2023,HOU,AL,singljo02,36
2023,HOU,AL,sousabe01,7
2023,HOU,AL,stanery01,55
2023,HOU,AL,tuckeky01,157
2023,HOU,AL,urquijo01,16
2023,HOU,AL,verlaju01,27
2023,KCA,AL,barlosc01,63
2023,KCA,AL,beatyma01,30
2023,KCA,AL,blancda02,69
2023,KCA,AL,bowlajo01,2
2023,KCA,AL,bradlja02,43
2023,KCA,AL,bubickr01,3
2023,KCA,AL,castima03,7
2023,KCA,AL,chapmar01,61
2023,KCA,AL,clarkta01,58
2023,KCA,AL,colemdy01,23
2023,KCA,AL,coxau01,24
2023,KCA,AL,croplty01,2
2023,KCA,AL,cruzst01,10
2023,KCA,AL,cuasjo01,72
2023,KCA,AL,davidtu01,38
2023,KCA,AL,doziehu01,29
2023,KCA,AL,duffyma01,79
2023,KCA,AL,eatonna01,28
2023,KCA,AL,fermifr01,70
2023,KCA,AL,garcima01,123
2023,KCA,AL,garream01,27
2023,KCA,AL,greinza01,30
2023,KCA,AL,hearnta01,13
2023,KCA,AL,heasljo01,12
2023,KCA,AL,hernaca04,67
2023,KCA,AL,isbelky01,91
2023,KCA,AL,kellebr01,11
2023,KCA,AL,kowarja01,23
2023,KCA,AL,kriskbr01,4
2023,KCA,AL,loftini01,19
2023,KCA,AL,lopezni01,94
2023,KCA,AL,lylesjo01,31
2023,KCA,AL,lynchda02,9
2023,KCA,AL,marshal01,17
2023,KCA,AL,massemi02,129
2023,KCA,AL,mayermi01,6
2023,KCA,AL,mcartja01,18
2023,KCA,AL,mcmiljo01,4
2023,KCA,AL,melenmj01,148
2023,KCA,AL,olivaed02,107
2023,KCA,AL,pasquvi01,61
2023,KCA,AL,perezsa02,140
2023,KCA,AL,portelo01,11
2023,KCA,AL,prattni01,95
2023,KCA,AL,raganco01,29
2023,KCA,AL,reyesfr01,19
2023,KCA,AL,singebr01,29
2023,KCA,AL,snideco01,20
2023,KCA,AL,staumjo01,21
2023,KCA,AL,taylojo02,17
2023,KCA,AL,taylosa04,31
2023,KCA,AL,velazne01,53
2023,KCA,AL,venezan01,2
2023,KCA,AL,waterdr01,98
2023,KCA,AL,wittbo02,158
2023,KCA,AL,wittgni01,27
2023,KCA,AL,yarbrry01,25
2023,KCA,AL,zerpaan01,15
2023,LAN,NL,almonye01,49
2023,LAN,NL,barneau01,59
2023,LAN,NL,bettsmo01,152
2023,LAN,NL,bickfph01,61
2023,LAN,NL,brasiry01,59
2023,LAN,NL,bruihju01,27
2023,LAN,NL,buschmi02,27
2023,LAN,NL,coveydy01,29
2023,LAN,NL,cyrty01,2
2023,LAN,NL,delucjo01,24
2023,LAN,NL,ferguca01,68
2023,LAN,NL,freemfr01,161
2023,LAN,NL,gonsoto01,20
2023,LAN,NL,gonzavi02,34
2023,LAN,NL,gratebr01,68
2023,LAN,NL,grovemi01,18
2023,LAN,NL,hernaen02,140
2023,LAN,NL,hernayo02,14
2023,LAN,NL,heywaja01,124
2023,LAN,NL,hudsobr01,6
2023,LAN,NL,hudsoda01,3
2023,LAN,NL,hurtky01,1
2023,LAN,NL,jacksan01,19
2023,LAN,NL,kellyjo05,42
2023,LAN,NL,kershcl01,24
2023,LAN,NL,kolarad01,5
2023,LAN,NL,lynnla01,32
2023,LAN,NL,marisja01,46
2023,LAN,NL,martijd02,113
2023,LAN,NL,maydu01,9
2023,LAN,NL,millebo06,22
2023,LAN,NL,millesh01,36
2023,LAN,NL,millety01,10
2023,LAN,NL,muncyma01,135
2023,LAN,NL,outmaja01,151
2023,LAN,NL,pepiory01,8
2023,LAN,NL,peralda01,133
2023,LAN,NL,phillev01,62
2023,LAN,NL,reedja02,1
2023,LAN,NL,roberni01,18
2023,LAN,NL,rojasmi02,125
2023,LAN,NL,rosaram01,142
2023,LAN,NL,scottta02,18
2023,LAN,NL,sheehem01,13
2023,LAN,NL,smithwi05,126
2023,LAN,NL,stonega01,8
2023,LAN,NL,suerowa01,5
2023,LAN,NL,syndeno01,18
2023,LAN,NL,tayloch03,117
2023,LAN,NL,thomptr01,72
2023,LAN,NL,uriasju01,21
2023,LAN,NL,vargami01,81
2023,LAN,NL,varlagu01,16
2023,LAN,NL,vesiaal01,56
2023,LAN,NL,willilu01,11
2023,LAN,NL,wongko01,87
2023,LAN,NL,wynnsau01,51
2023,LAN,NL,yarbrry01,25
2023,WAS,NL,abbotco01,22
2023,WAS,NL,abramcj01,151
2023,WAS,NL,adamsri03,44
2023,WAS,NL,adonjo01,12
2023,WAS,NL,aluja01,51
2023,WAS,NL,bandaan01,10
2023,WAS,NL,blanktr01,10
2023,WAS,NL,callal01,128
2023,WAS,NL,candeje01,140
2023,WAS,NL,chavimi01,48
2023,WAS,NL,corbipa01,32
2023,WAS,NL,dickeco01,50
2023,WAS,NL,downsje01,6
2023,WAS,NL,edwarca01,32
2023,WAS,NL,espinpa01,3
2023,WAS,NL,ferrejo01,39
2023,WAS,NL,finneky01,67
2023,WAS,NL,garcilu04,122
2023,WAS,NL,garciri01,10
2023,WAS,NL,garciro04,25
2023,WAS,NL,garrest01,89
2023,WAS,NL,gorema01,27
2023,WAS,NL,grayjo03,30
2023,WAS,NL,harriho02,16
2023,WAS,NL,harvehu01,57
2023,WAS,NL,hillde01,13
2023,WAS,NL,irvinja01,24
2023,WAS,NL,kieboca01,27
2023,WAS,NL,kuhlch01,16
2023,WAS,NL,lasorjo01,25
2023,WAS,NL,machaan02,44
2023,WAS,NL,menesjo01,154
2023,WAS,NL,milladr01,11
2023,WAS,NL,raineta01,1
2023,WAS,NL,ramirer02,38
2023,WAS,NL,roblevi01,36
2023,WAS,NL,ruizke01,136
2023,WAS,NL,ruthebl01,16
2023,WAS,NL,rutleja01,4
2023,WAS,NL,smithdo02,153
2023,WAS,NL,thomala02,157
2023,WAS,NL,thompma02,51
2023,WAS,NL,vargail01,86
2023,WAS,NL,wardth01,26
2023,WAS,NL,weemsjo01,51
2023,WAS,NL,willitr01,30
2023,WAS,NL,william01,18
2023,WAS,NL,youngja03,33
2023,NYN,NL,almonab01,8
2023,NYN,NL,alonspe01,154
2023,NYN,NL,alvarfr01,123
2023,NYN,NL,arauzjo01,27
2023,NYN,NL,batybr01,108
2023,NYN,NL,bickfph01,61
2023,NYN,NL,brighje01,37
2023,NYN,NL,canhama01,139
2023,NYN,NL,carraca01,20
2023,NYN,NL,coonrsa01,10
2023,NYN,NL,curtijo02,15
2023,NYN,NL,escobed01,100
2023,NYN,NL,garrere01,11
2023,NYN,NL,gotttr01,64
2023,NYN,NL,guilllu01,54
2023,NYN,NL,hartwgr01,28
2023,NYN,NL,hunteto02,14
2023,NYN,NL,kayan01,16
2023,NYN,NL,kolarad01,5
2023,NYN,NL,leonedo01,51
2023,NYN,NL,lindofr01,160
2023,NYN,NL,locasti01,43
2023,NYN,NL,lucchjo01,9
2023,NYN,NL,martest01,86
2023,NYN,NL,mauriro01,26
2023,NYN,NL,mcfartj01,3
2023,NYN,NL,mcneije01,156
2023,NYN,NL,megilty01,25
2023,NYN,NL,mendida01,35
2023,NYN,NL,millety01,10
2023,NYN,NL,muckeza01,3
2023,NYN,NL,narvaom01,49
2023,NYN,NL,nidoto01,22
2023,NYN,NL,nimmobr01,152
2023,NYN,NL,nittovi01,3
2023,NYN,NL,nogosst01,13
2023,NYN,NL,ortegra01,47
2023,NYN,NL,ottavad01,66
2023,NYN,NL,perezmi03,3
2023,NYN,NL,peterda01,27
2023,NYN,NL,phamth01,129
2023,NYN,NL,quintjo01,13
2023,NYN,NL,raleybr01,66
2023,NYN,NL,reidfse01,8
2023,NYN,NL,reyesde02,9
2023,NYN,NL,roberda08,62
2023,NYN,NL,sanchga02,75
2023,NYN,NL,santade01,9
2023,NYN,NL,scherma01,27
2023,NYN,NL,sengako01,29
2023,NYN,NL,smithdr01,63
2023,NYN,NL,stewadj01,58
2023,NYN,NL,ucetaed01,1
2023,NYN,NL,verlaju01,27
2023,NYN,NL,vientma01,65
2023,NYN,NL,vogelda01,104
2023,NYN,NL,walkejo03,14
2023,NYN,NL,yacabji01,7
2024,OAK,AL,adamsau02,56
2024,OAK,AL,alexasc01,45
2024,OAK,AL,allenni02,41
2024,OAK,AL,alvarar01,16
2024,OAK,AL,andujmi01,75
2024,OAK,AL,bassobr01,7
2024,OAK,AL,bidoos01,16
2024,OAK,AL,bielabr01,16
2024,OAK,AL,blackpa01,14
2024,OAK,AL,bledajj01,159
2024,OAK,AL,boylejo01,13
2024,OAK,AL,brookaa01,5
2024,OAK,AL,brownse01,124
2024,OAK,AL,butlela01,125
2024,OAK,AL,camerda01,66
2024,OAK,AL,davisjd01,46
2024,OAK,AL,diazal02,14
2024,OAK,AL,erceglu01,61
2024,OAK,AL,estesjo01,25
2024,OAK,AL,ferguty01,48
2024,OAK,AL,gelofza01,138
2024,OAK,AL,ginnjt01,8
2024,OAK,AL,graytr01,15
2024,OAK,AL,harribr02,36
2024,OAK,AL,harriho03,21
2024,OAK,AL,hernada04,48
2024,OAK,AL,holmagr01,18
2024,OAK,AL,jimenda02,25
2024,OAK,AL,junkja01,6
2024,OAK,AL,kellymi03,28
2024,OAK,AL,kleinwi01,8
2024,OAK,AL,langesh01,137
2024,OAK,AL,lucasea01,8
2024,OAK,AL,mccanky01,54
2024,OAK,AL,mcfartj01,79
2024,OAK,AL,medinlu02,8
2024,OAK,AL,millema03,55
2024,OAK,AL,mulleky01,21
2024,OAK,AL,nevinty01,87
2024,OAK,AL,newcose01,7
2024,OAK,AL,nittovi01,9
2024,OAK,AL,nodary01,36
2024,OAK,AL,olougja01,4
2024,OAK,AL,otanemi01,36
2024,OAK,AL,reyesge01,3
2024,OAK,AL,rookebr01,145
2024,OAK,AL,ruizes01,29
2024,OAK,AL,schuema01,133
2024,OAK,AL,searsjp01,32
2024,OAK,AL,soderty01,61
2024,OAK,AL,spencmi01,35
2024,OAK,AL,stripro01,22
2024,OAK,AL,toroab01,94
2024,OAK,AL,wilsoja05,28
2024,OAK,AL,woodal02,9
2024,PIT,NL,baeji01,29
2024,PIT,NL,bartjo01,80
2024,PIT,NL,bednada01,62
2024,PIT,NL,beeksja01,71
2024,PIT,NL,borucry01,14
2024,PIT,NL,bruihju01,7
2024,PIT,NL,burromi01,1
2024,PIT,NL,chapmar01,68
2024,PIT,NL,contrro01,49
2024,PIT,NL,cookbi01,16
2024,PIT,NL,cruzon01,146
2024,PIT,NL,davishe01,37
2024,PIT,NL,delacbr01,149
2024,PIT,NL,delayja01,7
2024,PIT,NL,falteba01,28
2024,PIT,NL,feiglbr01,1
2024,PIT,NL,flemijo01,25
2024,PIT,NL,germado01,7
2024,PIT,NL,gonzama02,7
2024,PIT,NL,gonzani01,94
2024,PIT,NL,grandya01,72
2024,PIT,NL,hayeske01,96
2024,PIT,NL,hellebe01,8
2024,PIT,NL,hernajo03,7
2024,PIT,NL,holdeco01,55
2024,PIT,NL,honeybr01,20
2024,PIT,NL,jeffeda01,6
2024,PIT,NL,joeco01,123
2024,PIT,NL,jonesja09,22
2024,PIT,NL,kellemi03,31
2024,PIT,NL,kineris01,133
2024,PIT,NL,kochgr01,3
2024,PIT,NL,mattsis01,3
2024,PIT,NL,mccutan01,120
2024,PIT,NL,mckinbi01,10
2024,PIT,NL,mlodzca01,40
2024,PIT,NL,nicolky01,51
2024,PIT,NL,olivaed02,55
2024,PIT,NL,ortizlu03,37
2024,PIT,NL,palacjo01,23
2024,PIT,NL,pegueli01,3
2024,PIT,NL,perezma02,26
2024,PIT,NL,priesqu01,11
2024,PIT,NL,reynobr01,156
2024,PIT,NL,ryanry01,15
2024,PIT,NL,santade01,62
2024,PIT,NL,skenepa01,23
2024,PIT,NL,strathu01,36
2024,PIT,NL,suwinja01,88
2024,PIT,NL,taylomi02,113
2024,PIT,NL,tellero01,132
2024,PIT,NL,triolja01,125
2024,PIT,NL,wentzjo01,46
2024,PIT,NL,willial04,37
2024,PIT,NL,woodfja01,9
2024,PIT,NL,yorkeni01,11
2024,SDN,NL,adamja01,74
2024,SDN,NL,ahmedni01,71
2024,SDN,NL,arraelu01,150
2024,SDN,NL,avilape01,54
2024,SDN,NL,azocajo01,61
2024,SDN,NL,battema01,1
2024,SDN,NL,bogaexa01,111
2024,SDN,NL,britojh01,26
2024,SDN,NL,campulu01,91
2024,SDN,NL,ceasedy01,33
2024,SDN,NL,cosgrto01,18
2024,SDN,NL,croneja01,155
2024,SDN,NL,darviyu01,16
2024,SDN,NL,davisau01,7
2024,SDN,NL,delosen01,64
2024,SDN,NL,diazel01,96
2024,SDN,NL,edwarca01,1
2024,SDN,NL,estraje01,62
2024,SDN,NL,gillalo01,9
2024,SDN,NL,higasky01,84
2024,SDN,NL,hoeinbr01,34
2024,SDN,NL,jacobal01,7
2024,SDN,NL,johnsbr03,47
2024,SDN,NL,kimha01,121
2024,SDN,NL,kingmi01,31
2024,SDN,NL,kolekst01,42
2024,SDN,NL,lockrbr01,12
2024,SDN,NL,machama01,152
2024,SDN,NL,matsuyu01,64
2024,SDN,NL,mazurad01,8
2024,SDN,NL,mccoyma01,19
2024,SDN,NL,merrija01,156
2024,SDN,NL,morejad01,60
2024,SDN,NL,musgrjo01,19
2024,SDN,NL,paulegr01,13
2024,SDN,NL,peralda01,91
2024,SDN,NL,peralwa01,46
2024,SDN,NL,perezma02,26
2024,SDN,NL,profaju01,158
2024,SDN,NL,reynose01,9
2024,SDN,NL,rosareg01,30
2024,SDN,NL,scottta01,72
2024,SDN,NL,solando01,96
2024,SDN,NL,suarero01,65
2024,SDN,NL,sullibr01,7
2024,SDN,NL,tatisfe02,102
2024,SDN,NL,vasqura02,20
2024,SDN,NL,wadety01,90
2024,SDN,NL,waldrma01,27
2024,SEA,AL,arozara01,154
2024,SEA,AL,baumami01,57
2024,SEA,AL,bazared01,23
2024,SEA,AL,blissry01,33
2024,SEA,AL,boltoco01,17
2024,SEA,AL,bowmama01,25
2024,SEA,AL,canzodo01,67
2024,SEA,AL,castilu02,30
2024,SEA,AL,chargjt01,36
2024,SEA,AL,clasejo01,26
2024,SEA,AL,crawfjp01,105
2024,SEA,AL,diazjh01,5
2024,SEA,AL,francty01,140
2024,SEA,AL,garciyi01,39
2024,SEA,AL,garvemi01,114
2024,SEA,AL,gilbelo01,33
2024,SEA,AL,haggesa01,8
2024,SEA,AL,hancoem01,12
2024,SEA,AL,hanigmi01,121
2024,SEA,AL,hernajo02,29
2024,SEA,AL,kirbyge01,33
2024,SEA,AL,locklty01,16
2024,SEA,AL,marloca01,8
2024,SEA,AL,millebr04,31
2024,SEA,AL,millety01,58
2024,SEA,AL,mooredy01,135
2024,SEA,AL,munozan01,60
2024,SEA,AL,polanjo01,118
2024,SEA,AL,raleica01,153
2024,SEA,AL,raleylu01,137
2024,SEA,AL,rivasle01,43
2024,SEA,AL,roblevi01,91
2024,SEA,AL,rodriju01,143
2024,SEA,AL,rojasjo01,143
2024,SEA,AL,santogr01,8
2024,SEA,AL,sauceta01,53
2024,SEA,AL,sneadki01,11
2024,SEA,AL,snideco01,42
2024,SEA,AL,speiega01,29
2024,SEA,AL,stanery01,63
2024,SEA,AL,taylosa04,3
2024,SEA,AL,taylotr01,21
2024,SEA,AL,thorntr01,71
2024,SEA,AL,turneju01,139
2024,SEA,AL,uriaslu01,41
2024,SEA,AL,vosleja01,10
2024,SEA,AL,vothau01,68
2024,SEA,AL,woobr01,22
2024,SEA,AL,zavalse01,18
2024,SEA,AL,degeubr01,13
2024,SFN,NL,ahmedni01,71
2024,SFN,NL,avilani01,8
2024,SFN,NL,bailepa01,121
2024,SFN,NL,baumami01,57
2024,SFN,NL,becktr01,7
2024,SFN,NL,birdsha01,16
2024,SFN,NL,bivensp01,27
2024,SFN,NL,blackma01,9
2024,SFN,NL,brooktr01,12
2024,SFN,NL,burgora01,1
2024,SFN,NL,canhama01,125
2024,SFN,NL,casalcu01,41
2024,SFN,NL,chapmma01,154
2024,SFN,NL,confomi01,130
2024,SFN,NL,dovalca01,62
2024,SFN,NL,encarje01,35
2024,SFN,NL,estrath01,96
2024,SFN,NL,fitzgty01,96
2024,SFN,NL,florewi01,71
2024,SFN,NL,harriky01,24
2024,SFN,NL,hicksjo03,29
2024,SFN,NL,hillde01,53
2024,SFN,NL,hjellse01,58
2024,SFN,NL,howarsp01,9
2024,SFN,NL,jackslu01,52
2024,SFN,NL,jeffeda01,6
2024,SFN,NL,knappan01,3
2024,SFN,NL,leeju01,37
2024,SFN,NL,luciama01,27
2024,SFN,NL,matoslu02,45
2024,SFN,NL,mccragr01,37
2024,SFN,NL,mcdontr01,1
2024,SFN,NL,mckenry01,13
2024,SFN,NL,milleer01,73
2024,SFN,NL,murphto04,13
2024,SFN,NL,ramoshe02,121
2024,SFN,NL,rayro02,7
2024,SFN,NL,reetzja01,6
2024,SFN,NL,rodrira02,35
2024,SFN,NL,rogerta01,64
2024,SFN,NL,rogerty01,77
2024,SFN,NL,rouppla01,23
2024,SFN,NL,sabolbl01,11
2024,SFN,NL,schmica01,40
2024,SFN,NL,slateau01,84
2024,SFN,NL,snellbl01,20
2024,SFN,NL,solerjo01,142
2024,SFN,NL,tengka01,4
2024,SFN,NL,villada01,11
2024,SFN,NL,wadela01,117
2024,SFN,NL,walkery01,76
2024,SFN,NL,waltodo01,9
2024,SFN,NL,warreau01,6
2024,SFN,NL,webblo01,33
2024,SFN,NL,whitemi03,13
2024,SFN,NL,winnke01,12
2024,SFN,NL,wiselbr01,91
2024,SFN,NL,yastrmi01,140
2024,SLN,NL,arenano01,152
2024,SLN,NL,armstsh01,57
2024,SLN,NL,bakerlu01,21
2024,SLN,NL,burleal01,152
2024,SLN,NL,carlsdy01,96
2024,SLN,NL,carpema01,59
2024,SLN,NL,contrwi01,84
2024,SLN,NL,crawfbr01,29
2024,SLN,NL,donovbr01,153
2024,SLN,NL,feddeer01,31
2024,SLN,NL,fermijo01,45
2024,SLN,NL,fernary01,62
2024,SLN,NL,gallegi01,21
2024,SLN,NL,gibsoky01,30
2024,SLN,NL,goldspa01,154
2024,SLN,NL,gormano01,107
2024,SLN,NL,gracego01,2
2024,SLN,NL,grayso01,28
2024,SLN,NL,helslry01,65
2024,SLN,NL,herreiv01,72
2024,SLN,NL,kingjo01,56
2024,SLN,NL,kittran01,74
2024,SLN,NL,kloffad01,1
2024,SLN,NL,leahyky01,33
2024,SLN,NL,liberma01,60
2024,SLN,NL,loutory01,3
2024,SLN,NL,lynnla01,23
2024,SLN,NL,matzst01,12
2024,SLN,NL,mcgremi01,4
2024,SLN,NL,mikolmi01,32
2024,SLN,NL,nootbla01,109
2024,SLN,NL,obrieri01,8
2024,SLN,NL,pagespe02,68
2024,SLN,NL,pallaan01,29
2024,SLN,NL,phamth01,116
2024,SLN,NL,roberni01,9
2024,SLN,NL,romerjo01,65
2024,SLN,NL,roycrch01,27
2024,SLN,NL,saggeth01,18
2024,SLN,NL,scottvi01,53
2024,SLN,NL,sianimi01,124
2024,SLN,NL,thompza02,5
2024,SLN,NL,walkejo02,51
2024,SLN,NL,winnma01,150
2024,TBA,AL,adamja01,74
2024,TBA,AL,alexaty01,23
2024,TBA,AL,arandjo01,44
2024,TBA,AL,armstsh01,57
2024,TBA,AL,arozara01,154
2024,TBA,AL,bazsh01,14
2024,TBA,AL,biggehu01,19
2024,TBA,AL,bradlta01,25
2024,TBA,AL,brantro01,3
2024,TBA,AL,cabaljo01,139
2024,TBA,AL,caminju01,43
2024,TBA,AL,carlsdy01,96
2024,TBA,AL,civalaa01,31
2024,TBA,AL,cleavga01,68
2024,TBA,AL,delucjo01,107
2024,TBA,AL,devench02,19
2024,TBA,AL,diazya01,145
2024,TBA,AL,drisclo01,15
2024,TBA,AL,eflinza01,28
2024,TBA,AL,fairbpe01,46
2024,TBA,AL,goodrni01,13
2024,TBA,AL,jacksal02,58
2024,TBA,AL,kellyke02,68
2024,TBA,AL,kuhnejo01,6
2024,TBA,AL,litteza01,29
2024,TBA,AL,lopezja04,4
2024,TBA,AL,lovelri01,35
2024,TBA,AL,lowebr01,107
2024,TBA,AL,lowejo01,106
2024,TBA,AL,matonph01,71
2024,TBA,AL,meadcu01,38
2024,TBA,AL,misneka01,8
2024,TBA,AL,montgma01,9
2024,TBA,AL,morelch01,152
2024,TBA,AL,palacri01,92
2024,TBA,AL,paredis01,153
2024,TBA,AL,pepiory01,26
2024,TBA,AL,pintore02,19
2024,TBA,AL,pocheco01,43
2024,TBA,AL,ramirer02,13
2024,TBA,AL,ramirha02,73
2024,TBA,AL,rasmudr01,16
2024,TBA,AL,rodrima01,40
2024,TBA,AL,rortvbe01,112
2024,TBA,AL,rosaram01,103
2024,TBA,AL,shentau01,19
2024,TBA,AL,sirijo01,130
2024,TBA,AL,sprinje01,7
2024,TBA,AL,sternju01,2
2024,TBA,AL,sulseco01,10
2024,TBA,AL,ucetaed01,30
2024,TBA,AL,wagueja01,4
2024,TBA,AL,wallsta01,84
2024,TBA,AL,zuberty01,2
2024,TEX,AL,anderch01,29
2024,TEX,AL,andergr01,23
2024,TEX,AL,andersh01,6
2024,TEX,AL,bradfco01,14
2024,TEX,AL,burkebr01,34
2024,TEX,AL,carteev01,45
2024,TEX,AL,chafian01,62
2024,TEX,AL,churcma01,1
2024,TEX,AL,duffyma01,4
2024,TEX,AL,dunnida01,26
2024,TEX,AL,duranez01,92
2024,TEX,AL,eovalna01,29
2024,TEX,AL,fabiasa01,3
2024,TEX,AL,festama01,19
2024,TEX,AL,foscuju01,15
2024,TEX,AL,garabge01,18
2024,TEX,AL,garciad02,154
2024,TEX,AL,grayjo02,24
2024,TEX,AL,grossro01,86
2024,TEX,AL,harridu01,2
2024,TEX,AL,heanean01,32
2024,TEX,AL,heimjo01,131
2024,TEX,AL,hernajo02,29
2024,TEX,AL,hillde01,53
2024,TEX,AL,huffsa01,3
2024,TEX,AL,jankotr01,104
2024,TEX,AL,jungjo01,46
2024,TEX,AL,kellyca02,91
2024,TEX,AL,kniznan01,37
2024,TEX,AL,langfwy01,134
2024,TEX,AL,latzja01,46
2024,TEX,AL,leclejo01,64
2024,TEX,AL,leiteja01,9
2024,TEX,AL,lorenmi01,26
2024,TEX,AL,lowena01,140
2024,TEX,AL,mahlety01,3
2024,TEX,AL,orneljo01,18
2024,TEX,AL,penniwa01,16
2024,TEX,AL,pruitau01,4
2024,TEX,AL,roberda11,4
2024,TEX,AL,roberda08,68
2024,TEX,AL,rockeku01,3
2024,TEX,AL,rodriye01,16
2024,TEX,AL,sborzjo01,17
2024,TEX,AL,scherma01,9
2024,TEX,AL,seageco01,123
2024,TEX,AL,semiema01,159
2024,TEX,AL,smithjo09,149
2024,TEX,AL,taverle01,151
2024,TEX,AL,tinocje01,32
2024,TEX,AL,urenajo01,33
2024,TEX,AL,walshja01,17
2024,TEX,AL,wendzda01,27
2024,TEX,AL,whiteow01,3
2024,TEX,AL,winnco01,13
2024,TEX,AL,yateski01,61
2024,TEX,AL,degroja01,3
2024,TOR,AL,bargead01,69
2024,TOR,AL,bassich01,31
2024,TOR,AL,berrijo01,32
2024,TOR,AL,berrost01,28
2024,TOR,AL,bichebo01,81
2024,TOR,AL,biggica01,78
2024,TOR,AL,burrry01,34
2024,TOR,AL,cabrege01,69
2024,TOR,AL,clasejo01,26
2024,TOR,AL,clemeer01,139
2024,TOR,AL,cuasjo01,13
2024,TOR,AL,deloslu03,13
2024,TOR,AL,eiserbr01,3
2024,TOR,AL,espinpa01,3
2024,TOR,AL,francbo01,27
2024,TOR,AL,friaslu01,11
2024,TOR,AL,garciyi01,39
2024,TOR,AL,gausmke01,31
2024,TOR,AL,greench03,53
2024,TOR,AL,guerrvl02,159
2024,TOR,AL,heinety01,8
2024,TOR,AL,horwisp01,97
2024,TOR,AL,janseda01,91
2024,TOR,AL,jimenle01,63
2024,TOR,AL,kiermke01,116
2024,TOR,AL,kikucyu01,32
2024,TOR,AL,kineris01,133
2024,TOR,AL,kirkal01,103
2024,TOR,AL,littlbr02,49
2024,TOR,AL,loperjo01,81
2024,TOR,AL,lucasea01,8
2024,TOR,AL,lukesna01,22
2024,TOR,AL,manoaal01,5
2024,TOR,AL,martior01,1
2024,TOR,AL,mayzati01,50
2024,TOR,AL,nanceto01,20
2024,TOR,AL,parsowe01,4
2024,TOR,AL,pearsna01,60
2024,TOR,AL,popza01,58
2024,TOR,AL,richatr01,55
2024,TOR,AL,roberni01,9
2024,TOR,AL,rodriya01,21
2024,TOR,AL,rodriye01,16
2024,TOR,AL,romanjo03,15
2024,TOR,AL,schneda03,135
2024,TOR,AL,servebr01,28
2024,TOR,AL,springe01,145
2024,TOR,AL,swanser01,45
2024,TOR,AL,tatedi01,33
2024,TOR,AL,turneju01,139
2024,TOR,AL,varshda01,136
2024,TOR,AL,vogelda01,31
2024,TOR,AL,wagnewi01,24
2024,TOR,AL,whitemi03,13
2024,TOR,AL,yarbrry01,44
2024,TOR,AL,degeubr01,13
2024,MIN,AL,alcaljo01,54
2024,MIN,AL,blewesc01,12
2024,MIN,AL,boushca01,2
2024,MIN,AL,bowmama01,25
2024,MIN,AL,buxtoby01,102
2024,MIN,AL,camarja01,5
2024,MIN,AL,castidi02,4
2024,MIN,AL,castidi01,7
2024,MIN,AL,castrwi01,158
2024,MIN,AL,correca01,86
2024,MIN,AL,dobnara01,5
2024,MIN,AL,duartda01,2
2024,MIN,AL,duranjh01,58
2024,MIN,AL,farmeky01,107
2024,MIN,AL,festada01,14
2024,MIN,AL,fundeko01,27
2024,MIN,AL,headrbr01,1
2024,MIN,AL,helmami01,9
2024,MIN,AL,henriro01,16
2024,MIN,AL,irvinco01,29
2024,MIN,AL,jacksja01,20
2024,MIN,AL,jaxgr01,72
2024,MIN,AL,jeffery01,122
2024,MIN,AL,julieed01,94
2024,MIN,AL,keirsda01,6
2024,MIN,AL,keplema01,105
2024,MIN,AL,kirilal01,57
2024,MIN,AL,larnatr01,112
2024,MIN,AL,leebr02,50
2024,MIN,AL,lewisro02,82
2024,MIN,AL,lopezpa01,32
2024,MIN,AL,margoma01,129
2024,MIN,AL,martiau01,93
2024,MIN,AL,matthze01,9
2024,MIN,AL,miranjo01,121
2024,MIN,AL,oberba01,31
2024,MIN,AL,okertst01,44
2024,MIN,AL,paddach01,17
2024,MIN,AL,richatr01,55
2024,MIN,AL,ryanjo04,23
2024,MIN,AL,sandsco01,62
2024,MIN,AL,santaca01,150
2024,MIN,AL,staumjo01,25
2024,MIN,AL,stewabr01,16
2024,MIN,AL,thielca01,59
2024,MIN,AL,tonkimi01,57
2024,MIN,AL,topaju01,3
2024,MIN,AL,varlalo01,16
2024,MIN,AL,vazquch01,93
2024,MIN,AL,wallnma01,75
2024,MIN,AL,windejo01,4
2024,MIN,AL,woodssi01,28
2024,PHI,NL,allarko01,7
2024,PHI,NL,alvarjo03,66
2024,PHI,NL,banksta01,63
2024,PHI,NL,bohmal01,143
2024,PHI,NL,brogdco01,4
2024,PHI,NL,casteni01,162
2024,PHI,NL,clemeko01,44
2024,PHI,NL,dahlda01,19
2024,PHI,NL,dominse01,63
2024,PHI,NL,estevca01,54
2024,PHI,NL,garciar01,3
2024,PHI,NL,gilbety01,6
2024,PHI,NL,harpebr03,145
2024,PHI,NL,haysau01,85
2024,PHI,NL,hoffmje02,68
2024,PHI,NL,johnsse01,1
2024,PHI,NL,kennebu01,14
2024,PHI,NL,kerkeor01,64
2024,PHI,NL,lazarma01,11
2024,PHI,NL,marchra01,17
2024,PHI,NL,marshbr02,135
2024,PHI,NL,marteyu01,23
2024,PHI,NL,mercami01,5
2024,PHI,NL,merriwh01,95
2024,PHI,NL,nelsoni01,4
2024,PHI,NL,nolaaa01,33
2024,PHI,NL,ortizlu02,1
2024,PHI,NL,pachecr01,88
2024,PHI,NL,phillty01,8
2024,PHI,NL,pintori01,6
2024,PHI,NL,realmjt01,99
2024,PHI,NL,rojasjo03,120
2024,PHI,NL,ruizjo01,52
2024,PHI,NL,sanchcr01,31
2024,PHI,NL,schwaky01,150
2024,PHI,NL,sosaed01,90
2024,PHI,NL,sotogr01,66
2024,PHI,NL,steveca01,18
2024,PHI,NL,stottbr01,148
2024,PHI,NL,strahma01,66
2024,PHI,NL,stubbga01,56
2024,PHI,NL,suarera01,27
2024,PHI,NL,turnbsp01,17
2024,PHI,NL,turnetr01,121
2024,PHI,NL,walketa01,19
2024,PHI,NL,wheelza01,32
2024,PHI,NL,wilsowe01,41
2024,ATL,NL,acunaro01,49
2024,ATL,NL,albieoz01,99
2024,ATL,NL,alvarna01,8
2024,ATL,NL,anderbr06,3
2024,ATL,NL,arciaor01,157
2024,ATL,NL,biggica01,78
2024,ATL,NL,brebbjo01,59
2024,ATL,NL,bummeaa01,56
2024,ATL,NL,chaveje01,46
2024,ATL,NL,dodddy01,1
2024,ATL,NL,dunshpa01,1
2024,ATL,NL,duvalad01,104
2024,ATL,NL,elderbr01,10
2024,ATL,NL,fletcda02,5
2024,ATL,NL,friedma01,29
2024,ATL,NL,guilllu01,79
2024,ATL,NL,harrimi04,110
2024,ATL,NL,hergeji01,8
2024,ATL,NL,hernada03,16
2024,ATL,NL,holmegr01,26
2024,ATL,NL,iglesra01,66
2024,ATL,NL,jackslu01,52
2024,ATL,NL,jimenjo02,69
2024,ATL,NL,johnspi01,58
2024,ATL,NL,kelenja01,131
2024,ATL,NL,kerrra01,10
2024,ATL,NL,laurera01,98
2024,ATL,NL,leedy01,52
2024,ATL,NL,lopezre01,26
2024,ATL,NL,martijp01,7
2024,ATL,NL,matzety01,11
2024,ATL,NL,merriwh01,95
2024,ATL,NL,minteaj01,39
2024,ATL,NL,mortoch02,30
2024,ATL,NL,murphse01,72
2024,ATL,NL,olsonma02,162
2024,ATL,NL,ozunama01,162
2024,ATL,NL,rileyau01,110
2024,ATL,NL,rosared01,91
2024,ATL,NL,salech01,29
2024,ATL,NL,schwesp01,21
2024,ATL,NL,shortza01,42
2024,ATL,NL,smithaj01,1
2024,ATL,NL,solerjo01,142
2024,ATL,NL,stephja01,3
2024,ATL,NL,stridsp01,2
2024,ATL,NL,trompch01,19
2024,ATL,NL,urshegi01,128
2024,ATL,NL,vinesda01,4
2024,ATL,NL,waldrhu01,2
2024,ATL,NL,wallfo01,16
2024,ATL,NL,whiteel04,35
2024,ATL,NL,willilu01,37
2024,ATL,NL,winanal01,2
2024,ATL,NL,darnatr01,99
2024,CHA,AL,amayaja01,24
2024,CHA,AL,anderju01,56
2024,CHA,AL,baldwbr01,33
2024,CHA,AL,banksta01,63
2024,CHA,AL,beninan01,135
2024,CHA,AL,berropr01,17
2024,CHA,AL,brebbjo01,59
2024,CHA,AL,burkese01,4
2024,CHA,AL,bushky01,4
2024,CHA,AL,cannojo02,23
2024,CHA,AL,clevimi01,4
2024,CHA,AL,colasos01,13
2024,CHA,AL,crochga01,32
2024,CHA,AL,delosen01,64
2024,CHA,AL,dejonpa01,139
2024,CHA,AL,ederja01,1
2024,CHA,AL,ellarfr01,25
2024,CHA,AL,ellisdu01,11
2024,CHA,AL,feddeer01,31
2024,CHA,AL,fletcdo01,72
2024,CHA,AL,flexech01,33
2024,CHA,AL,fostema01,6
2024,CHA,AL,garcide01,14
2024,CHA,AL,grossro01,86
2024,CHA,AL,hillti01,62
2024,CHA,AL,iriarja01,6
2024,CHA,AL,jimenel02,98
2024,CHA,AL,julksco01,66
2024,CHA,AL,kellebr01,16
2024,CHA,AL,kopecmi01,67
2024,CHA,AL,kuhlch01,31
2024,CHA,AL,leasujo01,33
2024,CHA,AL,leeko01,125
2024,CHA,AL,leonedo01,23
2024,CHA,AL,lopezni01,124
2024,CHA,AL,maldoma01,48
2024,CHA,AL,martida03,11
2024,CHA,AL,mendida01,47
2024,CHA,AL,moncayo01,12
2024,CHA,AL,nastrni01,9
2024,CHA,AL,ortegra01,14
2024,CHA,AL,peralsa01,9
2024,CHA,AL,phamth01,116
2024,CHA,AL,pillake01,100
2024,CHA,AL,ramosbr01,32
2024,CHA,AL,remilza01,15
2024,CHA,AL,roberlu01,100
2024,CHA,AL,robinch03,26
2024,CHA,AL,senzeni01,74
2024,CHA,AL,shawbr01,5
2024,CHA,AL,sheetga01,139
2024,CHA,AL,shewmbr01,29
2024,CHA,AL,shustja01,39
2024,CHA,AL,sorokmi01,25
2024,CHA,AL,sosale01,100
2024,CHA,AL,thorpdr01,9
2024,CHA,AL,toussto01,11
2024,CHA,AL,vargami01,72
2024,CHA,AL,varlagu01,26
2024,CHA,AL,vaughan01,149
2024,CHA,AL,wilsost02,40
2024,CHA,AL,woodfja01,9
2024,MIA,NL,andersh01,6
2024,MIA,NL,anderti01,65
2024,MIA,NL,andrima01,4
2024,MIA,NL,arraelu01,150
2024,MIA,NL,bachala01,10
2024,MIA,NL,baumami01,57
2024,MIA,NL,belljo02,145
2024,MIA,NL,bellova01,13
2024,MIA,NL,bendean01,59
2024,MIA,NL,bermujo01,3
2024,MIA,NL,bethach01,62
2024,MIA,NL,brazohu01,39
2024,MIA,NL,bridejo01,71
2024,MIA,NL,brujavi01,102
2024,MIA,NL,burgeja01,137
2024,MIA,NL,cabreed02,20
2024,MIA,NL,chargjt01,36
2024,MIA,NL,chiriyo01,6
2024,MIA,NL,chishja01,147
2024,MIA,NL,coningr01,30
2024,MIA,NL,cronide01,56
2024,MIA,NL,curryxz01,16
2024,MIA,NL,delacbr01,149
2024,MIA,NL,deverjo01,3
2024,MIA,NL,edwarxa01,70
2024,MIA,NL,emanuke01,12
2024,MIA,NL,fauchca01,53
2024,MIA,NL,forteni01,110
2024,MIA,NL,garciav01,18
2024,MIA,NL,garrebr01,7
2024,MIA,NL,gordoni01,95
2024,MIA,NL,graytr01,15
2024,MIA,NL,gutievl01,1
2024,MIA,NL,henslda01,23
2024,MIA,NL,hillde01,53
2024,MIA,NL,hoeinbr01,34
2024,MIA,NL,kitchau01,4
2024,MIA,NL,lopezot01,117
2024,MIA,NL,luzarje01,12
2024,MIA,NL,maldoan01,16
2024,MIA,NL,mccauda01,12
2024,MIA,NL,mcmiljo01,10
2024,MIA,NL,meyerma01,11
2024,MIA,NL,munozro01,18
2024,MIA,NL,myersda01,44
2024,MIA,NL,nardian01,59
2024,MIA,NL,norbyco01,45
2024,MIA,NL,ollerad01,8
2024,MIA,NL,pachecr01,88
2024,MIA,NL,peredjh01,20
2024,MIA,NL,petermi01,16
2024,MIA,NL,pukaj01,62
2024,MIA,NL,ramirem01,15
2024,MIA,NL,riverem01,124
2024,MIA,NL,rogertr01,25
2024,MIA,NL,sanchal04,31
2024,MIA,NL,sanchje02,149
2024,MIA,NL,sanchsi01,14
2024,MIA,NL,sanojja01,15
2024,MIA,NL,scottta01,72
2024,MIA,NL,smithbu03,50
2024,MIA,NL,soriage01,22
2024,MIA,NL,stoweky01,69
2024,MIA,NL,tinocje01,32
2024,MIA,NL,tylerky01,8
2024,MIA,NL,venezan01,12
2024,MIA,NL,villael02,3
2024,MIA,NL,wallfo01,16
2024,MIA,NL,weathry01,16
2024,MIA,NL,degeubr01,13
2024,NYA,AL,andrecl02,1
2024,NYA,AL,beetecl01,3
2024,NYA,AL,bertijo01,25
2024,NYA,AL,bickfph01,8
2024,NYA,AL,burdini01,12
2024,NYA,AL,cabreos01,109
2024,NYA,AL,chishja01,147
2024,NYA,AL,colege01,17
2024,NYA,AL,cortene01,31
2024,NYA,AL,cousija01,37
2024,NYA,AL,davisjd01,46
2024,NYA,AL,delosen01,64
2024,NYA,AL,dominja01,18
2024,NYA,AL,effrosc01,3
2024,NYA,AL,ellisdu01,11
2024,NYA,AL,ferguca01,62
2024,NYA,AL,gillu01,29
2024,NYA,AL,gomezyo01,5
2024,NYA,AL,gonzavi02,27
2024,NYA,AL,grishtr01,76
2024,NYA,AL,hamilia01,35
2024,NYA,AL,hillti01,62
2024,NYA,AL,holmecl01,67
2024,NYA,AL,jonesja08,33
2024,NYA,AL,judgeaa01,158
2024,NYA,AL,kahnlto01,50
2024,NYA,AL,lemahdj01,67
2024,NYA,AL,leitema02,60
2024,NYA,AL,loaisjo01,3
2024,NYA,AL,maciejo01,4
2024,NYA,AL,marinro01,16
2024,NYA,AL,mayzati01,50
2024,NYA,AL,misiean01,1
2024,NYA,AL,narvaca01,6
2024,NYA,AL,perazos02,4
2024,NYA,AL,poteeco01,5
2024,NYA,AL,ricebe01,50
2024,NYA,AL,rizzoan01,92
2024,NYA,AL,rodonca01,32
2024,NYA,AL,santade01,62
2024,NYA,AL,schmicl01,16
2024,NYA,AL,smithke05,2
2024,NYA,AL,sotoju01,157
2024,NYA,AL,stantmi03,114
2024,NYA,AL,stromma01,30
2024,NYA,AL,tonkimi01,57
2024,NYA,AL,torregl01,154
2024,NYA,AL,trammta01,10
2024,NYA,AL,trevijo01,74
2024,NYA,AL,verdual01,149
2024,NYA,AL,volpean01,160
2024,NYA,AL,warrewi01,6
2024,NYA,AL,weavelu01,62
2024,NYA,AL,wellsau01,115
2024,MIL,NL,adamewi01,161
2024,MIL,NL,ashbyaa01,14
2024,MIL,NL,bauerja01,117
2024,MIL,NL,blackty01,18
2024,MIL,NL,blalobr01,7
2024,MIL,NL,bukaujb01,6
2024,MIL,NL,capravi01,3
2024,MIL,NL,chourja01,148
2024,MIL,NL,civalaa01,31
2024,MIL,NL,colliis01,11
2024,MIL,NL,contrwi02,155
2024,MIL,NL,dunnol01,41
2024,MIL,NL,frelisa01,145
2024,MIL,NL,gassero01,5
2024,MIL,NL,haaseer01,30
2024,MIL,NL,halldl01,13
2024,MIL,NL,hergeke01,7
2024,MIL,NL,hernael01,9
2024,MIL,NL,hicklbr01,3
2024,MIL,NL,hoskirh01,131
2024,MIL,NL,hudsobr01,43
2024,MIL,NL,jayty01,5
2024,MIL,NL,junisja01,24
2024,MIL,NL,junkja01,6
2024,MIL,NL,keuchda01,4
2024,MIL,NL,koenija01,55
2024,MIL,NL,mearsni01,54
2024,MIL,NL,meekeja01,1
2024,MIL,NL,megiltr01,48
2024,MIL,NL,mileywa01,2
2024,MIL,NL,milleow01,14
2024,MIL,NL,milneho01,61
2024,MIL,NL,mitchga01,69
2024,MIL,NL,monasan01,59
2024,MIL,NL,montafr01,30
2024,MIL,NL,myersto01,27
2024,MIL,NL,ortizjo06,142
2024,MIL,NL,pareden01,18
2024,MIL,NL,payamjo01,68
2024,MIL,NL,pegueel01,52
2024,MIL,NL,peralfr01,32
2024,MIL,NL,perkibl01,121
2024,MIL,NL,reaco01,32
2024,MIL,NL,rodrica02,3
2024,MIL,NL,rollech01,1
2024,MIL,NL,rossjo01,25
2024,MIL,NL,sanchga02,89
2024,MIL,NL,turanbr02,155
2024,MIL,NL,uribeab01,14
2024,MIL,NL,vieirth01,28
2024,MIL,NL,whitemi03,13
2024,MIL,NL,wiemejo01,21
2024,MIL,NL,willide03,22
2024,MIL,NL,wilsobr02,34
2024,MIL,NL,yelicch01,73
2024,MIL,NL,zastrro01,9
2024,ANA,AL,adamsjo03,11
2024,ANA,AL,adelljo01,130
2024,ANA,AL,adriaeh01,8
2024,ANA,AL,aldegsa01,3
2024,ANA,AL,anderty01,31
2024,ANA,AL,baumami01,57
2024,ANA,AL,burkebr01,34
2024,ANA,AL,calhowi01,68
2024,ANA,AL,campegu01,13
2024,ANA,AL,cannigr01,32
2024,ANA,AL,cimbead01,28
2024,ANA,AL,cisnejo01,15
2024,ANA,AL,contrro01,49
2024,ANA,AL,crousha01,25
2024,ANA,AL,cuetojo01,2
2024,ANA,AL,danaca01,3
2024,ANA,AL,danieda01,6
2024,ANA,AL,detmere01,17
2024,ANA,AL,drurybr01,97
2024,ANA,AL,estevca01,54
2024,ANA,AL,fulmeca01,37
2024,ANA,AL,garcilu03,60
2024,ANA,AL,garream01,6
2024,ANA,AL,goodrni01,13
2024,ANA,AL,guilllu01,79
2024,ANA,AL,hicksaa01,18
2024,ANA,AL,hiurake01,10
2024,ANA,AL,joycebe01,31
2024,ANA,AL,kavadni01,30
2024,ANA,AL,kochaja01,11
2024,ANA,AL,kristza01,1
2024,ANA,AL,leblach01,11
2024,ANA,AL,lopezja03,27
2024,ANA,AL,martejo01,14
2024,ANA,AL,medervi01,4
2024,ANA,AL,millery01,13
2024,ANA,AL,moniami01,124
2024,ANA,AL,moorema02,51
2024,ANA,AL,netoza01,155
2024,ANA,AL,ohopplo01,136
2024,ANA,AL,parisky01,21
2024,ANA,AL,pillake01,100
2024,ANA,AL,plesaza01,3
2024,ANA,AL,quijajo01,22
2024,ANA,AL,rendoan01,57
2024,ANA,AL,rengilu01,78
2024,ANA,AL,rosenke01,7
2024,ANA,AL,sandopa02,16
2024,ANA,AL,sanomi01,28
2024,ANA,AL,schanno01,147
2024,ANA,AL,silsech01,2
2024,ANA,AL,soriajo02,22
2024,ANA,AL,stefami01,40
2024,ANA,AL,strichu01,72
2024,ANA,AL,suarejo01,22
2024,ANA,AL,teodobr01,5
2024,ANA,AL,thaisma01,57
2024,ANA,AL,troutmi01,29
2024,ANA,AL,tuckeco01,25
2024,ANA,AL,wagamer01,18
2024,ANA,AL,wantzan01,1
2024,ANA,AL,wardta01,156
2024,ANA,AL,zeferry01,12
2024,ANA,AL,zuniggu01,15
2024,ARI,NL,alexabl01,61
2024,ARI,NL,allenlo01,12
2024,ARI,NL,barnhtu01,31
2024,ARI,NL,barrojo01,8
2024,ARI,NL,belljo02,145
2024,ARI,NL,bowmama01,25
2024,ARI,NL,carroco02,158
2024,ARI,NL,castehu01,7
2024,ARI,NL,castrmi01,11
2024,ARI,NL,ceccosl01,20
2024,ARI,NL,delcaad01,25
2024,ARI,NL,diazyi01,7
2024,ARI,NL,florody01,66
2024,ARI,NL,friaslu01,11
2024,ARI,NL,galleza01,28
2024,ARI,NL,ginkeke01,72
2024,ARI,NL,grichra01,106
2024,ARI,NL,guilllu01,79
2024,ARI,NL,gurrilo01,133
2024,ARI,NL,henryto01,9
2024,ARI,NL,herrejo04,42
2024,ARI,NL,hughebr01,15
2024,ARI,NL,jacqujo01,2
2024,ARI,NL,jarvibr01,44
2024,ARI,NL,kellyme01,13
2024,ARI,NL,mantijo01,75
2024,ARI,NL,marteke01,136
2024,ARI,NL,martiju01,64
2024,ARI,NL,mccarja02,142
2024,ARI,NL,mcgousc01,26
2024,ARI,NL,menacr01,1
2024,ARI,NL,montgjo01,25
2024,ARI,NL,morenga01,97
2024,ARI,NL,nelsoky01,11
2024,ARI,NL,nelsory01,28
2024,ARI,NL,newmake01,111
2024,ARI,NL,pederjo01,132
2024,ARI,NL,perdoge01,98
2024,ARI,NL,peterja01,14
2024,ARI,NL,pfaadbr01,32
2024,ARI,NL,pukaj01,62
2024,ARI,NL,rodried05,10
2024,ARI,NL,saalfan01,2
2024,ARI,NL,sewalpa01,42
2024,ARI,NL,smithpa04,60
2024,ARI,NL,suareeu01,158
2024,ARI,NL,thomaal01,39
2024,ARI,NL,thompry02,67
2024,ARI,NL,vieirth01,28
2024,ARI,NL,walkech02,130
2024,ARI,NL,walstbl01,7
2024,BAL,AL,akinke01,66
2024,BAL,AL,bakerbr01,19
2024,BAL,AL,banueda01,1
2024,BAL,AL,baumami01,57
2024,BAL,AL,bowmama01,25
2024,BAL,AL,bradiky01,8
2024,BAL,AL,burneco01,32
2024,BAL,AL,canoye01,70
2024,BAL,AL,couloda01,33
2024,BAL,AL,cowseco01,153
2024,BAL,AL,davidtu01,1
2024,BAL,AL,dominse01,63
2024,BAL,AL,eflinza01,28
2024,BAL,AL,haysau01,85
2024,BAL,AL,heasljo01,4
2024,BAL,AL,hendegu01,159
2024,BAL,AL,hollija01,60
2024,BAL,AL,irvinco01,29
2024,BAL,AL,jimenel02,98
2024,BAL,AL,johnsda07,1
2024,BAL,AL,kempto01,5
2024,BAL,AL,kimbrcr01,57
2024,BAL,AL,kjershe01,39
2024,BAL,AL,kremede01,24
2024,BAL,AL,krookma01,1
2024,BAL,AL,mateojo01,68
2024,BAL,AL,matonni01,5
2024,BAL,AL,mayoco01,17
2024,BAL,AL,mccanja02,66
2024,BAL,AL,mcderch01,1
2024,BAL,AL,mckenry01,13
2024,BAL,AL,meansjo01,4
2024,BAL,AL,mountry01,124
2024,BAL,AL,mullice01,147
2024,BAL,AL,nittovi01,9
2024,BAL,AL,norbyco01,45
2024,BAL,AL,ohearry01,142
2024,BAL,AL,pachecr01,88
2024,BAL,AL,perezci01,62
2024,BAL,AL,povicca01,16
2024,BAL,AL,ramiryo01,38
2024,BAL,AL,riverem01,124
2024,BAL,AL,rodrigr01,20
2024,BAL,AL,rogertr01,25
2024,BAL,AL,rutscad01,148
2024,BAL,AL,santaan02,155
2024,BAL,AL,selbyco01,5
2024,BAL,AL,slateau01,84
2024,BAL,AL,smithbu03,50
2024,BAL,AL,sotogr01,66
2024,BAL,AL,sotoli01,13
2024,BAL,AL,stoweky01,69
2024,BAL,AL,suareal01,32
2024,BAL,AL,tatedi01,33
2024,BAL,AL,uriasra01,100
2024,BAL,AL,vespini01,11
2024,BAL,AL,vieirth01,28
2024,BAL,AL,webbja01,60
2024,BAL,AL,wellsty01,3
2024,BAL,AL,westbjo01,107
2024,BOS,AL,abreuwi02,132
2024,BOS,AL,anderch01,29
2024,BOS,AL,bellobr01,30
2024,BOS,AL,bernabr01,57
2024,BOS,AL,booseca01,43
2024,BOS,AL,campbis01,8
2024,BOS,AL,casastr01,63
2024,BOS,AL,coopega03,36
2024,BOS,AL,crawfku01,33
2024,BOS,AL,criswco01,26
2024,BOS,AL,dalbebo01,37
2024,BOS,AL,deverra01,138
2024,BOS,AL,duranja01,160
2024,BOS,AL,fittsri01,4
2024,BOS,AL,garcilu03,60
2024,BOS,AL,gaspemi01,13
2024,BOS,AL,gonzaro01,89
2024,BOS,AL,grissva01,31
2024,BOS,AL,guerrlu01,9
2024,BOS,AL,hamilda03,98
2024,BOS,AL,heinety01,8
2024,BOS,AL,hillri01,4
2024,BOS,AL,hornba01,18
2024,BOS,AL,houckta01,30
2024,BOS,AL,jacqujo01,2
2024,BOS,AL,janseda01,91
2024,BOS,AL,janseke01,54
2024,BOS,AL,kellebr01,16
2024,BOS,AL,kellyza01,49
2024,BOS,AL,martich02,45
2024,BOS,AL,mcguire01,53
2024,BOS,AL,oneilty01,113
2024,BOS,AL,paxtoja01,21
2024,BOS,AL,penroza01,7
2024,BOS,AL,pivetni01,27
2024,BOS,AL,priesqu01,11
2024,BOS,AL,rafaece01,152
2024,BOS,AL,ramiryo01,38
2024,BOS,AL,refsnro01,93
2024,BOS,AL,reyespa01,22
2024,BOS,AL,rodrijo04,14
2024,BOS,AL,shortza01,42
2024,BOS,AL,shugach01,6
2024,BOS,AL,simslu01,58
2024,BOS,AL,slateju01,44
2024,BOS,AL,smithdo02,93
2024,BOS,AL,sogarni01,31
2024,BOS,AL,storytr01,26
2024,BOS,AL,uwasana01,2
2024,BOS,AL,valdeen01,76
2024,BOS,AL,weissgr01,62
2024,BOS,AL,westbja02,21
2024,BOS,AL,whitlga01,4
2024,BOS,AL,winckjo01,40
2024,BOS,AL,wingetr01,7
2024,BOS,AL,wongco01,126
2024,BOS,AL,yoshima02,108
2024,CHN,NL,alcanke01,3
2024,CHN,NL,almonye01,17
2024,CHN,NL,alzolad01,18
2024,CHN,NL,amayami01,117
2024,CHN,NL,armstsh01,57
2024,CHN,NL,assadja01,29
2024,CHN,NL,bellico01,130
2024,CHN,NL,bethach01,62
2024,CHN,NL,biggehu01,19
2024,CHN,NL,boteda01,37
2024,CHN,NL,breweco01,16
2024,CHN,NL,brownbe02,15
2024,CHN,NL,buschmi02,152
2024,CHN,NL,canaral01,15
2024,CHN,NL,coopega03,36
2024,CHN,NL,crowape01,123
2024,CHN,NL,cuasjo01,13
2024,CHN,NL,gomesya01,34
2024,CHN,NL,happia01,153
2024,CHN,NL,hendrky01,29
2024,CHN,NL,hodgepo01,39
2024,CHN,NL,hoernni01,151
2024,CHN,NL,holloga01,1
2024,CHN,NL,imanash01,29
2024,CHN,NL,kiliaca01,2
2024,CHN,NL,leitema02,60
2024,CHN,NL,littllu01,30
2024,CHN,NL,lopezjo02,52
2024,CHN,NL,lovelri01,35
2024,CHN,NL,madrini01,51
2024,CHN,NL,mastrmi01,50
2024,CHN,NL,merryju01,15
2024,CHN,NL,mervima01,9
2024,CHN,NL,millety01,58
2024,CHN,NL,morelch01,152
2024,CHN,NL,neelyja01,6
2024,CHN,NL,nerishe01,62
2024,CHN,NL,nidoto01,49
2024,CHN,NL,palenda01,10
2024,CHN,NL,pareden01,18
2024,CHN,NL,paredis01,153
2024,CHN,NL,pearsna01,60
2024,CHN,NL,roberet01,21
2024,CHN,NL,smylydr01,50
2024,CHN,NL,steelju01,24
2024,CHN,NL,suzukse01,132
2024,CHN,NL,swansda01,149
2024,CHN,NL,taillja01,28
2024,CHN,NL,tauchmi01,109
2024,CHN,NL,thompke02,24
2024,CHN,NL,tinocje01,32
2024,CHN,NL,vazqulu01,11
2024,CHN,NL,wesneha01,28
2024,CHN,NL,wicksjo01,11
2024,CHN,NL,wingetr01,7
2024,CHN,NL,wisdopa01,75
2024,CIN,NL,abbotan01,25
2024,CIN,NL,aguiaju01,7
2024,CIN,NL,antonte01,4
2024,CIN,NL,ashcrgr01,15
2024,CIN,NL,bensowi01,128
2024,CIN,NL,buchada01,1
2024,CIN,NL,busenal01,3
2024,CIN,NL,candeje01,112
2024,CIN,NL,capelco01,5
2024,CIN,NL,cruzfe01,69
2024,CIN,NL,delacel01,160
2024,CIN,NL,diazal03,60
2024,CIN,NL,dunnbl01,19
2024,CIN,NL,encarch01,29
2024,CIN,NL,espinsa01,118
2024,CIN,NL,faircst01,94
2024,CIN,NL,farmebu01,61
2024,CIN,NL,fordmi01,17
2024,CIN,NL,fraleja01,116
2024,CIN,NL,francty01,140
2024,CIN,NL,friedtj01,85
2024,CIN,NL,gibauia01,2
2024,CIN,NL,greenhu01,26
2024,CIN,NL,hindsre01,24
2024,CIN,NL,hurtuja01,29
2024,CIN,NL,indiajo01,151
2024,CIN,NL,jordale01,7
2024,CIN,NL,junisja01,24
2024,CIN,NL,kellyca01,2
2024,CIN,NL,kraveev01,1
2024,CIN,NL,legumca01,6
2024,CIN,NL,leibrbr01,2
2024,CIN,NL,lodolni01,21
2024,CIN,NL,lowderh01,6
2024,CIN,NL,mailelu01,55
2024,CIN,NL,marteno01,66
2024,CIN,NL,martini01,42
2024,CIN,NL,martini02,52
2024,CIN,NL,mollsa01,48
2024,CIN,NL,montafr01,30
2024,CIN,NL,paganem01,38
2024,CIN,NL,richaly01,1
2024,CIN,NL,riosed01,5
2024,CIN,NL,rosaram01,103
2024,CIN,NL,santito01,29
2024,CIN,NL,simslu01,58
2024,CIN,NL,slateau01,84
2024,CIN,NL,smithdo02,93
2024,CIN,NL,spierca01,22
2024,CIN,NL,steersp01,158
2024,CIN,NL,stephty01,138
2024,CIN,NL,suterbr01,47
2024,CIN,NL,thompbu01,17
2024,CIN,NL,wiemejo01,21
2024,CIN,NL,willibr02,4
2024,CIN,NL,wilsoju10,60
2024,CIN,NL,wynnsau01,7
2024,CIN,NL,yanger01,1
2024,CIN,NL,youngal01,17
2024,CIN,NL,zulueyo01,12
2024,CLE,AL,allenlo02,20
2024,CLE,AL,ariasga01,53
2024,CLE,AL,avilape01,54
2024,CLE,AL,barlosc01,63
2024,CLE,AL,beedety01,13
2024,CLE,AL,bibeeta01,31
2024,CLE,AL,biebesh01,2
2024,CLE,AL,boydma01,8
2024,CLE,AL,brennwi02,114
2024,CLE,AL,cantijo01,9
2024,CLE,AL,carraca01,21
2024,CLE,AL,claseem01,74
2024,CLE,AL,cobbal01,3
2024,CLE,AL,curryxz01,16
2024,CLE,AL,flories01,36
2024,CLE,AL,freemty01,118
2024,CLE,AL,fryda01,122
2024,CLE,AL,gaddihu01,78
2024,CLE,AL,gillico01,3
2024,CLE,AL,gimenan01,152
2024,CLE,AL,gosean01,3
2024,CLE,AL,hedgeau01,66
2024,CLE,AL,hentgsa01,25
2024,CLE,AL,herriti01,75
2024,CLE,AL,howarsp01,9
2024,CLE,AL,kwanst01,122
2024,CLE,AL,laurera01,98
2024,CLE,AL,livelbe01,29
2024,CLE,AL,manzaky01,53
2024,CLE,AL,martian02,43
2024,CLE,AL,mccauda01,12
2024,CLE,AL,mckentr01,16
2024,CLE,AL,morgael01,32
2024,CLE,AL,naylobo01,123
2024,CLE,AL,naylojo01,152
2024,CLE,AL,noeljh01,67
2024,CLE,AL,parsowe01,4
2024,CLE,AL,ramirjo01,158
2024,CLE,AL,rocchbr01,143
2024,CLE,AL,rodrijo10,13
2024,CLE,AL,sabroer01,8
2024,CLE,AL,sandlni01,68
2024,CLE,AL,schneda04,73
2024,CLE,AL,smithca06,74
2024,CLE,AL,strawmy01,7
2024,CLE,AL,strzepe01,10
2024,CLE,AL,tenajo01,44
2024,CLE,AL,thomala02,130
2024,CLE,AL,waltean01,9
2024,CLE,AL,williga01,16
2024,COL,NL,amadoad01,10
2024,COL,NL,beckjo01,55
2024,COL,NL,beeksja01,71
2024,COL,NL,birdja01,35
2024,COL,NL,blachty01,20
2024,COL,NL,blackch02,124
2024,COL,NL,blalobr01,7
2024,COL,NL,bouchse01,31
2024,COL,NL,bryankr01,37
2024,COL,NL,carasma01,7
2024,COL,NL,caveja01,123
2024,COL,NL,chivian01,30
2024,COL,NL,criswje01,13
2024,COL,NL,curtijo02,3
2024,COL,NL,davisno01,9
2024,COL,NL,diazel01,96
2024,COL,NL,doylebr02,149
2024,COL,NL,feltnry01,30
2024,COL,NL,freelky01,22
2024,COL,NL,gilbrlu01,3
2024,COL,NL,gombeau01,30
2024,COL,NL,goodmhu01,70
2024,COL,NL,gordota01,8
2024,COL,NL,halvose01,12
2024,COL,NL,hartlge01,5
2024,COL,NL,hillja01,9
2024,COL,NL,hillisa01,58
2024,COL,NL,hudsoda02,18
2024,COL,NL,jonesgr02,6
2024,COL,NL,jonesno01,79
2024,COL,NL,justiev01,1
2024,COL,NL,kinlety01,67
2024,COL,NL,kochma01,2
2024,COL,NL,lambepe01,28
2024,COL,NL,lawreju01,56
2024,COL,NL,marquge01,1
2024,COL,NL,mcmahry01,153
2024,COL,NL,mearsni01,54
2024,COL,NL,molinan01,35
2024,COL,NL,monteel01,67
2024,COL,NL,perallu01,15
2024,COL,NL,pintri01,4
2024,COL,NL,quantca01,29
2024,COL,NL,rodgebr02,135
2024,COL,NL,rogerjo01,6
2024,COL,NL,romodr01,16
2024,COL,NL,schunaa01,39
2024,COL,NL,senzaan01,3
2024,COL,NL,shrevch01,1
2024,COL,NL,stallja01,82
2024,COL,NL,toglimi01,116
2024,COL,NL,tovarez01,157
2024,COL,NL,trejoal01,28
2024,COL,NL,vodnivi01,64
2024,DET,AL,baddoak01,31
2024,DET,AL,baezja01,80
2024,DET,AL,briesbe01,46
2024,DET,AL,canhama01,125
2024,DET,AL,carpeke01,87
2024,DET,AL,chafian01,62
2024,DET,AL,dingldi01,27
2024,DET,AL,englema01,12
2024,DET,AL,faedoal01,37
2024,DET,AL,flaheja01,28
2024,DET,AL,foleyja01,69
2024,DET,AL,greenri02,137
2024,DET,AL,guentse01,17
2024,DET,AL,hanifbr01,21
2024,DET,AL,holtoty01,66
2024,DET,AL,hurtebr01,10
2024,DET,AL,ibanean01,99
2024,DET,AL,jobeja01,2
2024,DET,AL,jungja01,34
2024,DET,AL,keithco01,148
2024,DET,AL,kellyca02,91
2024,DET,AL,kennebu01,14
2024,DET,AL,kreidry01,35
2024,DET,AL,langeal01,21
2024,DET,AL,lucasea01,8
2024,DET,AL,maddety01,6
2024,DET,AL,madribl01,21
2024,DET,AL,maedake01,29
2024,DET,AL,malloju02,71
2024,DET,AL,mannima01,5
2024,DET,AL,mckinza01,118
2024,DET,AL,meadopa01,82
2024,DET,AL,millesh01,51
2024,DET,AL,mizeca01,22
2024,DET,AL,monteke01,19
2024,DET,AL,olsonre01,22
2024,DET,AL,perezwe01,112
2024,DET,AL,rogerja03,102
2024,DET,AL,sammobr01,6
2024,DET,AL,skubata01,31
2024,DET,AL,sweentr01,36
2024,DET,AL,torkesp01,92
2024,DET,AL,urshegi01,128
2024,DET,AL,vanasri01,4
2024,DET,AL,vestwi01,69
2024,DET,AL,vierlma01,144
2024,DET,AL,viladry01,17
2024,DET,AL,wentzjo01,46
2024,HOU,AL,abreubr01,78
2024,HOU,AL,abreujo02,35
2024,HOU,AL,altuvjo01,153
2024,HOU,AL,alvaryo01,147
2024,HOU,AL,amayaja01,24
2024,HOU,AL,arrigsp01,29
2024,HOU,AL,bielabr01,16
2024,HOU,AL,blancro01,30
2024,HOU,AL,blossja01,3
2024,HOU,AL,bregmal01,145
2024,HOU,AL,brownhu01,31
2024,HOU,AL,cabbatr01,45
2024,HOU,AL,caratvi01,87
2024,HOU,AL,colemdy01,1
2024,HOU,AL,contrlu01,5
2024,HOU,AL,dezenza01,19
2024,HOU,AL,diazal02,14
2024,HOU,AL,diazmi02,1
2024,HOU,AL,diazya02,148
2024,HOU,AL,dubinsh01,31
2024,HOU,AL,dubonma01,137
2024,HOU,AL,ferguca01,62
2024,HOU,AL,francjp01,5
2024,HOU,AL,gamelbe01,38
2024,HOU,AL,haderjo01,71
2024,HOU,AL,henlebl01,1
2024,HOU,AL,hernani01,5
2024,HOU,AL,heywaja01,87
2024,HOU,AL,hummeco01,6
2024,HOU,AL,javiecr01,7
2024,HOU,AL,kessigr01,23
2024,HOU,AL,kikucyu01,32
2024,HOU,AL,kingbr02,28
2024,HOU,AL,kuhnejo01,6
2024,HOU,AL,leonpe01,7
2024,HOU,AL,loperjo01,81
2024,HOU,AL,martise01,44
2024,HOU,AL,mccorch01,94
2024,HOU,AL,meyerja02,148
2024,HOU,AL,montera01,41
2024,HOU,AL,mushipa01,10
2024,HOU,AL,nerishe01,62
2024,HOU,AL,ortka01,22
2024,HOU,AL,penaje02,157
2024,HOU,AL,pressry01,59
2024,HOU,AL,salazce01,12
2024,HOU,AL,scottta02,62
2024,HOU,AL,singljo02,119
2024,HOU,AL,speasal01,1
2024,HOU,AL,suerowa01,1
2024,HOU,AL,tuckeky01,78
2024,HOU,AL,valdefr01,28
2024,HOU,AL,verlaju01,17
2024,HOU,AL,whitcsh01,20
2024,HOU,AL,whitlfo01,3
2024,KCA,AL,alexacj01,4
2024,KCA,AL,altavda01,5
2024,KCA,AL,anderni01,37
2024,KCA,AL,blancda02,88
2024,KCA,AL,bowlajo01,1
2024,KCA,AL,bubickr01,27
2024,KCA,AL,cruzst01,5
2024,KCA,AL,dejonpa01,139
2024,KCA,AL,duffety01,9
2024,KCA,AL,erceglu01,61
2024,KCA,AL,fermifr01,111
2024,KCA,AL,fraziad01,104
2024,KCA,AL,garcima01,157
2024,KCA,AL,gentrty01,3
2024,KCA,AL,grossro01,86
2024,KCA,AL,gourryu01,18
2024,KCA,AL,hampsga01,113
2024,KCA,AL,harvehu01,49
2024,KCA,AL,hernaca04,27
2024,KCA,AL,isbelky01,136
2024,KCA,AL,kleinwi01,8
2024,KCA,AL,loftini01,57
2024,KCA,AL,longsa01,43
2024,KCA,AL,lorenmi01,26
2024,KCA,AL,lugose01,33
2024,KCA,AL,lylesjo01,5
2024,KCA,AL,lynchda02,16
2024,KCA,AL,marshal01,26
2024,KCA,AL,massemi02,100
2024,KCA,AL,mcartja01,57
2024,KCA,AL,melenmj01,135
2024,KCA,AL,pasquvi01,131
2024,KCA,AL,penniwa01,16
2024,KCA,AL,perezsa02,158
2024,KCA,AL,phamth01,116
2024,KCA,AL,prattni01,1
2024,KCA,AL,raganco01,32
2024,KCA,AL,renfrhu01,120
2024,KCA,AL,sauerma01,14
2024,KCA,AL,schrejo01,59
2024,KCA,AL,selbyco01,5
2024,KCA,AL,singebr01,32
2024,KCA,AL,smithwi04,45
2024,KCA,AL,stratch01,57
2024,KCA,AL,velazne01,64
2024,KCA,AL,venezan01,12
2024,KCA,AL,wachami01,29
2024,KCA,AL,waterdr01,7
2024,KCA,AL,wittbo02,161
2024,KCA,AL,zerpaan01,60
2024,LAN,NL,ahmedni01,71
2024,LAN,NL,bandaan01,48
2024,LAN,NL,barneau01,54
2024,LAN,NL,bettsmo01,116
2024,LAN,NL,biggica01,78
2024,LAN,NL,brasiry01,29
2024,LAN,NL,brogdco01,4
2024,LAN,NL,buehlwa01,16
2024,LAN,NL,caspabe01,3
2024,LAN,NL,crismna01,5
2024,LAN,NL,edmanto01,37
2024,LAN,NL,feduchu01,5
2024,LAN,NL,feyerjo01,10
2024,LAN,NL,flaheja01,28
2024,LAN,NL,freemfr01,147
2024,LAN,NL,glasnty01,22
2024,LAN,NL,gratebr01,7
2024,LAN,NL,grovemi01,39
2024,LAN,NL,henried01,3
2024,LAN,NL,hernael01,9
2024,LAN,NL,hernaen02,126
2024,LAN,NL,hernate01,154
2024,LAN,NL,heywaja01,87
2024,LAN,NL,honeybr01,20
2024,LAN,NL,hudsoda01,65
2024,LAN,NL,hurtky01,3
2024,LAN,NL,kellyjo05,35
2024,LAN,NL,kershcl01,7
2024,LAN,NL,kiermke01,116
2024,LAN,NL,knackla01,15
2024,LAN,NL,kopecmi01,67
2024,LAN,NL,lametdi01,3
2024,LAN,NL,logueza01,2
2024,LAN,NL,luxga01,139
2024,LAN,NL,millebo06,13
2024,LAN,NL,muncyma01,73
2024,LAN,NL,ohtansh01,159
2024,LAN,NL,outmaja01,53
2024,LAN,NL,pagesan01,116
2024,LAN,NL,paxtoja01,21
2024,LAN,NL,petermi01,16
2024,LAN,NL,phillev01,61
2024,LAN,NL,ramirni01,8
2024,LAN,NL,ramiryo01,38
2024,LAN,NL,rojasmi02,103
2024,LAN,NL,rosaram01,103
2024,LAN,NL,ryanri01,4
2024,LAN,NL,salazed01,26
2024,LAN,NL,smithwi05,128
2024,LAN,NL,stonega01,25
2024,LAN,NL,tayloch03,87
2024,LAN,NL,trammta01,10
2024,LAN,NL,treinbl01,50
2024,LAN,NL,vanasri01,4
2024,LAN,NL,vargami01,72
2024,LAN,NL,varlagu01,26
2024,LAN,NL,vesiaal01,67
2024,LAN,NL,wroblju01,8
2024,LAN,NL,yamamyo01,18
2024,LAN,NL,yarbrry01,44
2024,WAS,NL,abramcj01,138
2024,WAS,NL,adamsri03,41
2024,WAS,NL,adonjo01,8
2024,WAS,NL,bakerda02,9
2024,WAS,NL,barneja01,63
2024,WAS,NL,barnema01,14
2024,WAS,NL,blanktr01,13
2024,WAS,NL,brzykza01,6
2024,WAS,NL,callal01,30
2024,WAS,NL,chapaan01,33
2024,WAS,NL,corbipa01,32
2024,WAS,NL,crewsdy01,31
2024,WAS,NL,ferrejo01,31
2024,WAS,NL,finneky01,65
2024,WAS,NL,florody01,66
2024,WAS,NL,gallojo01,76
2024,WAS,NL,garcilu04,140
2024,WAS,NL,garciro04,72
2024,WAS,NL,garrest01,2
2024,WAS,NL,gorema01,32
2024,WAS,NL,grayjo03,2
2024,WAS,NL,harvehu01,49
2024,WAS,NL,herzdj01,19
2024,WAS,NL,irvinja01,33
2024,WAS,NL,lasorjo01,16
2024,WAS,NL,lawde01,75
2024,WAS,NL,lipsctr01,61
2024,WAS,NL,menesjo01,76
2024,WAS,NL,milladr01,20
2024,WAS,NL,nunezna01,51
2024,WAS,NL,parkemi01,29
2024,WAS,NL,raineta01,50
2024,WAS,NL,ramirha02,73
2024,WAS,NL,ribalor01,4
2024,WAS,NL,roblevi01,91
2024,WAS,NL,rosared01,91
2024,WAS,NL,ruizke01,127
2024,WAS,NL,rutleja01,3
2024,WAS,NL,salazed01,26
2024,WAS,NL,senzeni01,74
2024,WAS,NL,tenajo01,44
2024,WAS,NL,thomala02,130
2024,WAS,NL,vargail01,97
2024,WAS,NL,weemsjo01,41
2024,WAS,NL,willitr01,13
2024,WAS,NL,william01,1
2024,WAS,NL,winkeje01,145
2024,WAS,NL,woodja03,79
2024,WAS,NL,yepezju01,62
2024,WAS,NL,youngja03,150
2024,NYN,NL,acunajo01,14
2024,NYN,NL,adcocty01,3
2024,NYN,NL,alonspe01,162
2024,NYN,NL,alvared01,13
2024,NYN,NL,alvarfr01,100
2024,NYN,NL,baderha01,143
2024,NYN,NL,batybr01,50
2024,NYN,NL,blackpa01,14
2024,NYN,NL,brazohu01,39
2024,NYN,NL,buttojo01,30
2024,NYN,NL,diazed04,55
2024,NYN,NL,diekmja01,43
2024,NYN,NL,festama01,19
2024,NYN,NL,gamelbe01,38
2024,NYN,NL,garrere01,53
2024,NYN,NL,hartwgr01,4
2024,NYN,NL,housead01,23
2024,NYN,NL,hudsojo03,1
2024,NYN,NL,iglesjo01,85
2024,NYN,NL,jayty01,5
2024,NYN,NL,lindofr01,152
2024,NYN,NL,lopezjo02,52
2024,NYN,NL,lucchjo01,2
2024,NYN,NL,manaese01,32
2024,NYN,NL,martest01,94
2024,NYN,NL,martijd02,120
2024,NYN,NL,matonph01,71
2024,NYN,NL,mcneije01,129
2024,NYN,NL,megilty01,16
2024,NYN,NL,narvaom01,28
2024,NYN,NL,nidoto01,49
2024,NYN,NL,nimmobr01,151
2024,NYN,NL,nunezde01,25
2024,NYN,NL,orzeer01,2
2024,NYN,NL,ottavad01,60
2024,NYN,NL,peterda01,21
2024,NYN,NL,quintjo01,31
2024,NYN,NL,raleybr01,8
2024,NYN,NL,ramiryo01,38
2024,NYN,NL,reidfse01,23
2024,NYN,NL,reyespa01,22
2024,NYN,NL,scottch01,9
2024,NYN,NL,sengako01,1
2024,NYN,NL,severlu01,31
2024,NYN,NL,shortza01,42
2024,NYN,NL,smithdr01,19
2024,NYN,NL,stanery01,63
2024,NYN,NL,stewadj01,74
2024,NYN,NL,sulseco01,10
2024,NYN,NL,tayloty01,130
2024,NYN,NL,teherju01,1
2024,NYN,NL,tonkimi01,57
2024,NYN,NL,torrelu01,48
2024,NYN,NL,vientma01,111
2024,NYN,NL,walkejo03,10
2024,NYN,NL,wendljo01,18
2024,NYN,NL,winkeje01,145
2024,NYN,NL,youngal01,17
2024,NYN,NL,youngda02,42
2025,OAK,AL,alexacj01,6
2025,OAK,AL,alexaja01,18
2025,OAK,AL,alvarel01,37
2025,OAK,AL,andujmi01,94
2025,OAK,AL,avansdr01,8
2025,OAK,AL,barnema02,5
2025,OAK,AL,bassobr01,11
2025,OAK,AL,bidoos01,26
2025,OAK,AL,bledajj01,98
2025,OAK,AL,bowdebe01,11
2025,OAK,AL,brownse01,38
2025,OAK,AL,butlela01,152
2025,OAK,AL,clarkde02,47
2025,OAK,AL,corteca01,42
2025,OAK,AL,davidlo01,19
2025,OAK,AL,duranca01,1
2025,OAK,AL,estesjo01,3
2025,OAK,AL,ferguty01,56
2025,OAK,AL,gelofza01,30
2025,OAK,AL,ginnjt01,23
2025,OAK,AL,harribr02,32
2025,OAK,AL,harriho03,48
2025,OAK,AL,hernada04,51
2025,OAK,AL,hoglugu01,6
2025,OAK,AL,holmagr01,22
2025,OAK,AL,kellymi03,42
2025,OAK,AL,krookma01,3
2025,OAK,AL,kurtzni01,117
2025,OAK,AL,langesh01,123
2025,OAK,AL,leclejo01,10
2025,OAK,AL,lopezja04,21
2025,OAK,AL,macivwi01,33
2025,OAK,AL,maldoan01,6
2025,OAK,AL,mcfartj01,27
2025,OAK,AL,mcgousc01,13
2025,OAK,AL,millema03,60
2025,OAK,AL,morallu01,10
2025,OAK,AL,muncyma02,63
2025,OAK,AL,murdono01,14
2025,OAK,AL,newcose01,48
2025,OAK,AL,nunezed03,10
2025,OAK,AL,otanemi01,6
2025,OAK,AL,perdoan01,4
2025,OAK,AL,peredjh01,30
2025,OAK,AL,perkija01,12
2025,OAK,AL,rookebr01,162
2025,OAK,AL,schuema01,101
2025,OAK,AL,searsjp01,27
2025,OAK,AL,severlu01,29
2025,OAK,AL,soderty01,158
2025,OAK,AL,spencmi01,32
2025,OAK,AL,sprinje01,32
2025,OAK,AL,sternju01,59
2025,OAK,AL,thomaco03,49
2025,OAK,AL,uriaslu01,96
2025,OAK,AL,urshegi01,59
2025,OAK,AL,wilsoja05,125
2025,OAK,AL,wynnsau01,40
2025,PIT,NL,ashcrbr01,26
2025,PIT,NL,baeji01,13
2025,PIT,NL,barcohu01,2
2025,PIT,NL,bartjo01,93
2025,PIT,NL,bednada01,64
2025,PIT,NL,borucry01,39
2025,PIT,NL,burromi01,23
2025,PIT,NL,cabrege01,40
2025,PIT,NL,canaral01,87
2025,PIT,NL,chandbu01,7
2025,PIT,NL,chengts01,3
2025,PIT,NL,cookbi01,3
2025,PIT,NL,cruzon01,135
2025,PIT,NL,darremi01,7
2025,PIT,NL,davishe01,87
2025,PIT,NL,devanca01,14
2025,PIT,NL,falteba01,26
2025,PIT,NL,ferguca01,70
2025,PIT,NL,florera03,7
2025,PIT,NL,fraziad01,134
2025,PIT,NL,gonzani01,96
2025,PIT,NL,gorskma01,15
2025,PIT,NL,harrito03,3
2025,PIT,NL,hayeske01,152
2025,PIT,NL,heanean01,27
2025,PIT,NL,holdeco01,24
2025,PIT,NL,horwisp01,108
2025,PIT,NL,kellemi03,32
2025,PIT,NL,kineris01,138
2025,PIT,NL,lawreju01,17
2025,PIT,NL,mattsis01,44
2025,PIT,NL,mayzati01,15
2025,PIT,NL,mccutan01,135
2025,PIT,NL,mlodzca01,34
2025,PIT,NL,moretda01,18
2025,PIT,NL,nicolky01,31
2025,PIT,NL,oviedjo01,9
2025,PIT,NL,pegueli01,33
2025,PIT,NL,phamth01,120
2025,PIT,NL,raineta01,13
2025,PIT,NL,ramiryo01,24
2025,PIT,NL,reynobr01,154
2025,PIT,NL,rodrien01,18
2025,PIT,NL,sandeca01,6
2025,PIT,NL,santade01,70
2025,PIT,NL,shugach01,35
2025,PIT,NL,simonro01,27
2025,PIT,NL,siskev01,19
2025,PIT,NL,skenepa01,32
2025,PIT,NL,solakni01,4
2025,PIT,NL,strathu01,15
2025,PIT,NL,sullibr01,3
2025,PIT,NL,suwinja01,59
2025,PIT,NL,triolja01,107
2025,PIT,NL,valdeen01,31
2025,PIT,NL,wentzjo01,39
2025,PIT,NL,yorkeni01,22
2025,SDN,NL,adamja01,65
2025,SDN,NL,arraelu01,154
2025,SDN,NL,bergery01,19
2025,SDN,NL,bogaexa01,136
2025,SDN,NL,brooktr01,25
2025,SDN,NL,campulu01,10
2025,SDN,NL,ceasedy01,32
2025,SDN,NL,cortene01,8
2025,SDN,NL,croneja01,135
2025,SDN,NL,cruzom01,2
2025,SDN,NL,darviyu01,15
2025,SDN,NL,diazel01,106
2025,SDN,NL,estraje01,77
2025,SDN,NL,fermifr01,109
2025,SDN,NL,gillalo01,3
2025,SDN,NL,gonzaos01,21
2025,SDN,NL,gourryu01,16
2025,SDN,NL,hartky01,20
2025,SDN,NL,heywaja01,34
2025,SDN,NL,hoeinbr01,7
2025,SDN,NL,iglesjo01,112
2025,SDN,NL,jacobal01,29
2025,SDN,NL,joeco01,42
2025,SDN,NL,johnsbr03,55
2025,SDN,NL,kingmi01,15
2025,SDN,NL,kolekst01,19
2025,SDN,NL,laurera01,132
2025,SDN,NL,lockrbr01,67
2025,SDN,NL,machama01,159
2025,SDN,NL,maldoma01,64
2025,SDN,NL,marinro01,7
2025,SDN,NL,matsuyu01,61
2025,SDN,NL,mccoyma01,18
2025,SDN,NL,merrija01,115
2025,SDN,NL,millema03,60
2025,SDN,NL,morejad01,75
2025,SDN,NL,morgada01,41
2025,SDN,NL,nunezed03,10
2025,SDN,NL,ohearry01,144
2025,SDN,NL,ornelti01,7
2025,SDN,NL,peralwa01,71
2025,SDN,NL,reynose01,19
2025,SDN,NL,rodribr01,7
2025,SDN,NL,searsjp01,27
2025,SDN,NL,sheetga01,145
2025,SDN,NL,suarero01,70
2025,SDN,NL,tatisfe02,155
2025,SDN,NL,vasqura02,28
2025,SDN,NL,wadety01,60
2025,SDN,NL,wagnewi01,55
2025,SDN,NL,waldrma01,1
2025,SEA,AL,arozara01,160
2025,SEA,AL,bazared01,73
2025,SEA,AL,blissry01,11
2025,SEA,AL,brashma01,53
2025,SEA,AL,burgoju01,13
2025,SEA,AL,canzodo01,82
2025,SEA,AL,castabl01,1
2025,SEA,AL,castijo03,29
2025,SEA,AL,castilu02,32
2025,SEA,AL,castilu03,2
2025,SEA,AL,crawfjp01,157
2025,SEA,AL,diazjh01,1
2025,SEA,AL,evanslo01,16
2025,SEA,AL,ferguca01,70
2025,SEA,AL,fordha01,8
2025,SEA,AL,garcibr02,14
2025,SEA,AL,garvemi01,87
2025,SEA,AL,gilbelo01,25
2025,SEA,AL,hahnje01,3
2025,SEA,AL,hancoem01,22
2025,SEA,AL,jackslu01,52
2025,SEA,AL,kirbyge01,23
2025,SEA,AL,kowarja01,15
2025,SEA,AL,laosa01,8
2025,SEA,AL,lawreca01,6
2025,SEA,AL,legumca01,48
2025,SEA,AL,mastrmi01,76
2025,SEA,AL,millebr04,18
2025,SEA,AL,mooredy01,106
2025,SEA,AL,munozan01,64
2025,SEA,AL,naylojo01,147
2025,SEA,AL,polanjo01,138
2025,SEA,AL,popza01,5
2025,SEA,AL,raleica01,159
2025,SEA,AL,raleylu01,73
2025,SEA,AL,rivasle01,48
2025,SEA,AL,roblevi01,32
2025,SEA,AL,rodriju01,160
2025,SEA,AL,santogr01,8
2025,SEA,AL,sauceta01,10
2025,SEA,AL,snideco01,24
2025,SEA,AL,solando01,71
2025,SEA,AL,speiega01,76
2025,SEA,AL,suareeu01,159
2025,SEA,AL,taverle01,58
2025,SEA,AL,taylosa04,4
2025,SEA,AL,taylotr01,8
2025,SEA,AL,tellero01,112
2025,SEA,AL,thomarh01,3
2025,SEA,AL,thorntr01,33
2025,SEA,AL,vargaca01,70
2025,SEA,AL,willibe03,85
2025,SEA,AL,woobr01,30
2025,SEA,AL,youngco01,77
2025,SFN,NL,adamewi01,160
2025,SFN,NL,alcanse01,1
2025,SFN,NL,alexasc01,21
2025,SFN,NL,bailepa01,135
2025,SFN,NL,becktr01,31
2025,SFN,NL,birdsha01,21
2025,SFN,NL,bivensp01,54
2025,SFN,NL,blackma01,1
2025,SFN,NL,brubajt01,17
2025,SFN,NL,buttojo01,55
2025,SFN,NL,chapmma01,128
2025,SFN,NL,deverra01,163
2025,SFN,NL,dovalca01,69
2025,SFN,NL,eldribr01,10
2025,SFN,NL,encarje01,19
2025,SFN,NL,fitzgty01,72
2025,SFN,NL,florewi01,125
2025,SFN,NL,gagema01,33
2025,SFN,NL,gilbedr01,39
2025,SFN,NL,harriky01,11
2025,SFN,NL,hicksjo03,34
2025,SFN,NL,hjellse01,12
2025,SFN,NL,huffsa01,20
2025,SFN,NL,johnsda07,31
2025,SFN,NL,kniznan01,33
2025,SFN,NL,kossch01,76
2025,SFN,NL,leeju01,150
2025,SFN,NL,lucchjo01,38
2025,SFN,NL,matoslu02,57
2025,SFN,NL,mccragr01,22
2025,SFN,NL,mcdontr01,3
2025,SFN,NL,milleer01,36
2025,SFN,NL,peguejo01,17
2025,SFN,NL,portelo01,5
2025,SFN,NL,ramoshe02,157
2025,SFN,NL,rayro02,32
2025,SFN,NL,rodrira02,50
2025,SFN,NL,rogerty01,81
2025,SFN,NL,rouppla01,22
2025,SFN,NL,schmica01,95
2025,SFN,NL,seymoca01,16
2025,SFN,NL,smithdo02,63
2025,SFN,NL,tengka01,8
2025,SFN,NL,trivilo01,47
2025,SFN,NL,verlaju01,29
2025,SFN,NL,villada01,9
2025,SFN,NL,wadela01,80
2025,SFN,NL,walkery01,68
2025,SFN,NL,webblo01,34
2025,SFN,NL,whiseca01,5
2025,SFN,NL,winnke01,7
2025,SFN,NL,wiselbr01,26
2025,SFN,NL,yastrmi01,147
2025,SLN,NL,alcaljo01,56
2025,SLN,NL,arenano01,107
2025,SLN,NL,bakerlu01,19
2025,SLN,NL,garcijo02,22
2025,SLN,NL,burleal01,139
2025,SLN,NL,churcna01,27
2025,SLN,NL,contrwi01,135
2025,SLN,NL,crookji01,15
2025,SLN,NL,donovbr01,118
2025,SLN,NL,feddeer01,32
2025,SLN,NL,fermijo01,30
2025,SLN,NL,fernary01,32
2025,SLN,NL,gormano01,111
2025,SLN,NL,gracego01,26
2025,SLN,NL,granian01,14
2025,SLN,NL,grayso01,32
2025,SLN,NL,hampsga01,62
2025,SLN,NL,helslry01,58
2025,SLN,NL,herreiv01,107
2025,SLN,NL,kingjo01,51
2025,SLN,NL,leahyky01,62
2025,SLN,NL,liberma01,29
2025,SLN,NL,matonph01,63
2025,SLN,NL,matzst01,53
2025,SLN,NL,mcgremi01,17
2025,SLN,NL,mikolmi01,31
2025,SLN,NL,munozro01,9
2025,SLN,NL,nootbla01,135
2025,SLN,NL,obrieri01,42
2025,SLN,NL,pagespe02,112
2025,SLN,NL,pallaan01,31
2025,SLN,NL,pozoyo01,67
2025,SLN,NL,prietce01,3
2025,SLN,NL,raqueni01,2
2025,SLN,NL,romerjo01,65
2025,SLN,NL,roycrch01,20
2025,SLN,NL,saggeth01,82
2025,SLN,NL,scottvi01,138
2025,SLN,NL,sianimi01,19
2025,SLN,NL,svansma01,39
2025,SLN,NL,venezan01,26
2025,SLN,NL,viladry01,8
2025,SLN,NL,walkejo02,111
2025,SLN,NL,winnma01,129
2025,TBA,AL,actonga01,1
2025,TBA,AL,arandjo01,106
2025,TBA,AL,bakerbr01,73
2025,TBA,AL,bazsh01,31
2025,TBA,AL,biggehu01,13
2025,TBA,AL,boylejo01,13
2025,TBA,AL,bradlta01,27
2025,TBA,AL,cabaljo01,126
2025,TBA,AL,caminju01,154
2025,TBA,AL,cleavga01,67
2025,TBA,AL,delucjo01,20
2025,TBA,AL,diazya01,150
2025,TBA,AL,englema01,30
2025,TBA,AL,fairbpe01,61
2025,TBA,AL,feduchu01,38
2025,TBA,AL,forteni01,97
2025,TBA,AL,gerbejo01,2
2025,TBA,AL,gervapa01,6
2025,TBA,AL,graytr01,30
2025,TBA,AL,housead01,21
2025,TBA,AL,jankotr01,26
2025,TBA,AL,janseda01,98
2025,TBA,AL,jaxgr01,73
2025,TBA,AL,kellyke02,41
2025,TBA,AL,kimha01,48
2025,TBA,AL,litteza01,32
2025,TBA,AL,lowebr01,134
2025,TBA,AL,lowejo01,108
2025,TBA,AL,manguja01,118
2025,TBA,AL,meadcu01,90
2025,TBA,AL,misneka01,71
2025,TBA,AL,monteco01,5
2025,TBA,AL,montgma01,57
2025,TBA,AL,morelch01,105
2025,TBA,AL,orzeer01,33
2025,TBA,AL,palacri01,17
2025,TBA,AL,pepiory01,31
2025,TBA,AL,pereiev01,23
2025,TBA,AL,petertr01,4
2025,TBA,AL,rasmudr01,31
2025,TBA,AL,rockjo01,3
2025,TBA,AL,rodrima01,31
2025,TBA,AL,rortvbe01,44
2025,TBA,AL,scholje01,2
2025,TBA,AL,seaboco01,7
2025,TBA,AL,seymobo01,26
2025,TBA,AL,seymoia01,19
2025,TBA,AL,simpsch01,109
2025,TBA,AL,sulseco01,18
2025,TBA,AL,thaisma01,60
2025,TBA,AL,ucetaed01,70
2025,TBA,AL,vanbebr01,4
2025,TBA,AL,wallsta01,101
2025,TBA,AL,whitlfo01,10
2025,TBA,AL,wilcoco01,1
2025,TBA,AL,willica02,32
2025,TEX,AL,ahmedni01,5
2025,TEX,AL,armstsh01,71
2025,TEX,AL,barnhtu01,8
2025,TEX,AL,boushca01,25
2025,TEX,AL,burgeja01,103
2025,TEX,AL,carteev01,63
2025,TEX,AL,churcma01,5
2025,TEX,AL,corbipa01,31
2025,TEX,AL,cornijo01,1
2025,TEX,AL,couloda01,55
2025,TEX,AL,crimbl01,20
2025,TEX,AL,curvelu01,17
2025,TEX,AL,dunnida01,12
2025,TEX,AL,duranez01,90
2025,TEX,AL,edwarca01,4
2025,TEX,AL,eovalna01,22
2025,TEX,AL,foscuju01,4
2025,TEX,AL,freemco01,36
2025,TEX,AL,garabge01,3
2025,TEX,AL,garciad02,135
2025,TEX,AL,garciro04,71
2025,TEX,AL,grayjo02,6
2025,TEX,AL,haggesa01,64
2025,TEX,AL,harridu01,19
2025,TEX,AL,heimjo01,124
2025,TEX,AL,helmami01,38
2025,TEX,AL,heuerco01,3
2025,TEX,AL,higasky01,94
2025,TEX,AL,jackslu01,52
2025,TEX,AL,jungjo01,131
2025,TEX,AL,kellyme01,32
2025,TEX,AL,langfwy01,134
2025,TEX,AL,latzja01,33
2025,TEX,AL,leiteja01,30
2025,TEX,AL,mahlety01,16
2025,TEX,AL,martich02,49
2025,TEX,AL,matonph01,63
2025,TEX,AL,mckinbi01,6
2025,TEX,AL,milneho01,73
2025,TEX,AL,mooredy01,106
2025,TEX,AL,orneljo01,6
2025,TEX,AL,osunaal02,63
2025,TEX,AL,pederjo01,96
2025,TEX,AL,pillake01,20
2025,TEX,AL,rockeku01,14
2025,TEX,AL,seageco01,102
2025,TEX,AL,semiema01,127
2025,TEX,AL,smithjo09,144
2025,TEX,AL,solando01,71
2025,TEX,AL,taverle01,58
2025,TEX,AL,tellero01,112
2025,TEX,AL,webbja01,55
2025,TEX,AL,winnco01,33
2025,TEX,AL,degroja01,30
2025,TOR,AL,bargead01,135
2025,TOR,AL,barneja01,6
2025,TOR,AL,bassich01,32
2025,TOR,AL,berrijo01,31
2025,TOR,AL,bichebo01,139
2025,TOR,AL,biebesh01,7
2025,TOR,AL,borucry01,39
2025,TOR,AL,bruihju01,15
2025,TOR,AL,burrry01,2
2025,TOR,AL,clasejo01,34
2025,TOR,AL,clemeer01,157
2025,TOR,AL,dominse01,67
2025,TOR,AL,estrala01,2
2025,TOR,AL,fishebr02,52
2025,TOR,AL,fluhama01,55
2025,TOR,AL,francty01,138
2025,TOR,AL,francbo01,14
2025,TOR,AL,garciyi01,22
2025,TOR,AL,gausmke01,32
2025,TOR,AL,gimenan01,101
2025,TOR,AL,greench03,45
2025,TOR,AL,guerrvl02,156
2025,TOR,AL,heinety01,64
2025,TOR,AL,hoffmje02,71
2025,TOR,AL,jimenle01,18
2025,TOR,AL,kennebu01,13
2025,TOR,AL,kineris01,138
2025,TOR,AL,kirkal01,130
2025,TOR,AL,lauerer01,28
2025,TOR,AL,lawreca01,6
2025,TOR,AL,littlbr02,79
2025,TOR,AL,loperjo01,41
2025,TOR,AL,lovelri01,10
2025,TOR,AL,lucasea01,6
2025,TOR,AL,lukesna01,135
2025,TOR,AL,nanceto01,30
2025,TOR,AL,pinaro01,2
2025,TOR,AL,roberwi02,27
2025,TOR,AL,rodenal01,55
2025,TOR,AL,rodriya01,66
2025,TOR,AL,sanchal04,12
2025,TOR,AL,sandlni01,19
2025,TOR,AL,santaan02,54
2025,TOR,AL,scherma01,17
2025,TOR,AL,schneda03,82
2025,TOR,AL,schulpa01,13
2025,TOR,AL,springe01,140
2025,TOR,AL,stefami01,9
2025,TOR,AL,strawmy01,137
2025,TOR,AL,swanser01,6
2025,TOR,AL,tatedi01,6
2025,TOR,AL,turnbsp01,3
2025,TOR,AL,urenajo01,19
2025,TOR,AL,varlalo01,74
2025,TOR,AL,varshda01,71
2025,TOR,AL,wagnewi01,55
2025,TOR,AL,walkejo03,3
2025,TOR,AL,yesavtr01,3
2025,MIN,AL,abelmi01,10
2025,MIN,AL,adamstr01,18
2025,MIN,AL,alcaljo01,56
2025,MIN,AL,baderha01,146
2025,MIN,AL,blewesc01,26
2025,MIN,AL,bradlta01,27
2025,MIN,AL,bridejo01,45
2025,MIN,AL,buxtoby01,126
2025,MIN,AL,cabrege01,40
2025,MIN,AL,castrwi01,120
2025,MIN,AL,clemeko01,119
2025,MIN,AL,correca01,144
2025,MIN,AL,couloda01,55
2025,MIN,AL,davisno01,9
2025,MIN,AL,dobnara01,1
2025,MIN,AL,duranjh01,72
2025,MIN,AL,festada01,11
2025,MIN,AL,fitzgry01,24
2025,MIN,AL,francty01,138
2025,MIN,AL,fundeko01,39
2025,MIN,AL,gaspemi01,45
2025,MIN,AL,hatchto01,12
2025,MIN,AL,jaxgr01,73
2025,MIN,AL,jeffery01,119
2025,MIN,AL,julieed01,64
2025,MIN,AL,keasclu01,49
2025,MIN,AL,keirsda01,74
2025,MIN,AL,kriskbr01,16
2025,MIN,AL,larnatr01,142
2025,MIN,AL,lawerco01,5
2025,MIN,AL,leebr02,139
2025,MIN,AL,lopezpa01,14
2025,MIN,AL,martiau01,50
2025,MIN,AL,matthze01,16
2025,MIN,AL,mccauda01,3
2025,MIN,AL,mccusca01,16
2025,MIN,AL,miranjo01,12
2025,MIN,AL,misiean01,5
2025,MIN,AL,oberba01,27
2025,MIN,AL,ohlpi01,14
2025,MIN,AL,outmaja01,59
2025,MIN,AL,paddach01,33
2025,MIN,AL,peredjh01,30
2025,MIN,AL,ramirer02,9
2025,MIN,AL,rodenal01,55
2025,MIN,AL,ryanjo04,31
2025,MIN,AL,sandsco01,69
2025,MIN,AL,stewabr01,43
2025,MIN,AL,tonkimi01,21
2025,MIN,AL,topaju01,54
2025,MIN,AL,urenajo01,19
2025,MIN,AL,varlalo01,74
2025,MIN,AL,vazquch01,65
2025,MIN,AL,wallnma01,104
2025,MIN,AL,wentzjo01,39
2025,MIN,AL,woodssi01,23
2025,PHI,NL,abelmi01,10
2025,PHI,NL,alvarjo03,28
2025,PHI,NL,baderha01,146
2025,PHI,NL,banksta01,69
2025,PHI,NL,bohmal01,120
2025,PHI,NL,buehlwa01,26
2025,PHI,NL,casteni01,147
2025,PHI,NL,clemeko01,119
2025,PHI,NL,duranjh01,72
2025,PHI,NL,harpebr03,132
2025,PHI,NL,hernaca04,41
2025,PHI,NL,hoffmno01,1
2025,PHI,NL,johnsse01,10
2025,PHI,NL,kempot01,62
2025,PHI,NL,kennebu01,13
2025,PHI,NL,keplema01,127
2025,PHI,NL,kerkeor01,69
2025,PHI,NL,lazarma01,36
2025,PHI,NL,luzarje01,32
2025,PHI,NL,marchra01,42
2025,PHI,NL,marshbr02,133
2025,PHI,NL,mayzati01,15
2025,PHI,NL,mercami01,3
2025,PHI,NL,nolaaa01,17
2025,PHI,NL,rangeal01,5
2025,PHI,NL,realmjt01,134
2025,PHI,NL,roberda11,15
2025,PHI,NL,roberda08,20
2025,PHI,NL,rojasjo03,71
2025,PHI,NL,romanjo03,49
2025,PHI,NL,rossjo01,37
2025,PHI,NL,ruizjo01,18
2025,PHI,NL,sanchcr01,32
2025,PHI,NL,schwaky01,162
2025,PHI,NL,sosaed01,89
2025,PHI,NL,steveca01,5
2025,PHI,NL,stottbr01,147
2025,PHI,NL,strahma01,66
2025,PHI,NL,stubbga01,5
2025,PHI,NL,suarera01,26
2025,PHI,NL,trivilo01,47
2025,PHI,NL,turnetr01,141
2025,PHI,NL,walketa01,34
2025,PHI,NL,waltodo01,2
2025,PHI,NL,wheelza01,24
2025,PHI,NL,wilsowe01,54
2025,PHI,NL,degeubr01,1
2025,ATL,NL,acunaro01,95
2025,ATL,NL,albieoz01,157
2025,ATL,NL,allenni02,135
2025,ATL,NL,alvarna01,58
2025,ATL,NL,arciaor01,76
2025,ATL,NL,azocajo01,14
2025,ATL,NL,baldwdr01,124
2025,ATL,NL,blewesc01,26
2025,ATL,NL,brebbjo01,22
2025,ATL,NL,brujavi01,61
2025,ATL,NL,bummeaa01,42
2025,ATL,NL,carraca01,11
2025,ATL,NL,chaveje01,4
2025,ATL,NL,coxau01,13
2025,ATL,NL,danieda01,3
2025,ATL,NL,delacbr01,16
2025,ATL,NL,delosen01,65
2025,ATL,NL,diazal03,18
2025,ATL,NL,dodddy01,28
2025,ATL,NL,dunnida01,12
2025,ATL,NL,elderbr01,28
2025,ATL,NL,faircst01,28
2025,ATL,NL,feddeer01,32
2025,ATL,NL,fraleja01,76
2025,ATL,NL,fuentdi01,4
2025,ATL,NL,harrimi04,160
2025,ATL,NL,harriha01,3
2025,ATL,NL,hergeke01,7
2025,ATL,NL,hernada03,39
2025,ATL,NL,holmegr01,22
2025,ATL,NL,iglesra01,70
2025,ATL,NL,johnspi01,65
2025,ATL,NL,kelenja01,24
2025,ATL,NL,kimha01,48
2025,ATL,NL,kimbrcr01,14
2025,ATL,NL,kinlety01,73
2025,ATL,NL,leedy01,74
2025,ATL,NL,lopezre01,1
2025,ATL,NL,montera01,59
2025,ATL,NL,mortoch02,33
2025,ATL,NL,munozro02,3
2025,ATL,NL,murphse01,94
2025,ATL,NL,nerishe01,35
2025,ATL,NL,olsonma02,162
2025,ATL,NL,orneljo01,6
2025,ATL,NL,ozunama01,145
2025,ATL,NL,payamjo01,30
2025,ATL,NL,petermi01,15
2025,ATL,NL,profaju01,80
2025,ATL,NL,quantca01,26
2025,ATL,NL,rileyau01,102
2025,ATL,NL,rosared01,5
2025,ATL,NL,ruizjo01,18
2025,ATL,NL,salech01,21
2025,ATL,NL,schwesp01,17
2025,ATL,NL,seaboco01,7
2025,ATL,NL,smithaj01,9
2025,ATL,NL,strathu01,15
2025,ATL,NL,stridsp01,23
2025,ATL,NL,suarejo01,7
2025,ATL,NL,suerowa01,5
2025,ATL,NL,thompza01,2
2025,ATL,NL,trompch01,8
2025,ATL,NL,verdual01,56
2025,ATL,NL,waldrhu01,10
2025,ATL,NL,wentzjo01,39
2025,ATL,NL,whiteel04,105
2025,ATL,NL,wilesna01,1
2025,ATL,NL,willilu01,45
2025,ATL,NL,wiselbr01,26
2025,CHA,AL,alexaty01,52
2025,CHA,AL,altavda01,28
2025,CHA,AL,amayaja01,37
2025,CHA,AL,baldwbr01,103
2025,CHA,AL,beninan01,116
2025,CHA,AL,booseca01,39
2025,CHA,AL,burkese01,28
2025,CHA,AL,cannojo02,22
2025,CHA,AL,capravi01,47
2025,CHA,AL,castrmi01,6
2025,CHA,AL,civalaa01,23
2025,CHA,AL,clevimi01,8
2025,CHA,AL,dalbebo01,7
2025,CHA,AL,eiserbr01,72
2025,CHA,AL,elkoti01,23
2025,CHA,AL,ellarfr01,18
2025,CHA,AL,fletcdo01,12
2025,CHA,AL,freemca01,5
2025,CHA,AL,gilbety01,46
2025,CHA,AL,gomezyo01,21
2025,CHA,AL,gonzawi02,16
2025,CHA,AL,hillde01,57
2025,CHA,AL,housead01,21
2025,CHA,AL,hudsobr01,16
2025,CHA,AL,jankotr01,26
2025,CHA,AL,jonesgr02,3
2025,CHA,AL,julksco01,6
2025,CHA,AL,leasujo01,68
2025,CHA,AL,leeko01,26
2025,CHA,AL,martida03,26
2025,CHA,AL,matonni01,25
2025,CHA,AL,meadcu01,90
2025,CHA,AL,meidrch01,122
2025,CHA,AL,montgco01,71
2025,CHA,AL,murfepe01,15
2025,CHA,AL,narvaom01,4
2025,CHA,AL,palacjo01,51
2025,CHA,AL,palisja01,1
2025,CHA,AL,pegueel01,8
2025,CHA,AL,perezma02,11
2025,CHA,AL,queroed01,111
2025,CHA,AL,ramosbr01,4
2025,CHA,AL,roberlu01,110
2025,CHA,AL,roberwi02,27
2025,CHA,AL,rojasjo01,69
2025,CHA,AL,shustja01,12
2025,CHA,AL,slateau01,65
2025,CHA,AL,smithsh02,29
2025,CHA,AL,sosale01,140
2025,CHA,AL,tauchmi01,93
2025,CHA,AL,taylogr02,36
2025,CHA,AL,taylomi02,134
2025,CHA,AL,teelky01,78
2025,CHA,AL,thaisma01,60
2025,CHA,AL,vargami01,138
2025,CHA,AL,vasilmi01,47
2025,CHA,AL,vaughan01,112
2025,CHA,AL,whiteow01,3
2025,CHA,AL,wilsobr02,20
2025,CHA,AL,wilsost02,59
2025,CHA,AL,workmga01,12
2025,MIA,NL,acostma02,19
2025,MIA,NL,alcansa01,31
2025,MIA,NL,ariaslu01,7
2025,MIA,NL,bachala01,53
2025,MIA,NL,bellova01,32
2025,MIA,NL,bendean01,51
2025,MIA,NL,brantro01,3
2025,MIA,NL,bridejo01,45
2025,MIA,NL,cabreed02,26
2025,MIA,NL,coningr01,24
2025,MIA,NL,curryxz01,3
2025,MIA,NL,edwarxa01,139
2025,MIA,NL,fauchca01,65
2025,MIA,NL,forteni01,97
2025,MIA,NL,gibsoca01,44
2025,MIA,NL,gillico01,6
2025,MIA,NL,gustory01,27
2025,MIA,NL,henriro01,69
2025,MIA,NL,hernahe01,87
2025,MIA,NL,hicksli01,119
2025,MIA,NL,hillde01,57
2025,MIA,NL,johnstr02,44
2025,MIA,NL,junkja01,21
2025,MIA,NL,lopezot01,143
2025,MIA,NL,marseja01,55
2025,MIA,NL,martise01,6
2025,MIA,NL,mazurad01,6
2025,MIA,NL,mervima01,42
2025,MIA,NL,mesavi01,16
2025,MIA,NL,meyerma01,12
2025,MIA,NL,montepa01,1
2025,MIA,NL,myersda01,106
2025,MIA,NL,navarbr01,8
2025,MIA,NL,norbyco01,88
2025,MIA,NL,paulegr01,62
2025,MIA,NL,perezeu02,20
2025,MIA,NL,petermi01,15
2025,MIA,NL,phillty01,54
2025,MIA,NL,pinaro01,2
2025,MIA,NL,quantca01,26
2025,MIA,NL,ramirag01,136
2025,MIA,NL,roach02,2
2025,MIA,NL,sanchje02,134
2025,MIA,NL,sanojja01,120
2025,MIA,NL,simonro01,27
2025,MIA,NL,simpsjo02,31
2025,MIA,NL,soriage01,24
2025,MIA,NL,stoweky01,117
2025,MIA,NL,tarnofr01,5
2025,MIA,NL,tinocje01,20
2025,MIA,NL,venezan01,26
2025,MIA,NL,wagamer01,140
2025,MIA,NL,weathry01,8
2025,MIA,NL,wiemejo01,27
2025,MIA,NL,winklja01,14
2025,MIA,NL,zuberty01,10
2025,NYA,AL,bednada01,64
2025,NYA,AL,beetecl01,26
2025,NYA,AL,bellico01,152
2025,NYA,AL,birdja01,48
2025,NYA,AL,blackpa01,15
2025,NYA,AL,brubajt01,17
2025,NYA,AL,cabaljo01,126
2025,NYA,AL,cabreos01,34
2025,NYA,AL,carraca01,11
2025,NYA,AL,chishja01,130
2025,NYA,AL,cruzfe01,49
2025,NYA,AL,delosye01,25
2025,NYA,AL,dominja01,123
2025,NYA,AL,dovalca01,69
2025,NYA,AL,effrosc01,11
2025,NYA,AL,escarjc01,40
2025,NYA,AL,friedma01,32
2025,NYA,AL,garciri01,29
2025,NYA,AL,gillu01,11
2025,NYA,AL,goldspa01,146
2025,NYA,AL,gomezyo01,21
2025,NYA,AL,grishtr01,143
2025,NYA,AL,hamilia01,36
2025,NYA,AL,hartlge01,4
2025,NYA,AL,headrbr01,17
2025,NYA,AL,hillti01,70
2025,NYA,AL,judgeaa01,152
2025,NYA,AL,lemahdj01,45
2025,NYA,AL,leitema02,59
2025,NYA,AL,loaisjo01,30
2025,NYA,AL,matzety01,7
2025,NYA,AL,mcmahry01,154
2025,NYA,AL,ottavad01,3
2025,NYA,AL,perazos02,106
2025,NYA,AL,reyespa01,25
2025,NYA,AL,ricebe01,138
2025,NYA,AL,rodonca01,33
2025,NYA,AL,rosaram01,63
2025,NYA,AL,sandrja01,1
2025,NYA,AL,schlica01,14
2025,NYA,AL,schmicl01,14
2025,NYA,AL,slateau01,65
2025,NYA,AL,stantmi03,77
2025,NYA,AL,stromma01,9
2025,NYA,AL,vivasjo01,29
2025,NYA,AL,volpean01,153
2025,NYA,AL,warrewi01,33
2025,NYA,AL,weavelu01,64
2025,NYA,AL,wellsau01,126
2025,NYA,AL,willide03,67
2025,NYA,AL,winanal01,3
2025,NYA,AL,yarbrry01,19
2025,MIL,NL,alexaty01,52
2025,MIL,NL,andergr01,66
2025,MIL,NL,ashbyaa01,43
2025,MIL,NL,avansdr01,8
2025,MIL,NL,bauerja01,86
2025,MIL,NL,berrost01,2
2025,MIL,NL,blackty01,5
2025,MIL,NL,camerda01,21
2025,MIL,NL,capravi01,47
2025,MIL,NL,chourja01,131
2025,MIL,NL,civalaa01,23
2025,MIL,NL,colliis01,130
2025,MIL,NL,contrwi02,150
2025,MIL,NL,cortene01,8
2025,MIL,NL,dunnol01,14
2025,MIL,NL,durbica01,136
2025,MIL,NL,feddeer01,32
2025,MIL,NL,frelisa01,142
2025,MIL,NL,gassero01,2
2025,MIL,NL,haaseer01,30
2025,MIL,NL,halldl01,20
2025,MIL,NL,hendelo01,5
2025,MIL,NL,hoskirh01,90
2025,MIL,NL,hudsobr01,16
2025,MIL,NL,janseda01,98
2025,MIL,NL,koenija01,72
2025,MIL,NL,lockrbr01,67
2025,MIL,NL,mcgeeea01,9
2025,MIL,NL,mearsni01,63
2025,MIL,NL,megiltr01,50
2025,MIL,NL,millesh01,48
2025,MIL,NL,misioja01,15
2025,MIL,NL,mitchga01,25
2025,MIL,NL,monasan01,68
2025,MIL,NL,myersto01,22
2025,MIL,NL,ortizjo06,149
2025,MIL,NL,patrich01,27
2025,MIL,NL,payamjo01,30
2025,MIL,NL,pegueel01,8
2025,MIL,NL,peralfr01,33
2025,MIL,NL,perkibl01,54
2025,MIL,NL,priesqu01,29
2025,MIL,NL,quintjo01,24
2025,MIL,NL,rodrica02,4
2025,MIL,NL,rodriel02,7
2025,MIL,NL,seiglan01,34
2025,MIL,NL,thomaco02,2
2025,MIL,NL,turanbr02,156
2025,MIL,NL,uribeab01,75
2025,MIL,NL,vaughan01,112
2025,MIL,NL,woodrbr01,12
2025,MIL,NL,yelicch01,150
2025,MIL,NL,yohocr01,8
2025,MIL,NL,zastrro01,26
2025,MIL,NL,zimmebr02,1
2025,ANA,AL,adelljo01,152
2025,ANA,AL,aldegsa01,4
2025,ANA,AL,anderia01,7
2025,ANA,AL,andersh01,7
2025,ANA,AL,anderti01,31
2025,ANA,AL,anderty01,26
2025,ANA,AL,bachmsa01,23
2025,ANA,AL,brogdco01,43
2025,ANA,AL,burkebr01,69
2025,ANA,AL,campegu01,28
2025,ANA,AL,chafian01,42
2025,ANA,AL,danaca01,7
2025,ANA,AL,darremi01,7
2025,ANA,AL,davidlo01,19
2025,ANA,AL,davisjd01,5
2025,ANA,AL,detmere01,61
2025,ANA,AL,ederja01,8
2025,ANA,AL,edwarca01,4
2025,ANA,AL,farrimi01,5
2025,ANA,AL,fermijo02,40
2025,ANA,AL,fulmeca01,13
2025,ANA,AL,garcilu03,58
2025,ANA,AL,guzmade01,13
2025,ANA,AL,hendrky01,31
2025,ANA,AL,janseke01,62
2025,ANA,AL,johnsry01,14
2025,ANA,AL,joycebe01,5
2025,ANA,AL,kavadni01,10
2025,ANA,AL,kieboca01,3
2025,ANA,AL,kikucyu01,33
2025,ANA,AL,kingesc01,19
2025,ANA,AL,kochaja01,23
2025,ANA,AL,lopezni01,19
2025,ANA,AL,lugoma01,31
2025,ANA,AL,mcdanga01,10
2025,ANA,AL,medervi01,5
2025,ANA,AL,moncayo01,84
2025,ANA,AL,moorech03,53
2025,ANA,AL,nerishe01,35
2025,ANA,AL,netoza01,128
2025,ANA,AL,newmake01,57
2025,ANA,AL,ohopplo01,119
2025,ANA,AL,parisky01,44
2025,ANA,AL,peralsa01,5
2025,ANA,AL,perazos02,106
2025,ANA,AL,quijajo01,2
2025,ANA,AL,rengilu01,147
2025,ANA,AL,riverse01,11
2025,ANA,AL,schanno01,132
2025,ANA,AL,silsech01,10
2025,ANA,AL,solerjo01,82
2025,ANA,AL,soriajo02,31
2025,ANA,AL,stephro01,12
2025,ANA,AL,stevech02,5
2025,ANA,AL,strichu01,19
2025,ANA,AL,tayloch03,58
2025,ANA,AL,teodobr01,50
2025,ANA,AL,toussto01,1
2025,ANA,AL,troutmi01,130
2025,ANA,AL,urenajo01,19
2025,ANA,AL,wadela01,80
2025,ANA,AL,wallach01,1
2025,ANA,AL,wardta01,157
2025,ANA,AL,zeferry01,62
2025,ANA,AL,darnatr01,69
2025,ARI,NL,abnerph01,5
2025,ARI,NL,alexabl01,74
2025,ARI,NL,backhky01,32
2025,ARI,NL,barrojo01,33
2025,ARI,NL,beeksja01,61
2025,ARI,NL,brighje01,4
2025,ARI,NL,burgoju01,13
2025,ARI,NL,burneco01,11
2025,ARI,NL,carroco02,143
2025,ARI,NL,castijo03,29
2025,ARI,NL,crismna01,8
2025,ARI,NL,curtijo02,30
2025,ARI,NL,desclan01,13
2025,ARI,NL,delcaad01,44
2025,ARI,NL,diazyi01,1
2025,ARI,NL,englitr01,7
2025,ARI,NL,feyerjo01,4
2025,ARI,NL,galleza01,33
2025,ARI,NL,garciar01,2
2025,ARI,NL,garcibr02,14
2025,ARI,NL,ginkeke01,29
2025,ARI,NL,graveke01,19
2025,ARI,NL,grichra01,113
2025,ARI,NL,gurrilo01,129
2025,ARI,NL,hampsga01,62
2025,ARI,NL,henryto01,2
2025,ARI,NL,herrejo04,58
2025,ARI,NL,hoffman01,11
2025,ARI,NL,jamesdr01,3
2025,ARI,NL,jarvibr01,12
2025,ARI,NL,kaiseco01,11
2025,ARI,NL,kellyca01,2
2025,ARI,NL,kellyme01,32
2025,ARI,NL,lawlajo01,28
2025,ARI,NL,locklty01,31
2025,ARI,NL,mantijo01,10
2025,ARI,NL,marteke01,126
2025,ARI,NL,martiju01,17
2025,ARI,NL,mccanja02,42
2025,ARI,NL,mccarja02,67
2025,ARI,NL,mcgousc01,13
2025,ARI,NL,menacr01,3
2025,ARI,NL,millesh01,48
2025,ARI,NL,montech01,1
2025,ARI,NL,morenga01,83
2025,ARI,NL,morilju02,42
2025,ARI,NL,naylojo01,147
2025,ARI,NL,nelsoky01,3
2025,ARI,NL,nelsory01,34
2025,ARI,NL,perdoge01,161
2025,ARI,NL,pfaadbr01,33
2025,ARI,NL,popeau01,1
2025,ARI,NL,pukaj01,8
2025,ARI,NL,rashita01,10
2025,ARI,NL,richatr01,5
2025,ARI,NL,rodried05,29
2025,ARI,NL,saalfan01,28
2025,ARI,NL,scottta02,24
2025,ARI,NL,smithpa04,87
2025,ARI,NL,suareeu01,159
2025,ARI,NL,tawati01,74
2025,ARI,NL,thomaal01,143
2025,ARI,NL,thompry02,48
2025,ARI,NL,vargail01,38
2025,ARI,NL,woodfja01,22
2025,BAL,AL,adamsjo03,10
2025,BAL,AL,akinke01,64
2025,BAL,AL,allengr01,7
2025,BAL,AL,bakerbr01,73
2025,BAL,AL,banueda01,1
2025,BAL,AL,basalsa01,31
2025,BAL,AL,bautife01,35
2025,BAL,AL,beavedy01,35
2025,BAL,AL,blewesc01,26
2025,BAL,AL,bowmama01,20
2025,BAL,AL,bradiky01,6
2025,BAL,AL,brujavi01,61
2025,BAL,AL,canoye01,65
2025,BAL,AL,carlsdy01,83
2025,BAL,AL,castijo03,29
2025,BAL,AL,contrro01,5
2025,BAL,AL,cowseco01,92
2025,BAL,AL,dominse01,67
2025,BAL,AL,dubinsh01,30
2025,BAL,AL,eflinza01,14
2025,BAL,AL,ennsdi01,24
2025,BAL,AL,espadjo01,1
2025,BAL,AL,garciri01,29
2025,BAL,AL,gibsoky01,4
2025,BAL,AL,handlma01,16
2025,BAL,AL,hendegu01,154
2025,BAL,AL,hiralya01,18
2025,BAL,AL,hollija01,149
2025,BAL,AL,hummeco01,37
2025,BAL,AL,jacksal02,37
2025,BAL,AL,jacksje02,48
2025,BAL,AL,johnsda07,31
2025,BAL,AL,kittran01,54
2025,BAL,AL,kjershe01,54
2025,BAL,AL,kremede01,31
2025,BAL,AL,laurera01,132
2025,BAL,AL,machivi01,4
2025,BAL,AL,martico02,17
2025,BAL,AL,mateojo01,43
2025,BAL,AL,mayoco01,85
2025,BAL,AL,mcderch01,4
2025,BAL,AL,mortoch02,33
2025,BAL,AL,mountry01,89
2025,BAL,AL,mullice01,133
2025,BAL,AL,nodary01,23
2025,BAL,AL,ohearry01,144
2025,BAL,AL,oneilty01,54
2025,BAL,AL,perezci01,19
2025,BAL,AL,poteeco01,1
2025,BAL,AL,povicca01,22
2025,BAL,AL,ragsdca01,2
2025,BAL,AL,riverem01,43
2025,BAL,AL,rodriel02,7
2025,BAL,AL,rogertr01,18
2025,BAL,AL,rutscad01,90
2025,BAL,AL,sanchga02,30
2025,BAL,AL,selbyco01,11
2025,BAL,AL,sotogr01,70
2025,BAL,AL,stallja01,43
2025,BAL,AL,strowka01,25
2025,BAL,AL,suareal01,5
2025,BAL,AL,suganto01,30
2025,BAL,AL,trompch01,8
2025,BAL,AL,uriasra01,112
2025,BAL,AL,vavrate01,1
2025,BAL,AL,vazqulu01,36
2025,BAL,AL,wellsty01,4
2025,BAL,AL,westbjo01,85
2025,BAL,AL,wolfrgr01,21
2025,BAL,AL,youngbr01,12
2025,BOS,AL,abreuwi02,115
2025,BOS,AL,alcaljo01,56
2025,BOS,AL,anthoro01,71
2025,BOS,AL,bellobr01,29
2025,BOS,AL,bernabr01,55
2025,BOS,AL,bregmal01,114
2025,BOS,AL,buehlwa01,26
2025,BOS,AL,burdini01,4
2025,BOS,AL,campbis01,6
2025,BOS,AL,campbkr01,67
2025,BOS,AL,casastr01,29
2025,BOS,AL,chapmar01,67
2025,BOS,AL,criswco01,7
2025,BOS,AL,crochga01,32
2025,BOS,AL,deleojo03,1
2025,BOS,AL,deverra01,163
2025,BOS,AL,dobbihu01,13
2025,BOS,AL,duranja01,157
2025,BOS,AL,earlyco01,4
2025,BOS,AL,eatonna01,41
2025,BOS,AL,fittsri01,11
2025,BOS,AL,fulmemi01,3
2025,BOS,AL,garcijh01,5
2025,BOS,AL,giolilu01,26
2025,BOS,AL,gonzaro01,96
2025,BOS,AL,guerrlu01,13
2025,BOS,AL,hamilda03,91
2025,BOS,AL,harriky01,11
2025,BOS,AL,hendrli01,14
2025,BOS,AL,hicksjo03,34
2025,BOS,AL,houckta01,9
2025,BOS,AL,kellyza01,28
2025,BOS,AL,lowena01,153
2025,BOS,AL,matzst01,53
2025,BOS,AL,maydu01,25
2025,BOS,AL,mayerma01,44
2025,BOS,AL,moranjo01,2
2025,BOS,AL,murphch01,23
2025,BOS,AL,narvaca01,118
2025,BOS,AL,newcose01,48
2025,BOS,AL,rafaece01,156
2025,BOS,AL,refsnro01,70
2025,BOS,AL,sabolbl01,8
2025,BOS,AL,sanchal04,12
2025,BOS,AL,slateju01,36
2025,BOS,AL,sogarni01,30
2025,BOS,AL,stockro01,2
2025,BOS,AL,storytr01,157
2025,BOS,AL,tollepa01,7
2025,BOS,AL,toroab01,77
2025,BOS,AL,weissgr01,72
2025,BOS,AL,whitlga01,62
2025,BOS,AL,wilsoju10,61
2025,BOS,AL,winckjo01,6
2025,BOS,AL,wongco01,63
2025,BOS,AL,yoshima02,55
2025,CHN,NL,alcanke01,10
2025,CHN,NL,amayami01,28
2025,CHN,NL,assadja01,8
2025,CHN,NL,ballemo01,20
2025,CHN,NL,bertijo01,53
2025,CHN,NL,boydma01,31
2025,CHN,NL,brasiry01,28
2025,CHN,NL,brownbe02,25
2025,CHN,NL,brujavi01,61
2025,CHN,NL,buschmi02,155
2025,CHN,NL,cabrege01,40
2025,CHN,NL,caissow01,12
2025,CHN,NL,castrwi01,120
2025,CHN,NL,civalaa01,23
2025,CHN,NL,cosgrto01,2
2025,CHN,NL,crowape01,157
2025,CHN,NL,flexech01,21
2025,CHN,NL,fulmemi01,3
2025,CHN,NL,happia01,150
2025,CHN,NL,hodgepo01,36
2025,CHN,NL,hoernni01,156
2025,CHN,NL,holloga01,7
2025,CHN,NL,hortoca01,23
2025,CHN,NL,imanash01,25
2025,CHN,NL,kellebr01,68
2025,CHN,NL,kellyca02,111
2025,CHN,NL,kittran01,54
2025,CHN,NL,kriskbr01,16
2025,CHN,NL,littllu01,2
2025,CHN,NL,lopezni01,19
2025,CHN,NL,mcguire01,45
2025,CHN,NL,merryju01,21
2025,CHN,NL,morgael01,7
2025,CHN,NL,palenda01,54
2025,CHN,NL,pearsna01,11
2025,CHN,NL,pomerdr01,57
2025,CHN,NL,pressry01,44
2025,CHN,NL,reaco01,32
2025,CHN,NL,roberet01,10
2025,CHN,NL,rogerta01,57
2025,CHN,NL,santaca01,124
2025,CHN,NL,shawma01,126
2025,CHN,NL,sorokmi01,22
2025,CHN,NL,steelju01,4
2025,CHN,NL,suzukse01,151
2025,CHN,NL,swansda01,159
2025,CHN,NL,taillja01,23
2025,CHN,NL,thielca01,67
2025,CHN,NL,tuckeky01,136
2025,CHN,NL,turneju01,80
2025,CHN,NL,wicksjo01,8
2025,CHN,NL,workmga01,12
2025,CIN,NL,abbotan01,29
2025,CIN,NL,andujmi01,94
2025,CIN,NL,ashcrgr01,62
2025,CIN,NL,banfiwi01,7
2025,CIN,NL,barlosc01,75
2025,CIN,NL,bensowi01,90
2025,CIN,NL,burnsch01,13
2025,CIN,NL,callity01,4
2025,CIN,NL,candeje01,22
2025,CIN,NL,delacel01,162
2025,CIN,NL,diazal03,18
2025,CIN,NL,dunnbl01,30
2025,CIN,NL,encarch01,36
2025,CIN,NL,espinsa01,114
2025,CIN,NL,fraleja01,76
2025,CIN,NL,friedtj01,152
2025,CIN,NL,gibauia01,25
2025,CIN,NL,greenhu01,19
2025,CIN,NL,hampsga01,62
2025,CIN,NL,hayeske01,152
2025,CIN,NL,haysau01,103
2025,CIN,NL,hindsre01,15
2025,CIN,NL,hurtuja01,12
2025,CIN,NL,joeco01,42
2025,CIN,NL,lasorjo01,5
2025,CIN,NL,litteza01,32
2025,CIN,NL,lodolni01,29
2025,CIN,NL,luxga01,140
2025,CIN,NL,marteno01,90
2025,CIN,NL,martini01,40
2025,CIN,NL,maxweza01,8
2025,CIN,NL,mclaima01,147
2025,CIN,NL,meylu01,23
2025,CIN,NL,mileywa01,3
2025,CIN,NL,mollsa01,23
2025,CIN,NL,paganem01,70
2025,CIN,NL,pettych02,3
2025,CIN,NL,phillco01,21
2025,CIN,NL,richaly01,34
2025,CIN,NL,rogerta01,57
2025,CIN,NL,sanmare01,1
2025,CIN,NL,santito01,80
2025,CIN,NL,singebr01,32
2025,CIN,NL,spierca01,3
2025,CIN,NL,steersp01,146
2025,CIN,NL,stephty01,88
2025,CIN,NL,stewasa02,18
2025,CIN,NL,suterbr01,48
2025,CIN,NL,trevijo01,94
2025,CIN,NL,viladry01,8
2025,CIN,NL,wynnera01,1
2025,CIN,NL,wynnsau01,40
2025,CIN,NL,zulueyo01,7
2025,CLE,AL,allarko01,33
2025,CLE,AL,allenlo02,30
2025,CLE,AL,ariasga01,129
2025,CLE,AL,bibeeta01,31
2025,CLE,AL,boltoco01,1
2025,CLE,AL,brennwi02,6
2025,CLE,AL,cantijo01,34
2025,CLE,AL,ceccosl01,23
2025,CLE,AL,claseem01,48
2025,CLE,AL,delauch01,0
2025,CLE,AL,enrigni01,27
2025,CLE,AL,festama01,63
2025,CLE,AL,fryda01,66
2025,CLE,AL,gaddihu01,73
2025,CLE,AL,halpipe01,6
2025,CLE,AL,hedgeau01,70
2025,CLE,AL,hernaca04,41
2025,CLE,AL,herriti01,54
2025,CLE,AL,jonesno01,136
2025,CLE,AL,junisja01,57
2025,CLE,AL,kayfucj01,44
2025,CLE,AL,kentza01,12
2025,CLE,AL,kwanst01,156
2025,CLE,AL,livelbe01,9
2025,CLE,AL,manzaky01,142
2025,CLE,AL,martian02,139
2025,CLE,AL,mckentr01,4
2025,CLE,AL,messipa01,7
2025,CLE,AL,naylobo01,123
2025,CLE,AL,nikhado01,2
2025,CLE,AL,noeljh01,69
2025,CLE,AL,nunezdo01,2
2025,CLE,AL,ortizlu03,16
2025,CLE,AL,ramirjo01,158
2025,CLE,AL,rocchbr01,115
2025,CLE,AL,rodrijo10,31
2025,CLE,AL,sabroer01,33
2025,CLE,AL,santaca01,124
2025,CLE,AL,schneda04,131
2025,CLE,AL,sewalpa01,22
2025,CLE,AL,smithca06,76
2025,CLE,AL,thomala02,39
2025,CLE,AL,valerge01,16
2025,CLE,AL,waltean01,2
2025,CLE,AL,williga01,31
2025,CLE,AL,wilsowi03,34
2025,COL,NL,agnosza01,30
2025,COL,NL,alexasc01,21
2025,COL,NL,amadoad01,41
2025,COL,NL,anderni01,12
2025,COL,NL,arciaor01,76
2025,COL,NL,beckjo01,148
2025,COL,NL,bernawa01,40
2025,COL,NL,birdja01,48
2025,COL,NL,blalobr01,14
2025,COL,NL,bouchse01,32
2025,COL,NL,brownmc01,7
2025,COL,NL,bryankr01,11
2025,COL,NL,chivian01,43
2025,COL,NL,contrro01,5
2025,COL,NL,crimbl01,20
2025,COL,NL,darnedu01,9
2025,COL,NL,dollach01,21
2025,COL,NL,doylebr02,138
2025,COL,NL,estrath01,39
2025,COL,NL,farmeky01,97
2025,COL,NL,feltnry01,6
2025,COL,NL,fernaya01,52
2025,COL,NL,freelky01,31
2025,COL,NL,freemty01,110
2025,COL,NL,fulfobr01,38
2025,COL,NL,gilbrlu01,1
2025,COL,NL,gombeau01,12
2025,COL,NL,goodmhu01,144
2025,COL,NL,gordota01,15
2025,COL,NL,halvose01,42
2025,COL,NL,hergeji01,59
2025,COL,NL,hillja01,28
2025,COL,NL,hillisa01,20
2025,COL,NL,hiurake01,8
2025,COL,NL,karroky01,43
2025,COL,NL,kinlety01,73
2025,COL,NL,marquge01,26
2025,COL,NL,martini02,43
2025,COL,NL,mcmahry01,154
2025,COL,NL,mejiaju01,55
2025,COL,NL,milleow01,9
2025,COL,NL,molinan01,17
2025,COL,NL,moniami01,135
2025,COL,NL,nolaau01,15
2025,COL,NL,palmqca01,9
2025,COL,NL,perallu01,22
2025,COL,NL,rittery01,60
2025,COL,NL,rolisry01,31
2025,COL,NL,romodr01,3
2025,COL,NL,schunaa01,16
2025,COL,NL,senzaan01,30
2025,COL,NL,stallja01,43
2025,COL,NL,toglimi01,88
2025,COL,NL,tovarez01,95
2025,COL,NL,trejoal01,14
2025,COL,NL,veenza01,12
2025,COL,NL,vodnivi01,52
2025,DET,AL,baddoak01,7
2025,DET,AL,baezja01,126
2025,DET,AL,brebbjo01,22
2025,DET,AL,briesbe01,22
2025,DET,AL,carpeke01,130
2025,DET,AL,dingldi01,126
2025,DET,AL,ennsdi01,24
2025,DET,AL,finneky01,56
2025,DET,AL,flaheja01,31
2025,DET,AL,gagema01,33
2025,DET,AL,gipsosa01,8
2025,DET,AL,greenri02,157
2025,DET,AL,guentse01,9
2025,DET,AL,hanifbr01,54
2025,DET,AL,hartlge01,4
2025,DET,AL,hernaca04,41
2025,DET,AL,heuerco01,3
2025,DET,AL,hicklbr01,1
2025,DET,AL,holtoty01,70
2025,DET,AL,hornba01,10
2025,DET,AL,hurtebr01,43
2025,DET,AL,ibanean01,91
2025,DET,AL,jackslu01,52
2025,DET,AL,jobeja01,10
2025,DET,AL,jonesja08,72
2025,DET,AL,jungja01,21
2025,DET,AL,kahnlto01,66
2025,DET,AL,keithco01,137
2025,DET,AL,kreidry01,17
2025,DET,AL,langeal01,1
2025,DET,AL,leech02,32
2025,DET,AL,maedake01,7
2025,DET,AL,malloju02,52
2025,DET,AL,margoma01,6
2025,DET,AL,mckinza01,144
2025,DET,AL,meadopa01,58
2025,DET,AL,meltotr01,16
2025,DET,AL,mizeca01,28
2025,DET,AL,monteke01,20
2025,DET,AL,montera01,59
2025,DET,AL,mortoch02,33
2025,DET,AL,nidoto01,11
2025,DET,AL,olsonre01,13
2025,DET,AL,owensty01,3
2025,DET,AL,paddach01,33
2025,DET,AL,perezwe01,100
2025,DET,AL,raineta01,13
2025,DET,AL,rogerja03,49
2025,DET,AL,sewalpa01,22
2025,DET,AL,skubata01,31
2025,DET,AL,smithdy01,7
2025,DET,AL,sommedr01,4
2025,DET,AL,sweentr01,118
2025,DET,AL,torkesp01,155
2025,DET,AL,torregl01,145
2025,DET,AL,urquijo01,2
2025,DET,AL,vestwi01,64
2025,DET,AL,vierlma01,31
2025,HOU,AL,abreubr01,70
2025,HOU,AL,alexaja01,18
2025,HOU,AL,altuvjo01,155
2025,HOU,AL,alvaryo01,48
2025,HOU,AL,arrigsp01,7
2025,HOU,AL,blancro01,9
2025,HOU,AL,blubaaj01,11
2025,HOU,AL,brownhu01,31
2025,HOU,AL,caratvi01,114
2025,HOU,AL,coleza01,15
2025,HOU,AL,contrlu01,9
2025,HOU,AL,coronke01,3
2025,HOU,AL,correca01,144
2025,HOU,AL,delosen01,65
2025,HOU,AL,dezenza01,34
2025,HOU,AL,diazya02,143
2025,HOU,AL,dubinsh01,30
2025,HOU,AL,dubonma01,133
2025,HOU,AL,francjp01,2
2025,HOU,AL,garcilu05,2
2025,HOU,AL,gordoco01,20
2025,HOU,AL,guilllu01,12
2025,HOU,AL,gustory01,27
2025,HOU,AL,haderjo01,48
2025,HOU,AL,hernani01,10
2025,HOU,AL,hummeco01,37
2025,HOU,AL,javiecr01,8
2025,HOU,AL,kimbrcr01,14
2025,HOU,AL,kingbr02,68
2025,HOU,AL,matthbr01,13
2025,HOU,AL,mccorch01,66
2025,HOU,AL,mcculla02,16
2025,HOU,AL,meltoja01,32
2025,HOU,AL,meyerja02,104
2025,HOU,AL,montera01,59
2025,HOU,AL,murraja01,9
2025,HOU,AL,nerishe01,35
2025,HOU,AL,okertst01,68
2025,HOU,AL,ortka01,49
2025,HOU,AL,paredis01,102
2025,HOU,AL,penaje02,125
2025,HOU,AL,rodgebr02,43
2025,HOU,AL,roonejo01,1
2025,HOU,AL,salazce01,11
2025,HOU,AL,sanchje02,134
2025,HOU,AL,scottta02,24
2025,HOU,AL,shortza01,22
2025,HOU,AL,singljo02,3
2025,HOU,AL,smithca07,134
2025,HOU,AL,sousabe01,44
2025,HOU,AL,trammta01,52
2025,HOU,AL,uriasra01,112
2025,HOU,AL,valdefr01,31
2025,HOU,AL,vanwelo01,9
2025,HOU,AL,walkech02,154
2025,HOU,AL,waltebr01,9
2025,HOU,AL,weemsjo01,4
2025,HOU,AL,wesneha01,6
2025,HOU,AL,whitcsh01,20
2025,HOU,AL,whitlfo01,10
2025,KCA,AL,avilalu02,13
2025,KCA,AL,bergery01,19
2025,KCA,AL,biggica01,37
2025,KCA,AL,blancda02,9
2025,KCA,AL,bowlajo01,34
2025,KCA,AL,bubickr01,20
2025,KCA,AL,caglija01,62
2025,KCA,AL,camerno01,24
2025,KCA,AL,canhama01,46
2025,KCA,AL,clarkta01,51
2025,KCA,AL,cruzst01,47
2025,KCA,AL,erceglu01,61
2025,KCA,AL,estevca01,67
2025,KCA,AL,falteba01,26
2025,KCA,AL,fermifr01,109
2025,KCA,AL,fraziad01,134
2025,KCA,AL,garcima01,160
2025,KCA,AL,grichra01,113
2025,KCA,AL,harvehu01,12
2025,KCA,AL,hatchto01,12
2025,KCA,AL,hillri01,2
2025,KCA,AL,hoffman01,11
2025,KCA,AL,indiajo01,136
2025,KCA,AL,isbelky01,135
2025,KCA,AL,jenseca01,20
2025,KCA,AL,kolekst01,19
2025,KCA,AL,loftini01,67
2025,KCA,AL,longsa01,39
2025,KCA,AL,lorenmi01,27
2025,KCA,AL,lugose01,26
2025,KCA,AL,lynchda02,57
2025,KCA,AL,mailelu01,25
2025,KCA,AL,massemi02,77
2025,KCA,AL,melenmj01,23
2025,KCA,AL,pasquvi01,160
2025,KCA,AL,perezsa02,155
2025,KCA,AL,raganco01,13
2025,KCA,AL,ravejo01,72
2025,KCA,AL,renfrhu01,35
2025,KCA,AL,richatr01,5
2025,KCA,AL,schrejo01,74
2025,KCA,AL,siskev01,19
2025,KCA,AL,stratch01,15
2025,KCA,AL,tolbety01,64
2025,KCA,AL,wachami01,31
2025,KCA,AL,waterdr01,71
2025,KCA,AL,wittbo02,157
2025,KCA,AL,yastrmi01,147
2025,KCA,AL,zerpaan01,69
2025,LAN,NL,bandaan01,71
2025,LAN,NL,barneau01,13
2025,LAN,NL,bettsmo01,150
2025,LAN,NL,callal01,110
2025,LAN,NL,caspabe01,46
2025,LAN,NL,confomi01,138
2025,LAN,NL,davisno01,9
2025,LAN,NL,deanju01,18
2025,LAN,NL,diazal03,18
2025,LAN,NL,dreyeja01,67
2025,LAN,NL,edmanto01,97
2025,LAN,NL,feduchu01,38
2025,LAN,NL,fernaju02,4
2025,LAN,NL,feyerjo01,4
2025,LAN,NL,freelal01,29
2025,LAN,NL,freemfr01,147
2025,LAN,NL,garcilu03,58
2025,LAN,NL,gervapa01,6
2025,LAN,NL,glasnty01,18
2025,LAN,NL,gomezyo01,21
2025,LAN,NL,gonsoto01,7
2025,LAN,NL,heanean01,27
2025,LAN,NL,henried01,22
2025,LAN,NL,hernaen02,93
2025,LAN,NL,hernate01,134
2025,LAN,NL,kennebu01,13
2025,LAN,NL,kershcl01,23
2025,LAN,NL,kimhy02,71
2025,LAN,NL,kleinwi01,14
2025,LAN,NL,knackla01,10
2025,LAN,NL,kopecmi01,14
2025,LAN,NL,littlja02,2
2025,LAN,NL,loutory01,12
2025,LAN,NL,maydu01,25
2025,LAN,NL,millebo06,2
2025,LAN,NL,muncyma01,100
2025,LAN,NL,ohtansh01,158
2025,LAN,NL,outmaja01,59
2025,LAN,NL,pagesan01,156
2025,LAN,NL,phillev01,7
2025,LAN,NL,robinch03,1
2025,LAN,NL,rojasmi02,114
2025,LAN,NL,rortvbe01,44
2025,LAN,NL,rosared01,5
2025,LAN,NL,ruizes01,19
2025,LAN,NL,rushida01,53
2025,LAN,NL,sasakro01,10
2025,LAN,NL,sauerma01,10
2025,LAN,NL,scottta01,61
2025,LAN,NL,sheehem01,15
2025,LAN,NL,smithwi05,110
2025,LAN,NL,snellbl01,11
2025,LAN,NL,stewabr01,43
2025,LAN,NL,stratch01,15
2025,LAN,NL,tayloch03,58
2025,LAN,NL,treinbl01,32
2025,LAN,NL,trivilo01,47
2025,LAN,NL,urenajo01,19
2025,LAN,NL,vesiaal01,68
2025,LAN,NL,wroblju01,24
2025,LAN,NL,yamamyo01,30
2025,LAN,NL,yateski01,50
2025,WAS,NL,abramcj01,144
2025,WAS,NL,adamsri03,83
2025,WAS,NL,alfarjo01,14
2025,WAS,NL,alvaran01,5
2025,WAS,NL,beetecl01,26
2025,WAS,NL,belljo02,140
2025,WAS,NL,brzykza01,26
2025,WAS,NL,callal01,110
2025,WAS,NL,cavalca01,10
2025,WAS,NL,chafian01,42
2025,WAS,NL,chapaan01,34
2025,WAS,NL,crewsdy01,85
2025,WAS,NL,dejonpa01,57
2025,WAS,NL,fernaju02,4
2025,WAS,NL,ferrejo01,72
2025,WAS,NL,finneky01,56
2025,WAS,NL,garcilu04,139
2025,WAS,NL,garcilu03,58
2025,WAS,NL,gorema01,30
2025,WAS,NL,hassero02,70
2025,WAS,NL,henryco01,57
2025,WAS,NL,housebr01,73
2025,WAS,NL,irvinja01,33
2025,WAS,NL,laosa01,8
2025,WAS,NL,laraan01,9
2025,WAS,NL,lileda01,91
2025,WAS,NL,lipsctr01,3
2025,WAS,NL,lopezjo02,26
2025,WAS,NL,lordbr02,48
2025,WAS,NL,loutory01,12
2025,WAS,NL,lowena01,153
2025,WAS,NL,milladr01,18
2025,WAS,NL,nunezna01,39
2025,WAS,NL,ogasash01,23
2025,WAS,NL,parkemi01,33
2025,WAS,NL,pilkiko01,32
2025,WAS,NL,pocheco01,14
2025,WAS,NL,poulipj01,28
2025,WAS,NL,ribalor01,22
2025,WAS,NL,rosaram01,63
2025,WAS,NL,ruizke01,68
2025,WAS,NL,rutleja01,63
2025,WAS,NL,salazed01,30
2025,WAS,NL,simslu01,18
2025,WAS,NL,sorokmi01,22
2025,WAS,NL,stubbcj01,1
2025,WAS,NL,tenajo01,50
2025,WAS,NL,thompma02,14
2025,WAS,NL,willitr01,17
2025,WAS,NL,woodja03,157
2025,WAS,NL,youngja03,120
2025,NYN,NL,acunajo01,95
2025,NYN,NL,adcocty01,3
2025,NYN,NL,alonspe01,162
2025,NYN,NL,alvarfr01,76
2025,NYN,NL,azocajo01,14
2025,NYN,NL,batybr01,130
2025,NYN,NL,blackpa01,15
2025,NYN,NL,brazohu01,52
2025,NYN,NL,buttojo01,55
2025,NYN,NL,cabrege01,40
2025,NYN,NL,cannigr01,16
2025,NYN,NL,carrial01,3
2025,NYN,NL,castijo03,29
2025,NYN,NL,devench02,13
2025,NYN,NL,diazed04,62
2025,NYN,NL,garciri01,29
2025,NYN,NL,garrere01,58
2025,NYN,NL,garzaju01,5
2025,NYN,NL,hagenju01,9
2025,NYN,NL,hameldo01,1
2025,NYN,NL,helslry01,58
2025,NYN,NL,hergeke01,7
2025,NYN,NL,holmecl01,33
2025,NYN,NL,jankotr01,26
2025,NYN,NL,kranima01,24
2025,NYN,NL,lindofr01,160
2025,NYN,NL,lovelri01,10
2025,NYN,NL,manaese01,15
2025,NYN,NL,martest01,98
2025,NYN,NL,mauriro01,61
2025,NYN,NL,mcleano01,8
2025,NYN,NL,mcneije01,122
2025,NYN,NL,megilty01,14
2025,NYN,NL,minteaj01,13
2025,NYN,NL,montafr01,9
2025,NYN,NL,mullice01,133
2025,NYN,NL,nimmobr01,155
2025,NYN,NL,nunezde01,10
2025,NYN,NL,peterda01,30
2025,NYN,NL,pintajo01,1
2025,NYN,NL,pocheco01,14
2025,NYN,NL,popza01,5
2025,NYN,NL,raleybr01,30
2025,NYN,NL,rogerty01,81
2025,NYN,NL,sengako01,22
2025,NYN,NL,sengeha01,33
2025,NYN,NL,sirijo01,16
2025,NYN,NL,sotogr01,70
2025,NYN,NL,sotoju01,160
2025,NYN,NL,sproabr01,4
2025,NYN,NL,stanery01,65
2025,NYN,NL,tayloty01,113
2025,NYN,NL,tidwebl01,4
2025,NYN,NL,tongjo01,5
2025,NYN,NL,torrelu01,93
2025,NYN,NL,urenajo01,19
2025,NYN,NL,vientma01,121
2025,NYN,NL,waddebr01,11
2025,NYN,NL,warreau01,5
2025,NYN,NL,winkeje01,26
2025,NYN,NL,youngda02,10
2025,NYN,NL,youngja02,23
2025,NYN,NL,zuberty01,10
2026,OAK,AL,alvarel01,31
2026,OAK,AL,barlosc01,36
2026,OAK,AL,barnema02,15
2026,OAK,AL,bassobr01,10
2026,OAK,AL,blewesc01,2
2026,OAK,AL,boltehe01,67
2026,OAK,AL,butlela01,102
2026,OAK,AL,civalaa01,19
2026,OAK,AL,clarkde02,22
2026,OAK,AL,corteca01,82
2026,OAK,AL,estesjo01,1
2026,OAK,AL,ferguty01,15
2026,OAK,AL,gelofza01,67
2026,OAK,AL,ginnjt01,22
2026,OAK,AL,harribr02,6
2026,OAK,AL,harriho03,51
2026,OAK,AL,hartlge01,8
2026,OAK,AL,heimjo01,63
2026,OAK,AL,hernada04,47
2026,OAK,AL,ibanean01,14
2026,OAK,AL,juengha01,7
2026,OAK,AL,jumpga01,12
2026,OAK,AL,kellymi03,5
2026,OAK,AL,kriskbr01,2
2026,OAK,AL,krookma01,11
2026,OAK,AL,kuhnejo01,35
2026,OAK,AL,kurodjo01,16
2026,OAK,AL,kurtzni01,99
2026,OAK,AL,langesh01,93
2026,OAK,AL,leitema02,36
2026,OAK,AL,lopezja04,17
2026,OAK,AL,mcneije01,97
2026,OAK,AL,medinlu02,37
2026,OAK,AL,menesjo01,9
2026,OAK,AL,morallu01,5
2026,OAK,AL,morrika01,3
2026,OAK,AL,muncyma02,48
2026,OAK,AL,orneljo01,1
2026,OAK,AL,perkija01,26
2026,OAK,AL,rookebr01,48
2026,OAK,AL,servebr01,5
2026,OAK,AL,severlu01,12
2026,OAK,AL,soderty01,98
2026,OAK,AL,sprinje01,22
2026,OAK,AL,stefami01,2
2026,OAK,AL,sternju01,46
2026,OAK,AL,suarejo01,38
2026,OAK,AL,thomaco03,55
2026,OAK,AL,mlb0814305,2
2026,OAK,AL,waltodo01,45
2026,OAK,AL,mlb0695720,13
2026,OAK,AL,willial04,48
2026,OAK,AL,wilsoja05,70
2026,OAK,AL,wynnsau01,26
2026,PIT,NL,ashcrbr01,21
2026,PIT,NL,barcohu01,6
2026,PIT,NL,bartjo01,41
2026,PIT,NL,bidoibr01,15
2026,PIT,NL,mlb0687394,1
2026,PIT,NL,callity01,40
2026,PIT,NL,chandbu01,21
2026,PIT,NL,cookbi01,65
2026,PIT,NL,cruzon01,64
2026,PIT,NL,mlb0694753,1
2026,PIT,NL,davishe01,71
2026,PIT,NL,devench02,3
2026,PIT,NL,dotelwi01,13
2026,PIT,NL,eiserbr01,32
2026,PIT,NL,florera03,8
2026,PIT,NL,garcijh01,15
2026,PIT,NL,gonzani01,105
2026,PIT,NL,gonzaja01,43
2026,PIT,NL,griffko01,59
2026,PIT,NL,horwisp01,74
2026,PIT,NL,jonesja09,11
2026,PIT,NL,kellemi03,21
2026,PIT,NL,kellyan01,3
2026,PIT,NL,lawreju01,37
2026,PIT,NL,lowebr01,102
2026,PIT,NL,manguja01,88
2026,PIT,NL,marinro01,36
2026,PIT,NL,mattsis01,36
2026,PIT,NL,mlodzca01,24
2026,PIT,NL,montgma01,46
2026,PIT,NL,murdono01,1
2026,PIT,NL,ohearry01,96
2026,PIT,NL,ozunama01,69
2026,PIT,NL,ramiryo01,45
2026,PIT,NL,reynobr01,111
2026,PIT,NL,rodrien01,39
2026,PIT,NL,mlb0676566,2
2026,PIT,NL,sandeca01,11
2026,PIT,NL,santade01,44
2026,PIT,NL,siskev01,32
2026,PIT,NL,skenepa01,23
2026,PIT,NL,sotogr01,46
2026,PIT,NL,strathu01,3
2026,PIT,NL,triolja01,76
2026,PIT,NL,urquijo01,5
2026,PIT,NL,valdees01,42
2026,PIT,NL,wendzda01,2
2026,PIT,NL,yorkeni01,27
2026,SDN,NL,adamja01,36
2026,SDN,NL,andujmi01,74
2026,SDN,NL,bogaexa01,104
2026,SDN,NL,bowenja01,40
2026,SDN,NL,britojh01,3
2026,SDN,NL,buehlwa01,21
2026,SDN,NL,campulu01,36
2026,SDN,NL,cannigr01,16
2026,SDN,NL,casteni01,39
2026,SDN,NL,croneja01,58
2026,SDN,NL,duranro02,39
2026,SDN,NL,estraje01,22
2026,SDN,NL,fermifr01,68
2026,SDN,NL,francty01,84
2026,SDN,NL,giolilu01,7
2026,SDN,NL,hartky01,28
2026,SDN,NL,huntbl01,2
2026,SDN,NL,jacobal01,3
2026,SDN,NL,johnsbr03,32
2026,SDN,NL,kingmi01,22
2026,SDN,NL,laurera01,53
2026,SDN,NL,machama01,107
2026,SDN,NL,marinro01,36
2026,SDN,NL,marquge01,12
2026,SDN,NL,matsuyu01,31
2026,SDN,NL,merrija01,107
2026,SDN,NL,millema03,44
2026,SDN,NL,morejad01,50
2026,SDN,NL,morgada01,18
2026,SDN,NL,peralwa01,48
2026,SDN,NL,pivetni01,4
2026,SDN,NL,rengilu01,70
2026,SDN,NL,rodribr01,45
2026,SDN,NL,searsjp01,7
2026,SDN,NL,sheetga01,103
2026,SDN,NL,solakni01,4
2026,SDN,NL,songsu01,50
2026,SDN,NL,tatisfe02,109
2026,SDN,NL,taylosa04,26
2026,SDN,NL,vasqura02,21
2026,SDN,NL,wagnewi01,16
2026,SDN,NL,waldrma01,10
2026,SEA,AL,arozara01,103
2026,SEA,AL,bazared01,51
2026,SEA,AL,blissry01,3
2026,SEA,AL,brashma01,20
2026,SEA,AL,canzodo01,96
2026,SEA,AL,castilu02,20
2026,SEA,AL,crawfjp01,87
2026,SEA,AL,criswco01,26
2026,SEA,AL,davilni01,20
2026,SEA,AL,donovbr01,25
2026,SEA,AL,emersco01,58
2026,SEA,AL,ferrejo01,50
2026,SEA,AL,garvemi01,49
2026,SEA,AL,gilbelo01,21
2026,SEA,AL,gonzado01,5
2026,SEA,AL,hancoem01,20
2026,SEA,AL,hoppeal01,24
2026,SEA,AL,joeco01,21
2026,SEA,AL,kennebu01,12
2026,SEA,AL,kirbyge01,20
2026,SEA,AL,legumca01,36
2026,SEA,AL,mastrmi01,13
2026,SEA,AL,millebr04,13
2026,SEA,AL,munozan01,41
2026,SEA,AL,naylojo01,104
2026,SEA,AL,peredjh01,19
2026,SEA,AL,raleica01,78
2026,SEA,AL,raleylu01,95
2026,SEA,AL,refsnro01,52
2026,SEA,AL,rivasle01,38
2026,SEA,AL,roblevi01,50
2026,SEA,AL,rodriju01,100
2026,SEA,AL,ruckemi01,19
2026,SEA,AL,simpsjo02,4
2026,SEA,AL,speiega01,34
2026,SEA,AL,suarejo01,38
2026,SEA,AL,wilcoco01,21
2026,SEA,AL,wilsowe01,42
2026,SEA,AL,wilsowi03,2
2026,SEA,AL,wisdopa01,15
2026,SEA,AL,woobr01,21
2026,SEA,AL,youngco01,111
2026,SFN,NL,adamewi01,105
2026,SFN,NL,arraelu01,104
2026,SFN,NL,baderha01,30
2026,SFN,NL,bailepa01,74
2026,SFN,NL,basabos01,2
2026,SFN,NL,becktr01,9
2026,SFN,NL,bericvi01,24
2026,SFN,NL,bivensp01,2
2026,SFN,NL,borucry01,21
2026,SFN,NL,brennwi02,11
2026,SFN,NL,brubajt01,32
2026,SFN,NL,buttojo01,3
2026,SFN,NL,cavandr01,22
2026,SFN,NL,chapmma01,84
2026,SFN,NL,coxjo01,24
2026,SFN,NL,deverra01,110
2026,SFN,NL,eldribr01,68
2026,SFN,NL,encarje01,17
2026,SFN,NL,foleyja01,4
2026,SFN,NL,gagema01,34
2026,SFN,NL,gilbedr01,86
2026,SFN,NL,haaseer01,29
2026,SFN,NL,hentgsa01,29
2026,SFN,NL,housead01,21
2026,SFN,NL,kennebu01,12
2026,SFN,NL,kiliaca01,44
2026,SFN,NL,kossch01,20
2026,SFN,NL,leeju01,100
2026,SFN,NL,mahlety01,17
2026,SFN,NL,mccragr01,13
2026,SFN,NL,mcdontr01,14
2026,SFN,NL,milleer01,37
2026,SFN,NL,olivaja01,7
2026,SFN,NL,peguejo01,11
2026,SFN,NL,portelo01,3
2026,SFN,NL,ramoshe02,72
2026,SFN,NL,ramoswi02,2
2026,SFN,NL,rayro02,22
2026,SFN,NL,rodrije02,22
2026,SFN,NL,rouppla01,21
2026,SFN,NL,sanmare01,2
2026,SFN,NL,santogr01,3
2026,SFN,NL,schmica01,98
2026,SFN,NL,seymoca01,2
2026,SFN,NL,smithdy01,20
2026,SFN,NL,susacda01,46
2026,SFN,NL,tidwebl01,8
2026,SFN,NL,walkery01,27
2026,SFN,NL,webblo01,19
2026,SFN,NL,whiseca01,4
2026,SFN,NL,winnke01,37
2026,SLN,NL,blewesc01,2
2026,SLN,NL,bruihju01,48
2026,SLN,NL,burleal01,109
2026,SLN,NL,churcna01,91
2026,SLN,NL,crookji01,35
2026,SLN,NL,dobbihu01,7
2026,SLN,NL,fermijo01,74
2026,SLN,NL,fernary01,11
2026,SLN,NL,mlb0703725,10
2026,SLN,NL,gormano01,62
2026,SLN,NL,gracego01,45
2026,SLN,NL,herreiv01,109
2026,SLN,NL,jordabl01,36
2026,SLN,NL,leahyky01,21
2026,SLN,NL,liberma01,21
2026,SLN,NL,mautzbr01,1
2026,SLN,NL,maydu01,21
2026,SLN,NL,mcgremi01,21
2026,SLN,NL,nootbla01,46
2026,SLN,NL,obrieri01,44
2026,SLN,NL,pagespe02,62
2026,SLN,NL,pallaan01,21
2026,SLN,NL,pozoyo01,21
2026,SLN,NL,prietce01,6
2026,SLN,NL,pushama01,6
2026,SLN,NL,rajcima01,6
2026,SLN,NL,romerjo01,44
2026,SLN,NL,roycrch01,14
2026,SLN,NL,saggeth01,32
2026,SLN,NL,scottvi01,61
2026,SLN,NL,shustja01,5
2026,SLN,NL,soriage01,49
2026,SLN,NL,stanery01,47
2026,SLN,NL,strzepe01,2
2026,SLN,NL,svansma01,41
2026,SLN,NL,torrebr01,41
2026,SLN,NL,uriasra01,25
2026,SLN,NL,velazne01,33
2026,SLN,NL,walkejo02,108
2026,SLN,NL,wethejj01,105
2026,SLN,NL,winnma01,102
2026,SLN,NL,zimmebr02,1
2026,TBA,AL,arandjo01,107
2026,TBA,AL,bakerbr01,44
2026,TBA,AL,biggehu01,18
2026,TBA,AL,booseca01,20
2026,TBA,AL,boylejo01,3
2026,TBA,AL,brookaa01,1
2026,TBA,AL,caminju01,109
2026,TBA,AL,cleavga01,37
2026,TBA,AL,mlb0702047,1
2026,TBA,AL,delucjo01,67
2026,TBA,AL,diazya01,105
2026,TBA,AL,dunnol01,9
2026,TBA,AL,englema01,14
2026,TBA,AL,feduchu01,60
2026,TBA,AL,forteni01,81
2026,TBA,AL,fraleja01,28
2026,TBA,AL,gomezyo01,45
2026,TBA,AL,grovemi01,1
2026,TBA,AL,heasljo01,1
2026,TBA,AL,jaxgr01,28
2026,TBA,AL,kellyke02,45
2026,TBA,AL,kimbrcr01,32
2026,TBA,AL,legumca01,36
2026,TBA,AL,martitr01,6
2026,TBA,AL,martini01,21
2026,TBA,AL,matzst01,17
2026,TBA,AL,mcclash01,20
2026,TBA,AL,mesavi01,44
2026,TBA,AL,mullice01,94
2026,TBA,AL,palacri01,80
2026,TBA,AL,rasmudr01,20
2026,TBA,AL,roycrch01,14
2026,TBA,AL,scholje01,9
2026,TBA,AL,seymoia01,36
2026,TBA,AL,simpsch01,102
2026,TBA,AL,slateau01,28
2026,TBA,AL,solesch01,1
2026,TBA,AL,sulseco01,41
2026,TBA,AL,viladry01,60
2026,TBA,AL,wallsta01,88
2026,TBA,AL,wantzan01,2
2026,TBA,AL,willica02,12
2026,TBA,AL,willibe03,80
2026,TEX,AL,ahlstro01,25
2026,TEX,AL,alexaty01,48
2026,TEX,AL,baumlca01,4
2026,TEX,AL,beeksja01,29
2026,TEX,AL,burgeja01,105
2026,TEX,AL,carteev01,91
2026,TEX,AL,cauleca01,20
2026,TEX,AL,collyga01,23
2026,TEX,AL,cornijo01,2
2026,TEX,AL,curvelu01,9
2026,TEX,AL,diazel01,47
2026,TEX,AL,duranez01,101
2026,TEX,AL,eovalna01,21
2026,TEX,AL,foscuju01,57
2026,TEX,AL,freemco01,7
2026,TEX,AL,garciro04,9
2026,TEX,AL,gonzama02,2
2026,TEX,AL,gorema01,23
2026,TEX,AL,graype02,34
2026,TEX,AL,haggesa01,36
2026,TEX,AL,helmami01,15
2026,TEX,AL,higasky01,58
2026,TEX,AL,janseda01,41
2026,TEX,AL,jungjo01,92
2026,TEX,AL,junisja01,36
2026,TEX,AL,kelenja01,26
2026,TEX,AL,langfwy01,58
2026,TEX,AL,latzja01,40
2026,TEX,AL,leiteja01,15
2026,TEX,AL,lopezni01,57
2026,TEX,AL,martich02,16
2026,TEX,AL,mccutan01,37
2026,TEX,AL,nimmobr01,104
2026,TEX,AL,osunaal02,71
2026,TEX,AL,paddach01,14
2026,TEX,AL,pederjo01,99
2026,TEX,AL,mlb0687239,10
2026,TEX,AL,quantca01,22
2026,TEX,AL,rockeku01,20
2026,TEX,AL,rossjo01,8
2026,TEX,AL,mlb0692437,1
2026,TEX,AL,seageco01,52
2026,TEX,AL,smithjo09,45
2026,TEX,AL,mlb0693713,1
2026,TEX,AL,winnco01,40
2026,TEX,AL,wynnsau01,26
2026,TEX,AL,degroja01,20
2026,TOR,AL,andreta01,2
2026,TOR,AL,bargead01,9
2026,TOR,AL,biebesh01,7
2026,TOR,AL,ceasedy01,20
2026,TOR,AL,clasejo01,9
2026,TOR,AL,clemeer01,107
2026,TOR,AL,corbipa01,19
2026,TOR,AL,dallach01,2
2026,TOR,AL,estrala01,4
2026,TOR,AL,fishebr02,50
2026,TOR,AL,flemijo01,1
2026,TOR,AL,fluhama01,56
2026,TOR,AL,gausmke01,22
2026,TOR,AL,gimenan01,104
2026,TOR,AL,guerrvl02,104
2026,TOR,AL,heinety01,48
2026,TOR,AL,hoffmje02,50
2026,TOR,AL,jimenel02,12
2026,TOR,AL,juengha01,7
2026,TOR,AL,keysse01,12
2026,TOR,AL,kirkal01,36
2026,TOR,AL,lauerer01,17
2026,TOR,AL,leech02,3
2026,TOR,AL,littlbr02,10
2026,TOR,AL,lukesna01,75
2026,TOR,AL,mackoad01,22
2026,TOR,AL,mantijo01,17
2026,TOR,AL,mcadoch01,8
2026,TOR,AL,milessp01,30
2026,TOR,AL,nanceto01,39
2026,TOR,AL,okamoka01,107
2026,TOR,AL,pinanyo01,58
2026,TOR,AL,ponceco01,1
2026,TOR,AL,rodriya01,10
2026,TOR,AL,rogerty01,50
2026,TOR,AL,sanchje02,74
2026,TOR,AL,scherma01,7
2026,TOR,AL,schneda03,55
2026,TOR,AL,seaboco01,21
2026,TOR,AL,sosale01,40
2026,TOR,AL,springe01,79
2026,TOR,AL,strawmy01,97
2026,TOR,AL,uriaslu01,22
2026,TOR,AL,valenbr01,64
2026,TOR,AL,mlb0669310,3
2026,TOR,AL,varlalo01,50
2026,TOR,AL,varshda01,97
2026,TOR,AL,vothau01,3
2026,TOR,AL,woodssi01,15
2026,TOR,AL,yesavtr01,17
2026,MIN,AL,abelmi01,4
2026,MIN,AL,actonga01,4
2026,MIN,AL,adamstr01,23
2026,MIN,AL,anderja02,7
2026,MIN,AL,arciaor01,19
2026,MIN,AL,bandaan01,39
2026,MIN,AL,belljo02,107
2026,MIN,AL,bradlta01,21
2026,MIN,AL,buxtoby01,82
2026,MIN,AL,caratvi01,81
2026,MIN,AL,clemeko01,96
2026,MIN,AL,fedkoky01,14
2026,MIN,AL,fundeko01,33
2026,MIN,AL,garcilu03,15
2026,MIN,AL,mlb0808970,4
2026,MIN,AL,gomezyo01,45
2026,MIN,AL,gonzaga03,1
2026,MIN,AL,graytr01,64
2026,MIN,AL,jacksal02,27
2026,MIN,AL,jeffery01,49
2026,MIN,AL,keasclu01,103
2026,MIN,AL,kentza01,10
2026,MIN,AL,kleinjo01,3
2026,MIN,AL,kreidry01,66
2026,MIN,AL,larnatr01,91
2026,MIN,AL,lawerco01,15
2026,MIN,AL,lawreju01,37
2026,MIN,AL,leebr02,106
2026,MIN,AL,lewisro02,76
2026,MIN,AL,martiau01,98
2026,MIN,AL,matthze01,14
2026,MIN,AL,morrian01,41
2026,MIN,AL,nanceto01,39
2026,MIN,AL,oberba01,16
2026,MIN,AL,orzeer01,36
2026,MIN,AL,outmaja01,85
2026,MIN,AL,paredmi01,9
2026,MIN,AL,prielco01,14
2026,MIN,AL,rodenal01,17
2026,MIN,AL,rogerta01,45
2026,MIN,AL,rojaske01,11
2026,MIN,AL,ryanjo04,22
2026,MIN,AL,sandsco01,13
2026,MIN,AL,topaju01,23
2026,MIN,AL,vothau01,3
2026,MIN,AL,wallnma01,34
2026,MIN,AL,woodssi01,15
2026,PHI,NL,alvarjo03,46
2026,PHI,NL,backhky01,19
2026,PHI,NL,banksta01,28
2026,PHI,NL,berrost01,6
2026,PHI,NL,bohmal01,105
2026,PHI,NL,bowlajo01,40
2026,PHI,NL,crawfju01,100
2026,PHI,NL,delacbr01,6
2026,PHI,NL,duranjh01,38
2026,PHI,NL,garciad02,67
2026,PHI,NL,harpebr03,110
2026,PHI,NL,hillde01,80
2026,PHI,NL,hoffmno01,3
2026,PHI,NL,johnsse01,16
2026,PHI,NL,kellebr01,32
2026,PHI,NL,mlb0662144,1
2026,PHI,NL,kempot01,13
2026,PHI,NL,kerkeor01,45
2026,PHI,NL,lazarma01,6
2026,PHI,NL,luzarje01,22
2026,PHI,NL,marchra01,32
2026,PHI,NL,marshbr02,105
2026,PHI,NL,mayzati01,43
2026,PHI,NL,mlb0686934,1
2026,PHI,NL,mooredy01,15
2026,PHI,NL,nolaaa01,22
2026,PHI,NL,paintan01,15
2026,PHI,NL,popza01,7
2026,PHI,NL,rangeal01,6
2026,PHI,NL,realmjt01,80
2026,PHI,NL,reyesfe01,12
2026,PHI,NL,richatr01,32
2026,PHI,NL,rincoga01,29
2026,PHI,NL,sanchcr01,22
2026,PHI,NL,schwaky01,104
2026,PHI,NL,shugach01,30
2026,PHI,NL,sosaed01,60
2026,PHI,NL,stottbr01,104
2026,PHI,NL,stubbga01,21
2026,PHI,NL,trivilo01,5
2026,PHI,NL,turnetr01,107
2026,PHI,NL,walketa01,5
2026,PHI,NL,wheelza01,17
2026,PHI,NL,wilsobr02,8
2026,ATL,NL,acunaro01,58
2026,ATL,NL,albieoz01,110
2026,ATL,NL,azocajo01,11
2026,ATL,NL,baldwdr01,87
2026,ATL,NL,bartjo01,41
2026,ATL,NL,bidoos01,11
2026,ATL,NL,bummeaa01,19
2026,ATL,NL,camarja01,1
2026,ATL,NL,carraca01,8
2026,ATL,NL,dodddy01,28
2026,ATL,NL,dubonma01,106
2026,ATL,NL,elderbr01,21
2026,ATL,NL,farmeky01,12
2026,ATL,NL,fuentdi01,37
2026,ATL,NL,hamilia01,4
2026,ATL,NL,harrimi04,104
2026,ATL,NL,heimjo01,63
2026,ATL,NL,hernael01,2
2026,ATL,NL,hicklbr01,8
2026,ATL,NL,holmegr01,21
2026,ATL,NL,iglesra01,38
2026,ATL,NL,jarviji01,24
2026,ATL,NL,karinja01,9
2026,ATL,NL,kimha01,27
2026,ATL,NL,kinlety01,44
2026,ATL,NL,leedy01,51
2026,ATL,NL,leonsa01,21
2026,ATL,NL,lopezre01,24
2026,ATL,NL,mateojo01,67
2026,ATL,NL,medervi01,9
2026,ATL,NL,molinan01,3
2026,ATL,NL,munozro02,1
2026,ATL,NL,mlb0702566,3
2026,ATL,NL,murphse01,4
2026,ATL,NL,olsonma02,110
2026,ATL,NL,payamjo01,12
2026,ATL,NL,perezma02,20
2026,ATL,NL,rileyau01,109
2026,ATL,NL,ritchjr01,13
2026,ATL,NL,salech01,20
2026,ATL,NL,smithdo02,88
2026,ATL,NL,smithaj01,1
2026,ATL,NL,strathu01,3
2026,ATL,NL,stridsp01,8
2026,ATL,NL,suarejo01,38
2026,ATL,NL,suarero01,31
2026,ATL,NL,tellero01,7
2026,ATL,NL,thomaco02,2
2026,ATL,NL,trompch01,21
2026,ATL,NL,waldrhu01,3
2026,ATL,NL,whiteel04,68
2026,ATL,NL,willilu01,2
2026,ATL,NL,wynnsau01,26
2026,ATL,NL,yastrmi01,94
2026,ATL,NL,youngda02,12
2026,CHA,AL,acunajo01,77
2026,CHA,AL,antonsa01,89
2026,CHA,AL,beninan01,97
2026,CHA,AL,bidoos01,11
2026,CHA,AL,burkese01,22
2026,CHA,AL,davisty01,24
2026,CHA,AL,davitdu01,1
2026,CHA,AL,dominse01,42
2026,CHA,AL,eiserbr01,32
2026,CHA,AL,feddeer01,22
2026,CHA,AL,gilbety01,4
2026,CHA,AL,gonzaja01,43
2026,CHA,AL,grichra01,73
2026,CHA,AL,harridu01,17
2026,CHA,AL,haysau01,12
2026,CHA,AL,hicksjo03,34
2026,CHA,AL,hillde01,80
2026,CHA,AL,hudsobr01,48
2026,CHA,AL,kayan01,22
2026,CHA,AL,kelenja01,26
2026,CHA,AL,leasujo01,18
2026,CHA,AL,martida03,21
2026,CHA,AL,mcguire01,11
2026,CHA,AL,meidrch01,106
2026,CHA,AL,montgbr01,43
2026,CHA,AL,montgco01,103
2026,CHA,AL,murakmu01,74
2026,CHA,AL,murphch01,27
2026,CHA,AL,murrata01,13
2026,CHA,AL,newcose01,40
2026,CHA,AL,nikhado01,1
2026,CHA,AL,nishiri01,12
2026,CHA,AL,paezje01,3
2026,CHA,AL,pereiev01,25
2026,CHA,AL,perezju03,22
2026,CHA,AL,petertr01,105
2026,CHA,AL,queroed01,60
2026,CHA,AL,richatr01,32
2026,CHA,AL,rockjo01,4
2026,CHA,AL,romodr01,43
2026,CHA,AL,sandlda01,4
2026,CHA,AL,schulno01,13
2026,CHA,AL,schwety01,11
2026,CHA,AL,simslu01,9
2026,CHA,AL,smithsh02,3
2026,CHA,AL,sosale01,40
2026,CHA,AL,taylogr02,40
2026,CHA,AL,teelky01,19
2026,CHA,AL,vargami01,108
2026,MIA,NL,alcansa01,23
2026,MIA,NL,bachala01,37
2026,MIA,NL,bendean01,35
2026,MIA,NL,brzykza01,2
2026,MIA,NL,caissow01,80
2026,MIA,NL,coningr01,44
2026,MIA,NL,delosde01,3
2026,MIA,NL,edwarxa01,111
2026,MIA,NL,eknesjo01,6
2026,MIA,NL,fairbpe01,37
2026,MIA,NL,fauchca01,47
2026,MIA,NL,fultoda01,6
2026,MIA,NL,garrebr01,2
2026,MIA,NL,gibsoca01,24
2026,MIA,NL,gustory01,13
2026,MIA,NL,hernahe01,81
2026,MIA,NL,hicksli01,99
2026,MIA,NL,hindsre01,13
2026,MIA,NL,jimenle01,48
2026,MIA,NL,junkja01,15
2026,MIA,NL,kempnwi01,9
2026,MIA,NL,kingjo01,43
2026,MIA,NL,lopezot01,107
2026,MIA,NL,mackjo02,66
2026,MIA,NL,marseja01,106
2026,MIA,NL,meyerma01,20
2026,MIA,NL,morelch01,22
2026,MIA,NL,nardian01,25
2026,MIA,NL,navarbr01,8
2026,MIA,NL,norbyco01,65
2026,MIA,NL,paddach01,14
2026,MIA,NL,paulegr01,41
2026,MIA,NL,perezeu02,19
2026,MIA,NL,petermi01,44
2026,MIA,NL,phillty01,27
2026,MIA,NL,ramirag01,31
2026,MIA,NL,ruizes01,71
2026,MIA,NL,sanojja01,93
2026,MIA,NL,slateau01,28
2026,MIA,NL,snellro01,1
2026,MIA,NL,stoweky01,86
2026,MIA,NL,whitejo04,1
2026,MIA,NL,zuberty01,21
2026,NYA,AL,beckbr01,2
2026,NYA,AL,bednada01,44
2026,NYA,AL,bellico01,102
2026,NYA,AL,birdja01,36
2026,NYA,AL,blackpa01,39
2026,NYA,AL,cabaljo01,94
2026,NYA,AL,cabreos01,3
2026,NYA,AL,castrke01,2
2026,NYA,AL,chishja01,102
2026,NYA,AL,chivian01,13
2026,NYA,AL,colege01,12
2026,NYA,AL,cruzfe01,51
2026,NYA,AL,cruzyo01,3
2026,NYA,AL,delosye01,5
2026,NYA,AL,dominja01,50
2026,NYA,AL,dovalca01,44
2026,NYA,AL,escarjc01,32
2026,NYA,AL,friedma01,12
2026,NYA,AL,gillu01,4
2026,NYA,AL,goldspa01,81
2026,NYA,AL,grichra01,73
2026,NYA,AL,grishtr01,90
2026,NYA,AL,headrbr01,55
2026,NYA,AL,hillti01,49
2026,NYA,AL,jonessp01,37
2026,NYA,AL,judgeaa01,59
2026,NYA,AL,mcmahry01,90
2026,NYA,AL,ricebe01,105
2026,NYA,AL,rodonca01,9
2026,NYA,AL,rodriel03,4
2026,NYA,AL,rosaram01,65
2026,NYA,AL,sanchal04,28
2026,NYA,AL,schlica01,23
2026,NYA,AL,schuema01,40
2026,NYA,AL,stantmi03,24
2026,NYA,AL,volpean01,55
2026,NYA,AL,warrewi01,22
2026,NYA,AL,weathry01,21
2026,NYA,AL,wellsau01,76
2026,NYA,AL,yarbrry01,27
2026,MIL,NL,andergr01,44
2026,MIL,NL,ashbyaa01,51
2026,MIL,NL,bauerja01,99
2026,MIL,NL,blackty01,9
2026,MIL,NL,chourja01,75
2026,MIL,NL,contrwi02,101
2026,MIL,NL,crowco01,5
2026,MIL,NL,drohash01,22
2026,MIL,NL,fitzpbr01,5
2026,MIL,NL,frelisa01,90
2026,MIL,NL,gassero01,11
2026,MIL,NL,halldl01,24
2026,MIL,NL,hamilda03,79
2026,MIL,NL,harriky01,17
2026,MIL,NL,hendelo01,9
2026,MIL,NL,jonesgr02,12
2026,MIL,NL,koenija01,9
2026,MIL,NL,kuhnejo01,35
2026,MIL,NL,mlb0800325,17
2026,MIL,NL,lockrbr01,28
2026,MIL,NL,matoslu02,9
2026,MIL,NL,mcculla02,10
2026,MIL,NL,mcgeeea01,3
2026,MIL,NL,megiltr01,42
2026,MIL,NL,misioja01,20
2026,MIL,NL,mitchga01,98
2026,MIL,NL,ortizjo06,93
2026,MIL,NL,pannoth01,1
2026,MIL,NL,patrich01,35
2026,MIL,NL,perkibl01,55
2026,MIL,NL,prattco01,36
2026,MIL,NL,queroje01,1
2026,MIL,NL,rengilu01,70
2026,MIL,NL,rodrica02,4
2026,MIL,NL,romdr01,5
2026,MIL,NL,sanchga02,59
2026,MIL,NL,shewmbr01,34
2026,MIL,NL,sproabr01,20
2026,MIL,NL,mlb0668831,3
2026,MIL,NL,turanbr02,103
2026,MIL,NL,uribeab01,44
2026,MIL,NL,vaughan01,65
2026,MIL,NL,wilsobr02,8
2026,MIL,NL,woodfja01,17
2026,MIL,NL,woodrbr01,9
2026,MIL,NL,yelicch01,73
2026,MIL,NL,yohocr01,15
2026,MIL,NL,zerpaan01,12
2026,ANA,AL,adelljo01,109
2026,ANA,AL,aldegsa01,9
2026,ANA,AL,andersh01,9
2026,ANA,AL,bachmsa01,40
2026,ANA,AL,candeje01,7
2026,ANA,AL,detmere01,22
2026,ANA,AL,farrimi01,24
2026,ANA,AL,fermijo02,33
2026,ANA,AL,fraziad01,41
2026,ANA,AL,grissva01,69
2026,ANA,AL,guzmade01,39
2026,ANA,AL,heinety01,48
2026,ANA,AL,johnsry01,12
2026,ANA,AL,kerrybr01,1
2026,ANA,AL,kikucyu01,7
2026,ANA,AL,klassge01,2
2026,ANA,AL,kochaja01,13
2026,ANA,AL,lowejo01,68
2026,ANA,AL,lucchjo01,5
2026,ANA,AL,madrini01,15
2026,ANA,AL,mancitr01,5
2026,ANA,AL,manoaal01,3
2026,ANA,AL,martiom01,5
2026,ANA,AL,mecklwa01,52
2026,ANA,AL,moncayo01,41
2026,ANA,AL,moorech03,6
2026,ANA,AL,mlb0684665,1
2026,ANA,AL,natersa01,19
2026,ANA,AL,netoza01,107
2026,ANA,AL,ohopplo01,75
2026,ANA,AL,perazos02,94
2026,ANA,AL,pomerdr01,31
2026,ANA,AL,portelo01,3
2026,ANA,AL,riverse01,24
2026,ANA,AL,rodrigr01,10
2026,ANA,AL,romanjo03,19
2026,ANA,AL,sandlni01,8
2026,ANA,AL,sauceta01,6
2026,ANA,AL,schanno01,90
2026,ANA,AL,silsech01,47
2026,ANA,AL,sirijo01,56
2026,ANA,AL,solerjo01,85
2026,ANA,AL,soriajo02,22
2026,ANA,AL,suterbr01,40
2026,ANA,AL,teodobr01,34
2026,ANA,AL,troutmi01,91
2026,ANA,AL,urenawa01,19
2026,ANA,AL,waltodo01,45
2026,ANA,AL,yateski01,30
2026,ANA,AL,zeferry01,44
2026,ANA,AL,darnatr01,15
2026,ARI,NL,abnerph01,5
2026,ARI,NL,arenano01,104
2026,ARI,NL,bakerlu01,3
2026,ARI,NL,barrojo01,77
2026,ARI,NL,brattmi01,5
2026,ARI,NL,burgoju01,2
2026,ARI,NL,cabrejo03,4
2026,ARI,NL,mlb0672629,3
2026,ARI,NL,carroco02,106
2026,ARI,NL,clarkta01,49
2026,ARI,NL,delcaad01,57
2026,ARI,NL,diazyi01,1
2026,ARI,NL,mlb0684442,2
2026,ARI,NL,fernajo06,55
2026,ARI,NL,galleza01,19
2026,ARI,NL,garciar01,8
2026,ARI,NL,garcibr02,36
2026,ARI,NL,ginkeke01,49
2026,ARI,NL,groovlu01,15
2026,ARI,NL,gurrilo01,47
2026,ARI,NL,hoffman01,8
2026,ARI,NL,jamesdr01,11
2026,ARI,NL,kellyme01,19
2026,ARI,NL,keplema01,25
2026,ARI,NL,lawlajo01,12
2026,ARI,NL,loaisjo01,46
2026,ARI,NL,locklty01,8
2026,ARI,NL,marteke01,105
2026,ARI,NL,mccanja02,28
2026,ARI,NL,morenga01,83
2026,ARI,NL,morilju02,47
2026,ARI,NL,nelsory01,15
2026,ARI,NL,perdoge01,106
2026,ARI,NL,pfaadbr01,19
2026,ARI,NL,rashita01,3
2026,ARI,NL,rodried05,22
2026,ARI,NL,rossjo01,8
2026,ARI,NL,santaca01,8
2026,ARI,NL,sewalpa01,42
2026,ARI,NL,smithpa04,28
2026,ARI,NL,sorokmi01,15
2026,ARI,NL,strowka01,1
2026,ARI,NL,tawati01,53
2026,ARI,NL,thomaal01,28
2026,ARI,NL,thompry02,44
2026,ARI,NL,troyto01,39
2026,ARI,NL,vargail01,96
2026,ARI,NL,waldsry01,45
2026,BAL,AL,akinke01,24
2026,BAL,AL,alexabl01,82
2026,BAL,AL,alonspe01,110
2026,BAL,AL,basalsa01,86
2026,BAL,AL,bassich01,12
2026,BAL,AL,bazsh01,21
2026,BAL,AL,beavedy01,56
2026,BAL,AL,bradiky01,21
2026,BAL,AL,canoye01,49
2026,BAL,AL,cowseco01,97
2026,BAL,AL,eflinza01,1
2026,BAL,AL,encarch01,9
2026,BAL,AL,ennsdi01,13
2026,BAL,AL,espadjo01,1
2026,BAL,AL,fosteca01,6
2026,BAL,AL,garciri01,50
2026,BAL,AL,gibsotr01,8
2026,BAL,AL,handlma01,1
2026,BAL,AL,helslry01,17
2026,BAL,AL,hendegu01,109
2026,BAL,AL,hollija01,58
2026,BAL,AL,huffsa01,14
2026,BAL,AL,jacksje02,78
2026,BAL,AL,kittran01,36
2026,BAL,AL,kremede01,7
2026,BAL,AL,mayoco01,85
2026,BAL,AL,mountry01,8
2026,BAL,AL,nunezan01,39
2026,BAL,AL,oneilty01,68
2026,BAL,AL,povicca01,4
2026,BAL,AL,pozoyo01,21
2026,BAL,AL,raqueni01,4
2026,BAL,AL,rodrijo10,7
2026,BAL,AL,rogerja03,37
2026,BAL,AL,rogertr01,20
2026,BAL,AL,rutscad01,67
2026,BAL,AL,sandeca01,11
2026,BAL,AL,sianimi01,1
2026,BAL,AL,suareal01,18
2026,BAL,AL,taverle01,94
2026,BAL,AL,trivilo01,5
2026,BAL,AL,trompch01,21
2026,BAL,AL,walkejo03,8
2026,BAL,AL,wardta01,109
2026,BAL,AL,wellsty01,43
2026,BAL,AL,westoca01,1
2026,BAL,AL,wilsowe01,42
2026,BAL,AL,wolfrgr01,41
2026,BAL,AL,youngbr01,18
2026,BOS,AL,abreuwi02,107
2026,BOS,AL,anderja02,7
2026,BOS,AL,anthoro01,30
2026,BOS,AL,bellobr01,15
2026,BOS,AL,benneja01,11
2026,BOS,AL,chapmar01,38
2026,BOS,AL,chengts01,14
2026,BOS,AL,contrwi01,102
2026,BOS,AL,couloda01,29
2026,BOS,AL,crochga01,6
2026,BOS,AL,duranja01,102
2026,BOS,AL,durbica01,102
2026,BOS,AL,earlyco01,17
2026,BOS,AL,eatonna01,14
2026,BOS,AL,gamboal01,7
2026,BOS,AL,gaspemi01,34
2026,BOS,AL,gonzaro01,19
2026,BOS,AL,grayso01,20
2026,BOS,AL,guerrta01,24
2026,BOS,AL,harribr02,6
2026,BOS,AL,jonesja08,66
2026,BOS,AL,kahnlto01,8
2026,BOS,AL,kellyza01,17
2026,BOS,AL,kineris01,47
2026,BOS,AL,lasorjo01,1
2026,BOS,AL,mayerma01,70
2026,BOS,AL,meadcu01,88
2026,BOS,AL,monasan01,69
2026,BOS,AL,moranjo01,31
2026,BOS,AL,narvaca01,61
2026,BOS,AL,oviedjo01,1
2026,BOS,AL,rafaece01,105
2026,BOS,AL,rivered01,4
2026,BOS,AL,samanty01,20
2026,BOS,AL,sandopa02,4
2026,BOS,AL,seiglan01,33
2026,BOS,AL,slateju01,31
2026,BOS,AL,sogarni01,14
2026,BOS,AL,storytr01,41
2026,BOS,AL,suarera01,19
2026,BOS,AL,tollepa01,17
2026,BOS,AL,ubersty01,1
2026,BOS,AL,watsory01,35
2026,BOS,AL,weissgr01,45
2026,BOS,AL,whitlga01,41
2026,BOS,AL,wongco01,53
2026,BOS,AL,yoshima02,75
2026,CHN,NL,alcanke01,19
2026,CHN,NL,amayami01,59
2026,CHN,NL,assadja01,18
2026,CHN,NL,ballemo01,59
2026,CHN,NL,barnech01,5
2026,CHN,NL,blachty01,1
2026,CHN,NL,boydma01,12
2026,CHN,NL,bregmal01,107
2026,CHN,NL,brownbe02,20
2026,CHN,NL,buschmi02,109
2026,CHN,NL,cabreed02,14
2026,CHN,NL,carlsdy01,3
2026,CHN,NL,civalaa01,19
2026,CHN,NL,confomi01,74
2026,CHN,NL,crowape01,110
2026,CHN,NL,deanju01,16
2026,CHN,NL,ferguty01,15
2026,CHN,NL,happia01,106
2026,CHN,NL,harvehu01,4
2026,CHN,NL,hoernni01,108
2026,CHN,NL,holloga01,14
2026,CHN,NL,hortoca01,2
2026,CHN,NL,imanash01,22
2026,CHN,NL,mlb0681520,1
2026,CHN,NL,kellyca02,81
2026,CHN,NL,kingesc01,8
2026,CHN,NL,littllu01,1
2026,CHN,NL,lopezni01,57
2026,CHN,NL,martico02,7
2026,CHN,NL,martiri02,8
2026,CHN,NL,matonph01,31
2026,CHN,NL,milneho01,38
2026,CHN,NL,murraja01,10
2026,CHN,NL,palenda01,19
2026,CHN,NL,peterda01,21
2026,CHN,NL,pomerdr01,31
2026,CHN,NL,ramirpe01,37
2026,CHN,NL,reaco01,22
2026,CHN,NL,riosya01,1
2026,CHN,NL,roberet01,23
2026,CHN,NL,rolisry01,38
2026,CHN,NL,shawma01,56
2026,CHN,NL,suzukse01,93
2026,CHN,NL,swansda01,105
2026,CHN,NL,taillja01,15
2026,CHN,NL,thielca01,38
2026,CHN,NL,thorntr01,30
2026,CHN,NL,mlb0701649,2
2026,CHN,NL,velasvi01,2
2026,CHN,NL,wantzan01,2
2026,CHN,NL,webbja01,48
2026,CHN,NL,wicksjo01,4
2026,CHN,NL,wilsobr02,8
2026,CHN,NL,woodfja01,17
2026,CIN,NL,abbotan01,22
2026,CIN,NL,antonte01,34
2026,CIN,NL,arroyed01,44
2026,CIN,NL,ashcrgr01,26
2026,CIN,NL,bensowi01,51
2026,CIN,NL,bledajj01,81
2026,CIN,NL,burkebr01,55
2026,CIN,NL,burnsch01,20
2026,CIN,NL,delacel01,90
2026,CIN,NL,dunnbl01,38
2026,CIN,NL,ferguca01,25
2026,CIN,NL,francjo02,10
2026,CIN,NL,friedtj01,64
2026,CIN,NL,garciju01,14
2026,CIN,NL,greenhu01,5
2026,CIN,NL,hayeske01,57
2026,CIN,NL,higgipj01,14
2026,CIN,NL,hindsre01,13
2026,CIN,NL,mlb0671155,8
2026,CIN,NL,johnspi01,37
2026,CIN,NL,leibrbr01,1
2026,CIN,NL,lodolni01,12
2026,CIN,NL,lowderh01,19
2026,CIN,NL,lowena01,81
2026,CIN,NL,marteno01,51
2026,CIN,NL,marteyu01,1
2026,CIN,NL,maxweza01,10
2026,CIN,NL,mccamza01,4
2026,CIN,NL,mclaima01,85
2026,CIN,NL,meylu01,7
2026,CIN,NL,mollsa01,50
2026,CIN,NL,myersda01,76
2026,CIN,NL,nicolky01,7
2026,CIN,NL,paddach01,14
2026,CIN,NL,paganem01,25
2026,CIN,NL,pettych02,15
2026,CIN,NL,phillco01,25
2026,CIN,NL,richaly01,2
2026,CIN,NL,santito01,34
2026,CIN,NL,singebr01,21
2026,CIN,NL,steersp01,98
2026,CIN,NL,stephty01,84
2026,CIN,NL,stewasa02,109
2026,CIN,NL,suareeu01,79
2026,CIN,NL,trevijo01,29
2026,CIN,NL,willibr02,6
2026,CLE,AL,alemafr01,13
2026,CLE,AL,allarko01,4
2026,CLE,AL,allenlo02,2
2026,CLE,AL,ariasga01,40
2026,CLE,AL,armstsh01,38
2026,CLE,AL,bailepa01,74
2026,CLE,AL,bazzatr01,79
2026,CLE,AL,bibeeta01,23
2026,CLE,AL,britoju02,15
2026,CLE,AL,brogdco01,15
2026,CLE,AL,cantijo01,23
2026,CLE,AL,ceccosl01,21
2026,CLE,AL,delauch01,93
2026,CLE,AL,dionwi01,11
2026,CLE,AL,espinda02,6
2026,CLE,AL,faircst01,14
2026,CLE,AL,festama01,46
2026,CLE,AL,fryda01,70
2026,CLE,AL,gaddihu01,42
2026,CLE,AL,halpipe01,44
2026,CLE,AL,hedgeau01,56
2026,CLE,AL,herriti01,43
2026,CLE,AL,heuerco01,8
2026,CLE,AL,holdeco01,42
2026,CLE,AL,hoskirh01,85
2026,CLE,AL,ingleco01,7
2026,CLE,AL,kayfucj01,9
2026,CLE,AL,kwanst01,102
2026,CLE,AL,manzaky01,100
2026,CLE,AL,martian02,72
2026,CLE,AL,messipa01,21
2026,CLE,AL,naylobo01,28
2026,CLE,AL,pallepe01,16
2026,CLE,AL,ramirjo01,80
2026,CLE,AL,rocchbr01,108
2026,CLE,AL,sabroer01,40
2026,CLE,AL,schneda04,83
2026,CLE,AL,smithca06,47
2026,CLE,AL,valerge01,13
2026,CLE,AL,watsoka01,27
2026,CLE,AL,williga01,22
2026,COL,NL,agnosza01,28
2026,COL,NL,beckjo01,30
2026,COL,NL,bellova01,3
2026,COL,NL,bernabr01,52
2026,COL,NL,brebbjo01,3
2026,COL,NL,carrico01,42
2026,COL,NL,castabl01,10
2026,COL,NL,casteei01,1
2026,COL,NL,castrwi01,93
2026,COL,NL,criswje01,3
2026,COL,NL,dollach01,10
2026,COL,NL,doylebr02,44
2026,COL,NL,feltnry01,15
2026,COL,NL,freelky01,20
2026,COL,NL,freemty01,74
2026,COL,NL,fulfobr01,40
2026,COL,NL,goodmhu01,101
2026,COL,NL,gordota01,14
2026,COL,NL,halvose01,21
2026,COL,NL,hergeji01,30
2026,COL,NL,herrewe01,3
2026,COL,NL,hillja01,32
2026,COL,NL,mlb0687312,5
2026,COL,NL,johnstr02,97
2026,COL,NL,julieed01,85
2026,COL,NL,karroky01,103
2026,COL,NL,lorenmi01,23
2026,COL,NL,mccarja02,95
2026,COL,NL,mejiaju01,43
2026,COL,NL,moniami01,72
2026,COL,NL,peralsa01,2
2026,COL,NL,quintjo01,9
2026,COL,NL,rittery01,6
2026,COL,NL,romanjo03,19
2026,COL,NL,rumfitj01,107
2026,COL,NL,senzaan01,34
2026,COL,NL,shooktj01,4
2026,COL,NL,stevech02,16
2026,COL,NL,suganto01,19
2026,COL,NL,sullibr01,55
2026,COL,NL,sullise01,5
2026,COL,NL,thompke02,5
2026,COL,NL,thompst01,27
2026,COL,NL,tovarez01,101
2026,COL,NL,vodnivi01,32
2026,DET,AL,anderdr02,39
2026,DET,AL,baezja01,27
2026,DET,AL,briesbe01,8
2026,DET,AL,carpeke01,81
2026,DET,AL,mlb0703601,1
2026,DET,AL,cruztr01,2
2026,DET,AL,dejesen01,23
2026,DET,AL,dingldi01,101
2026,DET,AL,finneky01,46
2026,DET,AL,flaheja01,19
2026,DET,AL,greenri02,109
2026,DET,AL,hanifbr01,21
2026,DET,AL,holtoty01,46
2026,DET,AL,hurtebr01,21
2026,DET,AL,janseke01,32
2026,DET,AL,jonesja08,66
2026,DET,AL,jungja01,3
2026,DET,AL,keithco01,100
2026,DET,AL,leeha02,68
2026,DET,AL,maddety01,11
2026,DET,AL,malgebe01,20
2026,DET,AL,mcgonke01,106
2026,DET,AL,mckinza01,85
2026,DET,AL,meadopa01,12
2026,DET,AL,meltotr01,11
2026,DET,AL,mizeca01,16
2026,DET,AL,monteke01,23
2026,DET,AL,outmaja01,85
2026,DET,AL,perezwe01,53
2026,DET,AL,rogerja03,37
2026,DET,AL,seaboco01,21
2026,DET,AL,shortza01,29
2026,DET,AL,skubata01,16
2026,DET,AL,smithbu03,13
2026,DET,AL,sommedr01,23
2026,DET,AL,torkesp01,109
2026,DET,AL,torregl01,53
2026,DET,AL,valdefr01,21
2026,DET,AL,mlb0680664,9
2026,DET,AL,vanasri01,5
2026,DET,AL,verlaju01,1
2026,DET,AL,vestwi01,27
2026,DET,AL,vierlma01,92
2026,DET,AL,wagueja01,15
2026,DET,AL,workmga01,16
2026,HOU,AL,abreubr01,41
2026,HOU,AL,alexaja01,4
2026,HOU,AL,allenni02,59
2026,HOU,AL,altuvjo01,86
2026,HOU,AL,alvaryo01,109
2026,HOU,AL,arrigsp01,17
2026,HOU,AL,blancro01,2
2026,HOU,AL,blubaaj01,41
2026,HOU,AL,boltoco01,8
2026,HOU,AL,brownhu01,10
2026,HOU,AL,burromi01,18
2026,HOU,AL,coleza01,19
2026,HOU,AL,correca01,32
2026,HOU,AL,delosen01,48
2026,HOU,AL,delgara02,17
2026,HOU,AL,dezenza01,33
2026,HOU,AL,diazya02,52
2026,HOU,AL,francjp01,3
2026,HOU,AL,gordoco01,4
2026,HOU,AL,haderjo01,24
2026,HOU,AL,harridu01,17
2026,HOU,AL,imaita01,15
2026,HOU,AL,javiecr01,8
2026,HOU,AL,johnsda07,8
2026,HOU,AL,kingbr02,44
2026,HOU,AL,lambepe01,18
2026,HOU,AL,loperjo01,39
2026,HOU,AL,matthbr01,82
2026,HOU,AL,mcculla02,10
2026,HOU,AL,meyerja02,52
2026,HOU,AL,munozro01,3
2026,HOU,AL,murraja01,10
2026,HOU,AL,okertst01,53
2026,HOU,AL,paredis01,104
2026,HOU,AL,pearsna01,18
2026,HOU,AL,penaje02,63
2026,HOU,AL,priceco01,7
2026,HOU,AL,roach02,7
2026,HOU,AL,salazce01,9
2026,HOU,AL,santaal01,10
2026,HOU,AL,shewmbr01,34
2026,HOU,AL,smithca07,109
2026,HOU,AL,sousabe01,10
2026,HOU,AL,mlb0828599,12
2026,HOU,AL,tengka01,25
2026,HOU,AL,trammta01,55
2026,HOU,AL,ullolmi01,3
2026,HOU,AL,vanwelo01,5
2026,HOU,AL,vazquch01,67
2026,HOU,AL,wadela01,22
2026,HOU,AL,walkech02,107
2026,HOU,AL,weissry01,9
2026,HOU,AL,wesneha01,1
2026,HOU,AL,whitcsh01,17
2026,KCA,AL,avilalu02,20
2026,KCA,AL,blackma01,12
2026,KCA,AL,bubickr01,9
2026,KCA,AL,caglija01,102
2026,KCA,AL,camerno01,21
2026,KCA,AL,ceraner01,4
2026,KCA,AL,colliis01,100
2026,KCA,AL,cruzst01,37
2026,KCA,AL,cuasjo01,5
2026,KCA,AL,diazel01,47
2026,KCA,AL,dobnara01,5
2026,KCA,AL,erceglu01,42
2026,KCA,AL,estevca01,1
2026,KCA,AL,falteba01,5
2026,KCA,AL,garcima01,69
2026,KCA,AL,indiajo01,17
2026,KCA,AL,isbelky01,56
2026,KCA,AL,jenseca01,103
2026,KCA,AL,kolekst01,10
2026,KCA,AL,langeal01,42
2026,KCA,AL,loftini01,73
2026,KCA,AL,lugose01,22
2026,KCA,AL,lynchda02,45
2026,KCA,AL,mailelu01,4
2026,KCA,AL,martest01,51
2026,KCA,AL,massemi02,91
2026,KCA,AL,mcgeeea01,3
2026,KCA,AL,mearsni01,21
2026,KCA,AL,misneka01,18
2026,KCA,AL,morgael01,16
2026,KCA,AL,pasquvi01,79
2026,KCA,AL,pearsna01,18
2026,KCA,AL,perezsa02,103
2026,KCA,AL,raganco01,8
2026,KCA,AL,ravejo01,11
2026,KCA,AL,rojasjo01,24
2026,KCA,AL,schrejo01,45
2026,KCA,AL,seaboco01,21
2026,KCA,AL,spencmi01,3
2026,KCA,AL,strahma01,40
2026,KCA,AL,thomala02,96
2026,KCA,AL,tolbety01,46
2026,KCA,AL,velazan01,6
2026,KCA,AL,wachami01,22
2026,KCA,AL,waybe01,19
2026,KCA,AL,wittbo02,94
2026,LAN,NL,mlb0672613,10
2026,LAN,NL,barnech01,5
2026,LAN,NL,bettsmo01,73
2026,LAN,NL,callal01,60
2026,LAN,NL,caspabe01,5
2026,LAN,NL,diazed04,9
2026,LAN,NL,dreyeja01,44
2026,LAN,NL,ederja01,4
2026,LAN,NL,edmanto01,34
2026,LAN,NL,espinsa01,36
2026,LAN,NL,freelal01,72
2026,LAN,NL,freemfr01,107
2026,LAN,NL,gervapa01,4
2026,LAN,NL,glasnty01,7
2026,LAN,NL,henried01,42
2026,LAN,NL,hernaen02,4
2026,LAN,NL,hernajo02,12
2026,LAN,NL,hernate01,75
2026,LAN,NL,hurtky01,33
2026,LAN,NL,irvinco01,1
2026,LAN,NL,kimhy02,43
2026,LAN,NL,kleinwi01,36
2026,LAN,NL,knackla01,2
2026,LAN,NL,lauerer01,17
2026,LAN,NL,mcderch01,2
2026,LAN,NL,millswy01,5
2026,LAN,NL,muncyma01,101
2026,LAN,NL,ohtansh01,104
2026,LAN,NL,pagesan01,109
2026,LAN,NL,phillev01,8
2026,LAN,NL,robinch03,8
2026,LAN,NL,rojasmi02,71
2026,LAN,NL,rushida01,73
2026,LAN,NL,sasakro01,19
2026,LAN,NL,scottta01,47
2026,LAN,NL,sheehem01,19
2026,LAN,NL,smithwi05,52
2026,LAN,NL,snellbl01,1
2026,LAN,NL,stewabr01,14
2026,LAN,NL,treinbl01,29
2026,LAN,NL,tuckeky01,103
2026,LAN,NL,vesiaal01,48
2026,LAN,NL,wardry01,20
2026,LAN,NL,wroblju01,18
2026,LAN,NL,yamamyo01,19
2026,WAS,NL,abramcj01,107
2026,WAS,NL,alvaran01,15
2026,WAS,NL,beetecl01,34
2026,WAS,NL,cavalca01,23
2026,WAS,NL,chapaan01,41
2026,WAS,NL,corneri01,10
2026,WAS,NL,cosgrto01,7
2026,WAS,NL,crewsdy01,59
2026,WAS,NL,fernaju02,3
2026,WAS,NL,fordha01,8
2026,WAS,NL,garcilu04,103
2026,WAS,NL,granian01,8
2026,WAS,NL,grifffo01,22
2026,WAS,NL,henryco01,11
2026,WAS,NL,housebr01,49
2026,WAS,NL,irvinja01,12
2026,WAS,NL,kentza01,10
2026,WAS,NL,kranima01,5
2026,WAS,NL,krookma01,11
2026,WAS,NL,lawreju01,37
2026,WAS,NL,lileda01,109
2026,WAS,NL,litteza01,22
2026,WAS,NL,lordbr02,27
2026,WAS,NL,lovelri01,33
2026,WAS,NL,meadcu01,88
2026,WAS,NL,mikolmi01,22
2026,WAS,NL,milladr01,50
2026,WAS,NL,nunezna01,102
2026,WAS,NL,palmqca01,10
2026,WAS,NL,parkemi01,22
2026,WAS,NL,perezci01,36
2026,WAS,NL,poulipj01,35
2026,WAS,NL,ribalor01,34
2026,WAS,NL,ruizke01,71
2026,WAS,NL,rutleja01,1
2026,WAS,NL,schulpa01,27
2026,WAS,NL,tenajo01,81
2026,WAS,NL,varlagu01,33
2026,WAS,NL,vivasjo01,81
2026,WAS,NL,waldike01,5
2026,WAS,NL,wiemejo01,32
2026,WAS,NL,willitr01,2
2026,WAS,NL,woodja03,111
2026,WAS,NL,mlb0678868,5
2026,WAS,NL,youngja03,97
2026,NYN,NL,alvarfr01,75
2026,NYN,NL,batybr01,102
2026,NYN,NL,bengeca01,106
2026,NYN,NL,bichebo01,110
2026,NYN,NL,brazohu01,45
2026,NYN,NL,brujavi01,9
2026,NYN,NL,curryxz01,5
2026,NYN,NL,duartda01,7
2026,NYN,NL,edwarca01,2
2026,NYN,NL,ewingaj01,70
2026,NYN,NL,garcilu03,15
2026,NYN,NL,gerbejo01,7
2026,NYN,NL,holmecl01,9
2026,NYN,NL,ibanean01,14
2026,NYN,NL,kimbrcr01,32
2026,NYN,NL,lindofr01,54
2026,NYN,NL,lovelri01,33
2026,NYN,NL,manaese01,23
2026,NYN,NL,mauriro01,17
2026,NYN,NL,mcleano01,22
2026,NYN,NL,melenmj01,56
2026,NYN,NL,minteaj01,23
2026,NYN,NL,morabni01,5
2026,NYN,NL,myersto01,26
2026,NYN,NL,peralfr01,22
2026,NYN,NL,perezci01,36
2026,NYN,NL,peterda01,21
2026,NYN,NL,phamth01,9
2026,NYN,NL,pintajo01,5
2026,NYN,NL,polanjo01,28
2026,NYN,NL,raleybr01,44
2026,NYN,NL,roberlu01,34
2026,NYN,NL,scottch01,15
2026,NYN,NL,mlb0676910,1
2026,NYN,NL,semiema01,92
2026,NYN,NL,sengako01,13
2026,NYN,NL,sengeha01,7
2026,NYN,NL,shortza01,29
2026,NYN,NL,slateau01,28
2026,NYN,NL,sotoju01,84
2026,NYN,NL,tayloty01,65
2026,NYN,NL,thornza01,5
2026,NYN,NL,tongjo01,3
2026,NYN,NL,torrelu01,66
2026,NYN,NL,vientma01,73
2026,NYN,NL,wagamer01,22
2026,NYN,NL,warreau01,26
2026,NYN,NL,weavelu01,41
2026,NYN,NL,willide03,40
2026,NYN,NL,youngja02,63
2026,NYN,NL,zuniggu01,1
