yearID,teamID,playerID,first,last,games
2022,WAS,abbotco01,2022-06-19,2022-10-04,16
2022,SDN,abramcj01,2022-04-08,2022-08-01,46
2022,WAS,abramcj01,2022-08-15,2022-10-04,44
2022,TEX,abreual01,2022-04-11,2022-05-28,7
2022,KCA,abreual01,2022-06-05,2022-06-12,4
2022,NYA,abreual01,2022-06-23,2022-10-05,22
2022,HOU,abreubr01,2022-04-08,2022-10-05,55
2022,CHA,abreujo02,2022-04-08,2022-10-04,157
2022,OAK,acevedo01,2022-04-08,2022-10-04,70
2022,ATL,acunaro01,2022-04-28,2022-10-04,119
2022,SDN,adamsau02,2022-04-10,2022-04-12,2
2022,TBA,adamja01,2022-04-10,2022-09-28,67
2022,WAS,adamsri03,2022-04-09,2022-10-04,48
2022,MIL,adamewi01,2022-04-07,2022-10-05,139
2022,ANA,adelljo01,2022-04-07,2022-10-05,88
2022,WAS,adonjo01,2022-04-09,2022-07-07,14
2022,WAS,adriaeh01,2022-06-07,2022-07-31,31
2022,ATL,adriaeh01,2022-08-06,2022-10-05,6
2022,MIA,aguilje01,2022-04-08,2022-08-24,113
2022,BAL,aguilje01,2022-09-01,2022-10-05,16
2022,ANA,aguilry01,2022-08-26,2022-09-05,7
2022,ARI,ahmedni01,2022-04-22,2022-05-15,17
2022,BAL,akinke01,2022-04-09,2022-10-05,45
2022,LAN,alberha01,2022-04-10,2022-10-05,73
2022,ATL,albieoz01,2022-04-07,2022-09-17,64
2022,MIN,alcaljo01,2022-04-08,2022-04-10,2
2022,MIA,alcansa01,2022-04-08,2022-09-30,32
2022,ARI,alcanse01,2022-04-07,2022-10-05,71
2022,SDN,alcanse01,2022-05-15,2022-06-29,22
2022,TEX,alexyaj01,2022-07-15,2022-09-12,4
2022,MIL,alexaja01,2022-06-01,2022-09-18,18
2022,SFN,alexasc01,2022-08-28,2022-10-02,17
2022,DET,alexaty01,2022-04-12,2022-10-05,27
2022,SDN,alfarjo01,2022-04-08,2022-10-05,82
2022,PIT,alforan01,2022-04-22,2022-04-23,2
2022,TEX,allarko01,2022-04-12,2022-10-04,10
2022,PIT,alldrca01,2022-05-12,2022-05-12,1
2022,OAK,allenau01,2022-04-10,2022-04-30,5
2022,PIT,allengr01,2022-07-23,2022-09-24,46
2022,CLE,allenlo01,2022-04-11,2022-04-27,4
2022,BAL,allenlo01,2022-05-11,2022-05-15,3
2022,OAK,allenni02,2022-04-19,2022-10-05,100
2022,BOS,almonab01,2022-09-07,2022-10-05,15
2022,CIN,almoral01,2022-05-05,2022-09-06,64
2022,LAN,almonye01,2022-05-12,2022-10-05,33
2022,NYN,alonspe01,2022-04-07,2022-10-04,160
2022,HOU,altuvjo01,2022-04-07,2022-10-04,141
2022,LAN,alvared01,2022-06-04,2022-06-29,14
2022,NYN,alvarfr01,2022-09-30,2022-10-05,5
2022,SFN,alvarjo02,2022-04-08,2022-06-11,21
2022,PHI,alvarjo03,2022-04-09,2022-10-03,59
2022,NYN,alvarrj01,2022-08-16,2022-08-16,1
2022,HOU,alvaryo01,2022-04-07,2022-10-05,135
2022,CHN,alzolad01,2022-09-17,2022-10-05,6
2022,MIA,anderbr06,2022-04-08,2022-10-04,98
2022,CIN,anderch01,2022-08-29,2022-10-05,9
2022,ATL,anderia01,2022-04-10,2022-08-13,22
2022,TOR,andersh01,2022-06-27,2022-06-27,1
2022,CHA,anderti01,2022-04-10,2022-08-06,79
2022,LAN,anderty01,2022-04-09,2022-10-02,31
2022,OAK,andruel01,2022-04-08,2022-08-16,106
2022,CHA,andruel01,2022-08-19,2022-10-05,43
2022,NYA,andujmi01,2022-04-29,2022-09-17,27
2022,PIT,andujmi01,2022-09-26,2022-10-05,9
2022,PHI,appelma01,2022-06-29,2022-08-02,6
2022,CIN,aquinar01,2022-04-07,2022-10-03,80
2022,TBA,arandjo01,2022-06-24,2022-10-05,32
2022,WAS,aranovi01,2022-04-07,2022-09-01,43
2022,BOS,arauzjo01,2022-04-08,2022-06-09,6
2022,BAL,arauzjo01,2022-06-25,2022-07-25,9
2022,MIN,archech01,2022-04-12,2022-09-10,25
2022,ATL,arciaor01,2022-04-08,2022-10-05,68
2022,SLN,arenano01,2022-04-07,2022-10-05,148
2022,CLE,ariasga01,2022-04-20,2022-10-05,16
2022,TEX,arihako01,2022-08-16,2022-09-10,5
2022,MIA,armstsh01,2022-04-10,2022-04-29,7
2022,TBA,armstsh01,2022-05-31,2022-10-05,43
2022,TBA,arozara01,2022-04-08,2022-10-05,153
2022,MIN,arraelu01,2022-04-08,2022-10-05,144
2022,BOS,arroych01,2022-04-08,2022-10-05,87
2022,MIL,ashbyaa01,2022-04-07,2022-10-05,27
2022,CIN,ashcrgr01,2022-05-22,2022-10-05,19
2022,CHN,assadja01,2022-08-23,2022-10-04,9
2022,MIA,astudwi01,2022-05-25,2022-07-27,21
2022,SDN,avilape01,2022-04-14,2022-04-24,2
2022,SDN,azocajo01,2022-04-07,2022-10-05,98
2022,DET,baddoak01,2022-04-08,2022-10-05,73
2022,SLN,baderha01,2022-04-07,2022-06-26,72
2022,NYA,baderha01,2022-09-20,2022-10-04,14
2022,PIT,baeji01,2022-09-23,2022-10-05,10
2022,DET,baezja01,2022-04-08,2022-10-05,144
2022,SDN,baezmi01,2022-07-30,2022-08-02,2
2022,HOU,baezpe01,2022-04-08,2022-04-19,3
2022,BAL,bakerbr01,2022-04-08,2022-10-05,66
2022,PIT,bandaan01,2022-04-09,2022-06-26,23
2022,TOR,bandaan01,2022-07-04,2022-07-29,7
2022,NYA,bandaan01,2022-08-28,2022-09-02,2
2022,CHA,banksta01,2022-04-10,2022-09-23,35
2022,BAL,bannory01,2022-05-12,2022-05-16,4
2022,ATL,bannory01,2022-09-23,2022-09-23,1
2022,NYA,banuema01,2022-06-03,2022-06-17,4
2022,PIT,banuema01,2022-07-06,2022-10-05,31
2022,COL,bardda01,2022-04-09,2022-10-04,57
2022,TBA,bardlu01,2022-06-08,2022-07-29,8
2022,NYA,bardlu01,2022-08-28,2022-08-28,1
2022,MIL,barkelu01,2022-06-03,2022-06-10,3
2022,TEX,barlojo01,2022-04-10,2022-10-03,35
2022,KCA,barlosc01,2022-04-07,2022-10-03,69
2022,LAN,barneau01,2022-04-09,2022-10-05,62
2022,DET,barneja01,2022-04-08,2022-06-12,22
2022,NYA,barneja01,2022-10-01,2022-10-01,1
2022,BOS,barnema01,2022-04-11,2022-10-05,44
2022,DET,barnhtu01,2022-04-08,2022-10-04,94
2022,ANA,barrija01,2022-04-08,2022-10-05,35
2022,ANA,barraky01,2022-05-07,2022-05-29,8
2022,OAK,barrelu01,2022-05-09,2022-06-19,32
2022,WAS,barretr01,2022-07-02,2022-10-04,19
2022,SFN,bartjo01,2022-04-08,2022-10-05,97
2022,MIA,bassan01,2022-04-08,2022-07-29,46
2022,TOR,bassan01,2022-08-04,2022-10-05,28
2022,NYN,bassich01,2022-04-09,2022-10-02,30
2022,SDN,battema01,2022-06-30,2022-08-12,15
2022,NYN,batybr01,2022-08-17,2022-08-28,11
2022,BAL,baumami01,2022-04-11,2022-10-05,13
2022,BAL,bautife01,2022-04-10,2022-09-30,65
2022,TBA,bazsh01,2022-06-11,2022-07-10,6
2022,BOS,bazared01,2022-09-01,2022-10-05,12
2022,TOR,beaslje01,2022-06-03,2022-07-27,9
2022,SDN,beatyma01,2022-04-09,2022-09-05,20
2022,MIN,beckhti01,2022-07-31,2022-08-24,12
2022,PIT,bednada01,2022-04-09,2022-10-04,45
2022,SFN,beedety01,2022-04-12,2022-05-04,6
2022,PIT,beedety01,2022-05-16,2022-09-14,25
2022,TBA,beeksja01,2022-04-10,2022-09-17,42
2022,ARI,beerse01,2022-04-07,2022-08-16,38
2022,PHI,bellaan01,2022-04-14,2022-10-02,59
2022,BOS,bellobr01,2022-07-06,2022-10-01,13
2022,LAN,bellico01,2022-04-08,2022-10-05,144
2022,WAS,belljo02,2022-04-07,2022-08-01,103
2022,SDN,belljo02,2022-08-03,2022-10-05,53
2022,SFN,beltbr01,2022-04-08,2022-08-20,78
2022,BAL,bemboan01,2022-04-10,2022-05-20,22
2022,MIA,bendean01,2022-04-08,2022-08-13,22
2022,KCA,beninan01,2022-04-07,2022-07-27,93
2022,NYA,beninan01,2022-07-28,2022-09-02,33
2022,CLE,bensowi01,2022-08-01,2022-10-05,28
2022,SEA,bernabr01,2022-07-31,2022-08-06,2
2022,COL,bernawy01,2022-08-12,2022-08-28,12
2022,TOR,berrijo01,2022-04-08,2022-10-03,32
2022,MIA,bertijo01,2022-04-08,2022-10-05,102
2022,OAK,bethach01,2022-04-15,2022-07-08,56
2022,TBA,bethach01,2022-07-12,2022-10-04,45
2022,LAN,bettsmo01,2022-04-08,2022-10-05,142
2022,TOR,bichebo01,2022-04-08,2022-10-05,159
2022,LAN,bickfph01,2022-04-18,2022-09-23,60
2022,CLE,biebesh01,2022-04-07,2022-10-02,31
2022,HOU,bielabr01,2022-06-08,2022-09-04,5
2022,TOR,biggica01,2022-04-08,2022-10-05,97
2022,COL,birdja01,2022-06-16,2022-10-03,38
2022,COL,blackch02,2022-04-08,2022-09-27,135
2022,OAK,blackpa01,2022-04-11,2022-08-04,21
2022,COL,blachty01,2022-04-10,2022-10-05,24
2022,KCA,blancda02,2022-05-20,2022-05-28,5
2022,HOU,blancro01,2022-04-08,2022-04-25,7
2022,NYN,blanktr01,2022-07-22,2022-07-22,1
2022,MIA,bledajj01,2022-07-23,2022-10-05,65
2022,MIA,bleieri01,2022-04-08,2022-10-03,55
2022,BOS,bogaexa01,2022-04-08,2022-10-05,150
2022,PHI,bohmal01,2022-04-09,2022-10-05,152
2022,KCA,bolanro01,2022-04-23,2022-06-03,8
2022,OAK,boltsk01,2022-06-30,2022-08-25,42
2022,TOR,borucry01,2022-04-23,2022-05-29,11
2022,SEA,borucry01,2022-06-06,2022-08-08,21
2022,CHN,boteda01,2022-06-24,2022-10-05,41
2022,COL,bouchse01,2022-06-19,2022-10-05,27
2022,MIL,boxbebr01,2022-04-10,2022-10-05,70
2022,SEA,boydma01,2022-09-01,2022-10-03,10
2022,ATL,brachsi01,2022-07-01,2022-10-05,3
2022,ANA,bradlar01,2022-04-07,2022-06-25,21
2022,CLE,bradlbo01,2022-04-07,2022-04-27,8
2022,BOS,bradlja02,2022-04-08,2022-08-02,92
2022,TOR,bradlja02,2022-08-09,2022-10-05,40
2022,BAL,bradiky01,2022-04-29,2022-10-02,23
2022,HOU,brantmi02,2022-04-07,2022-06-26,64
2022,NYA,brantro01,2022-05-22,2022-05-22,1
2022,SEA,brashma01,2022-04-12,2022-10-04,39
2022,BOS,brasiry01,2022-04-08,2022-10-05,68
2022,CHN,braulst01,2022-07-16,2022-08-23,9
2022,MIA,brazohu01,2022-07-24,2022-10-04,27
2022,SFN,brebbjo01,2022-04-08,2022-10-05,76
2022,HOU,bregmal01,2022-04-07,2022-10-05,155
2022,KCA,brentja01,2022-04-07,2022-04-29,8
2022,CLE,brennwi02,2022-09-21,2022-10-05,11
2022,PIT,briceau01,2022-06-26,2022-08-16,4
2022,OAK,bridejo01,2022-06-14,2022-10-04,58
2022,DET,briesbe01,2022-04-23,2022-07-12,15
2022,MIA,brighje01,2022-07-24,2022-10-05,16
2022,SFN,brinsle01,2022-09-02,2022-09-20,16
2022,NYA,brittza01,2022-09-24,2022-09-30,3
2022,PHI,brogdco01,2022-04-10,2022-10-04,47
2022,SLN,brookaa01,2022-04-10,2022-04-28,5
2022,MIL,brossmi01,2022-04-07,2022-10-04,70
2022,HOU,brownhu01,2022-09-05,2022-10-04,7
2022,OAK,brownse01,2022-04-08,2022-10-05,150
2022,PIT,brubajt01,2022-04-07,2022-10-04,28
2022,LAN,bruihju01,2022-04-10,2022-09-21,24
2022,TBA,brujavi01,2022-04-24,2022-10-05,52
2022,COL,bryankr01,2022-04-08,2022-07-31,42
2022,KCA,bubickr01,2022-04-10,2022-10-01,28
2022,LAN,buehlwa01,2022-04-08,2022-06-10,12
2022,ARI,bumgama01,2022-04-07,2022-09-21,30
2022,CHA,bummeaa01,2022-04-08,2022-10-05,32
2022,MIN,bundydy01,2022-04-11,2022-10-01,29
2022,MIA,burdipe01,2022-08-05,2022-10-05,32
2022,CHA,burgeja01,2022-04-08,2022-07-05,51
2022,TEX,burkebr01,2022-04-10,2022-10-04,52
2022,SLN,burleal01,2022-09-08,2022-10-05,16
2022,MIL,burneco01,2022-04-07,2022-10-05,33
2022,CHA,burrry01,2022-04-29,2022-05-18,8
2022,TEX,bushma01,2022-04-09,2022-07-29,40
2022,MIL,bushma01,2022-08-03,2022-10-02,25
2022,NYN,buttojo01,2022-08-21,2022-08-21,1
2022,MIN,buxtoby01,2022-04-08,2022-08-22,92
2022,MIA,cabreed02,2022-06-01,2022-10-01,14
2022,SLN,cabrege01,2022-04-07,2022-08-26,39
2022,DET,cabremi01,2022-04-08,2022-10-04,112
2022,NYA,cabreos01,2022-08-17,2022-10-05,44
2022,MIL,cainlo01,2022-04-07,2022-06-16,43
2022,TEX,calhoko01,2022-04-08,2022-10-04,125
2022,TEX,calhowi01,2022-04-08,2022-04-29,18
2022,SFN,calhowi01,2022-09-12,2022-09-16,4
2022,CLE,callal01,2022-07-11,2022-07-31,12
2022,WAS,callal01,2022-08-14,2022-10-05,35
2022,PHI,camarjo01,2022-04-09,2022-07-29,52
2022,DET,camerda01,2022-04-16,2022-08-07,21
2022,SDN,campulu01,2022-04-24,2022-10-05,16
2022,DET,candeje01,2022-04-08,2022-10-05,124
2022,NYN,canhama01,2022-04-07,2022-10-05,140
2022,NYN,canoro01,2022-04-07,2022-04-29,12
2022,SDN,canoro01,2022-05-15,2022-06-01,12
2022,ATL,canoro01,2022-07-11,2022-07-27,9
2022,MIN,canoye01,2022-05-11,2022-07-27,10
2022,BAL,canoye01,2022-09-10,2022-10-05,3
2022,SLN,capelco01,2022-06-27,2022-07-08,9
2022,OAK,capelco01,2022-09-20,2022-10-05,13
2022,TOR,capravi01,2022-05-01,2022-05-24,8
2022,MIL,caratvi01,2022-04-07,2022-10-05,96
2022,SLN,carlsdy01,2022-04-07,2022-10-05,128
2022,DET,carltdr01,2022-05-20,2022-07-13,5
2022,DET,carpeke01,2022-08-10,2022-09-27,31
2022,NYA,carpema01,2022-05-26,2022-08-08,47
2022,NYN,carraca01,2022-04-10,2022-10-04,29
2022,ARI,carroco02,2022-08-29,2022-10-05,32
2022,SFN,casalcu01,2022-04-10,2022-07-04,41
2022,SEA,casalcu01,2022-08-14,2022-10-05,16
2022,BOS,casastr01,2022-09-04,2022-10-05,27
2022,CLE,castran02,2022-04-10,2022-07-24,12
2022,SEA,castidi01,2022-04-09,2022-10-04,59
2022,MIA,castada01,2022-04-15,2022-07-28,10
2022,PIT,castidi02,2022-04-07,2022-10-05,96
2022,DET,castrha01,2022-04-10,2022-10-04,120
2022,ARI,castehu01,2022-04-08,2022-05-31,11
2022,HOU,castrja01,2022-04-09,2022-06-29,34
2022,SDN,castijo03,2022-08-24,2022-08-24,1
2022,SFN,castrke01,2022-04-26,2022-04-29,2
2022,CHN,castrke01,2022-08-04,2022-08-25,8
2022,CIN,castilu02,2022-05-09,2022-07-27,14
2022,SEA,castilu02,2022-08-03,2022-10-01,11
2022,DET,castilu03,2022-08-06,2022-09-05,3
2022,NYA,castrmi01,2022-04-08,2022-10-05,34
2022,TOR,castima03,2022-06-19,2022-07-29,9
2022,KCA,castima03,2022-08-18,2022-10-02,5
2022,PHI,casteni01,2022-04-08,2022-10-05,136
2022,OAK,castery01,2022-04-17,2022-04-22,3
2022,PIT,castrro01,2022-05-12,2022-10-05,71
2022,DET,castrwi01,2022-04-19,2022-09-29,112
2022,WAS,cavalca01,2022-08-26,2022-08-26,1
2022,MIN,caveja01,2022-08-02,2022-10-05,54
2022,CHA,ceasedy01,2022-04-09,2022-10-01,32
2022,MIN,celesgi01,2022-04-11,2022-10-05,122
2022,CIN,cessalu01,2022-04-07,2022-10-04,46
2022,COL,chacijh01,2022-04-10,2022-09-11,35
2022,DET,chafian01,2022-04-27,2022-10-04,64
2022,CLE,changyu01,2022-04-07,2022-05-20,4
2022,PIT,changyu01,2022-05-31,2022-06-26,18
2022,TBA,changyu01,2022-07-09,2022-09-06,36
2022,BOS,changyu01,2022-09-17,2022-10-05,11
2022,NYA,chapmar01,2022-04-08,2022-10-04,43
2022,TOR,chapmma01,2022-04-08,2022-10-05,155
2022,TBA,chargjt01,2022-04-08,2022-10-05,21
2022,CHN,chaveje01,2022-04-10,2022-04-19,3
2022,ATL,chaveje01,2022-04-23,2022-10-05,46
2022,ANA,chaveje01,2022-08-04,2022-08-28,11
2022,PIT,chavimi01,2022-04-07,2022-09-24,129
2022,BAL,chiriro01,2022-04-08,2022-10-05,67
2022,TBA,chiriyo01,2022-09-07,2022-09-13,2
2022,MIA,chishja01,2022-04-08,2022-06-28,60
2022,TBA,choiji01,2022-04-08,2022-10-05,113
2022,TOR,cimbead01,2022-04-08,2022-10-05,77
2022,WAS,cishest01,2022-04-08,2022-10-04,69
2022,DET,cisnejo01,2022-07-21,2022-10-05,28
2022,CLE,civalaa01,2022-04-11,2022-10-05,20
2022,KCA,clarkta01,2022-04-09,2022-10-03,47
2022,CLE,claseem01,2022-04-09,2022-10-04,77
2022,NYN,claudal01,2022-09-07,2022-09-14,3
2022,WAS,claysa01,2022-04-20,2022-06-29,6
2022,NYN,claysa01,2022-08-20,2022-08-20,1
2022,LAN,cleavga01,2022-04-12,2022-07-26,4
2022,TBA,cleavga01,2022-08-27,2022-10-04,13
2022,CLE,clemeer01,2022-04-09,2022-09-19,64
2022,OAK,clemeer01,2022-09-25,2022-10-05,6
2022,DET,clemeko01,2022-05-31,2022-10-05,57
2022,SDN,clevimi01,2022-05-04,2022-10-01,23
2022,WAS,clippty01,2022-07-14,2022-08-20,4
2022,SFN,cobbal01,2022-04-12,2022-10-04,28
2022,KCA,colemdy01,2022-04-09,2022-10-03,68
2022,NYA,colege01,2022-04-08,2022-10-04,33
2022,TOR,colliza01,2022-04-11,2022-07-29,26
2022,PIT,colliza01,2022-09-13,2022-09-30,10
2022,COL,colomal01,2022-04-09,2022-09-30,53
2022,MIN,contrma01,2022-05-11,2022-10-03,28
2022,PIT,contrro01,2022-04-09,2022-10-02,21
2022,CHN,contrwi01,2022-04-07,2022-10-04,113
2022,ATL,contrwi02,2022-04-09,2022-10-05,97
2022,PHI,coonrsa01,2022-08-19,2022-09-20,12
2022,MIA,coopega03,2022-04-08,2022-09-27,119
2022,WAS,corbipa01,2022-04-07,2022-10-02,31
2022,BOS,cordefr02,2022-04-29,2022-09-05,84
2022,MIN,correca01,2022-04-08,2022-10-04,136
2022,NYA,cortene01,2022-04-12,2022-10-01,28
2022,MIN,cottojh01,2022-04-09,2022-08-01,25
2022,SFN,cottojh01,2022-09-22,2022-10-04,5
2022,MIN,couloda01,2022-04-08,2022-05-27,10
2022,MIL,cousija01,2022-04-07,2022-10-04,12
2022,SFN,crawfbr01,2022-04-08,2022-10-05,118
2022,SEA,crawfjp01,2022-04-08,2022-10-05,145
2022,BOS,crawfku01,2022-04-08,2022-08-30,21
2022,CHA,crickky01,2022-04-08,2022-06-13,14
2022,TBA,criswco01,2022-09-12,2022-09-12,1
2022,SDN,crismna01,2022-04-10,2022-10-05,50
2022,COL,croncj01,2022-04-08,2022-10-04,150
2022,SDN,croneja01,2022-04-07,2022-10-05,158
2022,CHN,crookna01,2022-06-30,2022-07-03,4
2022,PIT,crowewi01,2022-04-07,2022-09-27,60
2022,CIN,cruzfe01,2022-09-02,2022-10-04,14
2022,ATL,cruzje01,2022-05-30,2022-06-30,7
2022,WAS,cruzne02,2022-04-07,2022-09-13,124
2022,PIT,cruzon01,2022-06-20,2022-10-05,87
2022,KCA,cuasjo01,2022-05-31,2022-09-25,47
2022,CHA,cuetojo01,2022-05-16,2022-10-03,25
2022,TEX,culbech01,2022-04-10,2022-10-05,70
2022,CLE,curryxz01,2022-08-15,2022-09-03,2
2022,PHI,cyrty01,2022-08-21,2022-08-21,1
2022,OAK,cyrty01,2022-09-07,2022-10-04,11
2022,BOS,dalbebo01,2022-04-08,2022-10-05,117
2022,BOS,danisty01,2022-04-20,2022-09-30,32
2022,ATL,darnatr01,2022-04-07,2022-10-04,107
2022,SDN,darviyu01,2022-04-07,2022-09-30,30
2022,BOS,davisau01,2022-04-09,2022-08-28,50
2022,MIN,davisau01,2022-09-05,2022-09-07,2
2022,DET,davisbr04,2022-10-01,2022-10-05,3
2022,NYN,davisjd01,2022-04-07,2022-08-01,66
2022,SFN,davisjd01,2022-08-03,2022-10-05,49
2022,MIL,davisjo05,2022-06-18,2022-08-26,37
2022,BOS,davisja03,2022-04-30,2022-08-13,12
2022,ARI,davidma02,2022-04-21,2022-04-30,5
2022,OAK,davidma02,2022-06-07,2022-06-17,8
2022,COL,davisno01,2022-10-05,2022-10-05,1
2022,ATL,davidtu01,2022-04-11,2022-05-28,4
2022,ANA,davidtu01,2022-08-07,2022-10-02,8
2022,ARI,davieza01,2022-04-09,2022-10-02,27
2022,CIN,dawsoro01,2022-05-05,2022-05-05,1
2022,COL,dazayo01,2022-04-10,2022-10-03,113
2022,SFN,deanau01,2022-09-09,2022-09-11,3
2022,NYN,degroja01,2022-08-02,2022-09-30,11
2022,DET,dejesan01,2022-04-23,2022-09-29,8
2022,PIT,dejonch01,2022-04-22,2022-10-04,42
2022,SLN,dejonpa01,2022-04-07,2022-10-05,77
2022,MIA,delacbr01,2022-04-09,2022-10-05,115
2022,PIT,delayja01,2022-06-14,2022-10-05,57
2022,CLE,delosen01,2022-04-20,2022-10-05,50
2022,PIT,delosye01,2022-05-25,2022-08-11,26
2022,SLN,deluzbe01,2022-09-02,2022-10-05,22
2022,ATL,demertr01,2022-04-22,2022-05-27,26
2022,CHN,dermoma01,2022-08-04,2022-08-04,1
2022,SFN,desclan01,2022-04-10,2022-06-26,5
2022,ANA,detmere01,2022-04-08,2022-09-30,25
2022,CIN,detwiro01,2022-05-14,2022-08-29,30
2022,ARI,devench02,2022-07-29,2022-08-23,10
2022,PHI,devench02,2022-09-27,2022-10-04,3
2022,BOS,deverra01,2022-04-08,2022-10-05,141
2022,HOU,diazal02,2022-04-08,2022-10-05,92
2022,CIN,diazal03,2022-04-08,2022-10-04,59
2022,COL,diazel01,2022-04-08,2022-10-04,105
2022,NYN,diazed04,2022-04-07,2022-10-04,61
2022,ANA,diazjh01,2022-05-06,2022-06-10,4
2022,OAK,diazjo03,2022-09-18,2022-10-05,15
2022,MIA,diazle01,2022-06-17,2022-10-05,58
2022,DET,diazmi02,2022-09-30,2022-10-05,3
2022,TBA,diazya01,2022-04-08,2022-10-04,137
2022,BAL,diazyu01,2022-08-02,2022-08-02,1
2022,HOU,diazya02,2022-09-02,2022-09-28,6
2022,ATL,dickeal01,2022-04-07,2022-04-27,13
2022,SLN,dickeco01,2022-04-09,2022-10-05,97
2022,CIN,diehlph01,2022-04-27,2022-05-07,5
2022,BOS,diekmja01,2022-04-08,2022-07-30,44
2022,CHA,diekmja01,2022-08-02,2022-10-05,26
2022,ARI,difowi01,2022-09-02,2022-09-10,3
2022,BAL,diplama01,2022-04-18,2022-05-31,5
2022,SDN,dixonbr01,2022-09-29,2022-10-05,5
2022,PHI,dominse01,2022-04-08,2022-10-04,54
2022,NYA,donaljo02,2022-04-08,2022-10-05,132
2022,SLN,donovbr01,2022-04-25,2022-10-05,126
2022,WAS,doolise01,2022-04-08,2022-04-19,6
2022,SFN,dovalca01,2022-04-08,2022-10-02,68
2022,CIN,dowdyky01,2022-09-13,2022-09-17,2
2022,BOS,downsje01,2022-06-22,2022-07-29,14
2022,KCA,doziehu01,2022-04-07,2022-10-03,129
2022,CIN,drurybr01,2022-04-07,2022-08-01,92
2022,SDN,drurybr01,2022-08-03,2022-10-05,46
2022,CIN,duartda01,2022-04-08,2022-04-16,3
2022,SFN,dubonma01,2022-04-08,2022-05-13,21
2022,HOU,dubonma01,2022-05-15,2022-10-05,83
2022,ANA,duffyma01,2022-04-07,2022-10-05,77
2022,MIN,duffety01,2022-04-09,2022-08-04,40
2022,TBA,duggero01,2022-05-01,2022-05-01,1
2022,CIN,duggero01,2022-05-07,2022-08-05,3
2022,SFN,duggast01,2022-04-08,2022-04-21,12
2022,TEX,duggast01,2022-06-26,2022-07-12,8
2022,ANA,duggast01,2022-08-08,2022-08-17,9
2022,MIA,dunanjo01,2022-05-07,2022-05-24,3
2022,TEX,dunnida01,2022-04-09,2022-09-21,29
2022,CIN,dunnju01,2022-08-08,2022-09-11,7
2022,TEX,duranez01,2022-06-04,2022-09-07,58
2022,BOS,duranja01,2022-05-06,2022-09-30,58
2022,MIN,duranjh01,2022-04-08,2022-09-27,57
2022,PHI,duronni01,2022-07-13,2022-07-13,1
2022,ATL,duvalad01,2022-04-07,2022-07-23,86
2022,KCA,eatonna01,2022-07-14,2022-10-05,44
2022,SLN,edmanto01,2022-04-07,2022-10-05,153
2022,WAS,edwarca01,2022-05-10,2022-10-04,57
2022,CHN,effrosc01,2022-04-09,2022-07-29,47
2022,NYA,effrosc01,2022-08-02,2022-10-03,13
2022,PHI,eflinza01,2022-04-10,2022-10-03,20
2022,PIT,eickhje01,2022-06-22,2022-06-22,1
2022,ATL,elderbr01,2022-04-12,2022-10-03,10
2022,SEA,eliasro01,2022-05-16,2022-06-19,7
2022,BAL,ellisch01,2022-04-19,2022-04-24,2
2022,ARI,ellisdr01,2022-04-07,2022-05-24,6
2022,SEA,ellisdr01,2022-06-26,2022-06-26,1
2022,MIA,encarje01,2022-06-19,2022-09-25,23
2022,CHA,engelad01,2022-04-09,2022-10-05,119
2022,BOS,eovalna01,2022-04-08,2022-10-04,20
2022,LAN,erlinro01,2022-05-08,2022-05-09,2
2022,WAS,escobal02,2022-04-07,2022-07-16,42
2022,NYN,escobed01,2022-04-07,2022-10-04,136
2022,CHN,espinan01,2022-05-30,2022-08-23,7
2022,WAS,espinpa01,2022-04-08,2022-10-04,42
2022,CIN,espinra01,2022-09-13,2022-09-16,2
2022,TOR,espinsa01,2022-04-08,2022-09-21,135
2022,COL,estevca01,2022-04-09,2022-09-23,62
2022,CHN,estraje01,2022-08-30,2022-09-19,5
2022,SFN,estrath01,2022-04-08,2022-10-04,140
2022,DET,faedoal01,2022-05-04,2022-07-11,12
2022,TBA,fairbpe01,2022-07-17,2022-09-28,24
2022,SEA,faircst01,2022-05-04,2022-05-09,3
2022,SFN,faircst01,2022-05-23,2022-05-31,5
2022,CIN,faircst01,2022-07-12,2022-10-05,38
2022,PHI,falteba01,2022-04-10,2022-10-05,20
2022,PHI,familje01,2022-04-08,2022-07-31,38
2022,BOS,familje01,2022-08-17,2022-09-13,10
2022,CIN,farmebu01,2022-04-08,2022-10-04,44
2022,CIN,farmeky01,2022-04-07,2022-10-05,145
2022,CHN,farrelu01,2022-08-24,2022-09-03,4
2022,CIN,farrelu01,2022-09-11,2022-09-14,2
2022,TBA,fauchca01,2022-05-09,2022-09-28,22
2022,WAS,feddeer01,2022-04-10,2022-10-05,27
2022,BOS,felizmi01,2022-07-08,2022-07-08,1
2022,MIL,felicma01,2022-08-14,2022-08-17,2
2022,COL,feltnry01,2022-04-27,2022-10-04,20
2022,LAN,ferguca01,2022-05-16,2022-10-05,37
2022,KCA,fermifr01,2022-07-15,2022-07-17,3
2022,SLN,fernaju01,2022-05-24,2022-07-26,13
2022,PIT,fernaju01,2022-10-01,2022-10-05,3
2022,SEA,festama01,2022-04-10,2022-10-04,53
2022,TBA,feyerjo01,2022-04-08,2022-06-02,22
2022,WAS,finneky01,2022-04-09,2022-10-05,66
2022,MIA,fishmja01,2022-07-31,2022-10-05,7
2022,NYN,fishena01,2022-08-21,2022-08-21,1
2022,SLN,flaheja01,2022-06-15,2022-10-04,9
2022,TBA,flemijo01,2022-04-09,2022-10-05,10
2022,PIT,fletcaa01,2022-04-07,2022-07-01,9
2022,ANA,fletcda02,2022-04-07,2022-10-05,61
2022,SEA,flexech01,2022-04-11,2022-10-04,33
2022,MIA,florody01,2022-05-10,2022-10-05,56
2022,NYA,flories01,2022-05-08,2022-09-13,17
2022,SFN,florewi01,2022-04-08,2022-10-05,151
2022,DET,foleyja01,2022-04-09,2022-10-04,60
2022,SFN,fordmi01,2022-05-01,2022-05-01,1
2022,SEA,fordmi01,2022-05-13,2022-06-04,16
2022,ATL,fordmi01,2022-06-26,2022-07-27,5
2022,ANA,fordmi01,2022-08-25,2022-09-27,28
2022,MIA,forteni01,2022-05-29,2022-10-05,72
2022,CHA,fostema01,2022-04-10,2022-09-01,48
2022,WAS,foxlu01,2022-04-10,2022-05-01,10
2022,CIN,fraleja01,2022-04-08,2022-10-05,68
2022,TOR,francbo01,2022-04-27,2022-04-27,1
2022,WAS,francma02,2022-04-07,2022-08-20,103
2022,SEA,francty01,2022-04-08,2022-10-05,140
2022,TBA,francwa01,2022-04-08,2022-10-04,83
2022,SEA,fraziad01,2022-04-08,2022-10-04,156
2022,CHN,frazicl01,2022-04-07,2022-06-07,19
2022,LAN,freemfr01,2022-04-08,2022-10-05,159
2022,COL,freelky01,2022-04-08,2022-10-01,31
2022,CLE,freemty01,2022-08-03,2022-09-28,24
2022,ARI,friaslu01,2022-04-29,2022-09-27,15
2022,ATL,friedma01,2022-04-07,2022-09-30,30
2022,CIN,friedtj01,2022-04-19,2022-10-03,72
2022,BAL,frypa01,2022-04-08,2022-05-11,12
2022,ARI,frypa01,2022-06-01,2022-06-01,1
2022,DET,fulmemi01,2022-04-09,2022-08-01,41
2022,MIN,fulmemi01,2022-08-03,2022-10-02,26
2022,CLE,gaddihu01,2022-08-05,2022-09-15,2
2022,TOR,gagema01,2022-06-06,2022-07-03,11
2022,KCA,gallaca01,2022-04-10,2022-07-27,18
2022,SLN,gallegi01,2022-04-09,2022-10-03,57
2022,NYA,gallojo01,2022-04-08,2022-07-30,82
2022,LAN,gallojo01,2022-08-04,2022-10-05,44
2022,ARI,galleza01,2022-04-16,2022-10-04,31
2022,PIT,gamelbe01,2022-04-07,2022-10-04,115
2022,MIA,garciav01,2022-04-08,2022-10-04,98
2022,TEX,garciad02,2022-04-08,2022-10-05,156
2022,CIN,garciar01,2022-04-09,2022-10-05,47
2022,DET,garcibr01,2022-07-29,2022-10-03,4
2022,OAK,garcide02,2022-07-12,2022-10-05,39
2022,SFN,garcija04,2022-04-10,2022-10-03,58
2022,CIN,garcijo02,2022-08-03,2022-10-05,48
2022,CHA,garcile02,2022-04-08,2022-09-20,97
2022,SDN,garcilu03,2022-04-15,2022-10-04,64
2022,WAS,garcilu04,2022-06-01,2022-10-05,93
2022,HOU,garcilu05,2022-04-12,2022-10-02,28
2022,KCA,garcima01,2022-07-15,2022-08-17,9
2022,BAL,garciri01,2022-06-13,2022-09-04,6
2022,DET,garciro03,2022-04-10,2022-07-24,16
2022,TOR,garciyi01,2022-04-08,2022-10-05,61
2022,MIN,garliky01,2022-04-15,2022-09-15,66
2022,DET,garnedu01,2022-04-09,2022-04-30,8
2022,KCA,garream01,2022-04-09,2022-10-03,60
2022,MIA,garrebr01,2022-06-05,2022-10-04,17
2022,WAS,garrere01,2022-06-14,2022-10-04,7
2022,ARI,garrest01,2022-08-17,2022-10-05,27
2022,TEX,garvemi01,2022-04-08,2022-07-10,54
2022,TBA,garzara01,2022-04-12,2022-08-04,19
2022,TOR,gausmke01,2022-04-09,2022-10-02,31
2022,NYA,germado01,2022-07-21,2022-10-05,15
2022,BOS,germafr02,2022-09-17,2022-10-02,5
2022,CLE,gibauia01,2022-06-27,2022-06-27,1
2022,CIN,gibauia01,2022-07-07,2022-10-04,33
2022,PHI,gibsoky01,2022-04-09,2022-10-01,31
2022,NYA,gillu01,2022-05-12,2022-05-12,1
2022,COL,gilbrlu01,2022-04-20,2022-08-26,47
2022,SEA,gilbelo01,2022-04-09,2022-09-30,32
2022,ARI,gilbety01,2022-04-19,2022-07-26,8
2022,SEA,gileske01,2022-06-21,2022-07-08,5
2022,BAL,gillalo01,2022-05-17,2022-10-05,17
2022,CLE,gimenan01,2022-04-07,2022-10-05,146
2022,ARI,ginkeke01,2022-08-01,2022-10-05,30
2022,CHA,giolilu01,2022-04-08,2022-10-04,30
2022,CHN,givenmy01,2022-04-07,2022-07-29,40
2022,NYN,givenmy01,2022-08-03,2022-10-05,19
2022,TBA,glasnty01,2022-09-28,2022-10-03,2
2022,MIN,godoyjo01,2022-04-24,2022-05-11,2
2022,PIT,godoyjo01,2022-08-06,2022-09-30,8
2022,SLN,goldspa01,2022-04-07,2022-10-04,151
2022,COL,gombeau01,2022-04-11,2022-10-05,33
2022,CHN,gomesya01,2022-04-10,2022-10-03,86
2022,LAN,gonsoto01,2022-04-09,2022-10-03,24
2022,MIN,gonzach01,2022-06-03,2022-06-11,2
2022,MIL,gonzach01,2022-06-21,2022-07-10,4
2022,NYA,gonzach01,2022-10-02,2022-10-02,1
2022,MIA,gonzaer01,2022-05-10,2022-06-29,16
2022,SFN,gonzalu03,2022-04-22,2022-09-23,98
2022,NYA,gonzama01,2022-04-08,2022-10-05,86
2022,SEA,gonzama02,2022-04-10,2022-10-05,32
2022,CLE,gonzaos01,2022-05-26,2022-10-05,91
2022,CHA,gonzaro01,2022-08-17,2022-10-05,32
2022,HOU,goodrni01,2022-04-08,2022-05-14,15
2022,WAS,gordode01,2022-04-08,2022-06-07,23
2022,MIN,gordoni01,2022-04-08,2022-10-05,138
2022,SDN,gorema01,2022-04-15,2022-07-25,16
2022,NYN,gorete01,2022-09-01,2022-10-05,10
2022,SLN,gormano01,2022-05-20,2022-09-18,89
2022,CLE,gosean01,2022-04-09,2022-07-02,22
2022,ATL,gosseph01,2022-06-19,2022-07-10,12
2022,ANA,gosseph01,2022-07-22,2022-08-24,22
2022,MIL,gotttr01,2022-04-09,2022-10-05,45
2022,COL,goudeas01,2022-04-08,2022-05-28,12
2022,CHA,grandya01,2022-04-08,2022-10-04,99
2022,LAN,gratebr01,2022-04-08,2022-10-03,46
2022,CHA,graveke01,2022-04-08,2022-10-03,65
2022,TEX,grayjo02,2022-04-08,2022-10-04,24
2022,WAS,grayjo03,2022-04-08,2022-09-28,28
2022,MIN,grayso01,2022-04-09,2022-09-19,24
2022,NYA,greench03,2022-04-08,2022-05-19,14
2022,CIN,greenhu01,2022-04-10,2022-10-03,24
2022,DET,greenri02,2022-06-18,2022-10-05,93
2022,LAN,greensh02,2022-05-15,2022-05-15,1
2022,NYA,greensh02,2022-07-23,2022-07-23,1
2022,PHI,gregodi01,2022-04-08,2022-08-03,63
2022,ARI,greingr01,2022-05-20,2022-05-23,2
2022,KCA,greinza01,2022-04-07,2022-10-03,26
2022,COL,grichra01,2022-04-08,2022-10-05,141
2022,KCA,grifffo01,2022-05-20,2022-06-25,5
2022,TOR,grifffo01,2022-09-22,2022-09-22,1
2022,OAK,grimmju01,2022-04-11,2022-05-27,15
2022,SDN,grishtr01,2022-04-07,2022-10-05,152
2022,ATL,grissva01,2022-08-10,2022-10-05,41
2022,MIA,groshjo01,2022-09-13,2022-10-05,17
2022,DET,grossro01,2022-04-08,2022-07-31,83
2022,ATL,grossro01,2022-08-03,2022-10-05,46
2022,LAN,grovemi01,2022-05-15,2022-10-01,7
2022,CHN,gsellro01,2022-05-07,2022-05-30,8
2022,SDN,guerrja02,2022-04-10,2022-04-10,1
2022,TBA,guerrja02,2022-04-18,2022-10-05,17
2022,TOR,guerrvl02,2022-04-08,2022-10-05,160
2022,NYN,guilllu01,2022-04-08,2022-10-05,102
2022,TOR,gurrilo01,2022-04-08,2022-09-07,121
2022,HOU,gourryu01,2022-04-07,2022-10-05,146
2022,MIL,gustaja01,2022-04-09,2022-07-31,27
2022,PHI,guthrda01,2022-09-06,2022-10-05,14
2022,BAL,gutieke01,2022-04-08,2022-05-01,12
2022,CIN,gutievl01,2022-04-09,2022-06-03,10
2022,NYA,guzmaro01,2022-09-07,2022-09-09,3
2022,DET,haaseer01,2022-04-08,2022-10-05,110
2022,MIL,haderjo01,2022-04-10,2022-07-29,37
2022,SDN,haderjo01,2022-08-02,2022-10-03,19
2022,ARI,hagerja01,2022-05-17,2022-07-06,28
2022,SEA,haggesa01,2022-05-22,2022-10-03,83
2022,PHI,hallda02,2022-06-29,2022-10-05,42
2022,BAL,halldl01,2022-08-13,2022-10-05,11
2022,MIA,hamilbi02,2022-07-03,2022-08-10,20
2022,MIN,hamilbi02,2022-09-02,2022-10-04,17
2022,MIN,hamilca01,2022-07-17,2022-10-05,22
2022,MIN,hamilia01,2022-06-04,2022-06-04,1
2022,COL,hampsga01,2022-04-10,2022-10-05,90
2022,PHI,handbr01,2022-04-08,2022-09-20,55
2022,SEA,hanigmi01,2022-04-08,2022-10-05,57
2022,CHN,happia01,2022-04-07,2022-10-05,158
2022,PHI,harpebr03,2022-04-08,2022-10-04,99
2022,CHA,harrijo05,2022-04-08,2022-10-05,119
2022,ANA,harrimo01,2022-06-25,2022-07-12,9
2022,ATL,harrimi04,2022-05-28,2022-10-04,114
2022,WAS,harvehu01,2022-04-11,2022-10-05,38
2022,CHA,haselad01,2022-04-20,2022-09-04,14
2022,TOR,hatchto01,2022-07-02,2022-07-02,1
2022,PIT,hayeske01,2022-04-07,2022-10-05,136
2022,BAL,haysau01,2022-04-08,2022-10-05,145
2022,MIA,headlo01,2022-04-08,2022-06-22,23
2022,BAL,headlo01,2022-08-09,2022-08-24,5
2022,LAN,heanean01,2022-04-12,2022-10-04,16
2022,TEX,hearnta01,2022-04-11,2022-10-04,31
2022,KCA,heasljo01,2022-05-12,2022-10-05,21
2022,CLE,hedgeau01,2022-04-07,2022-10-04,105
2022,TEX,heimjo01,2022-04-09,2022-10-05,127
2022,TOR,heinety01,2022-04-12,2022-05-13,10
2022,PIT,heinety01,2022-05-18,2022-10-05,52
2022,SLN,helslry01,2022-04-07,2022-10-04,54
2022,PIT,hembrhe01,2022-04-07,2022-06-20,20
2022,LAN,hembrhe01,2022-08-30,2022-09-10,6
2022,BAL,hendegu01,2022-08-31,2022-10-05,34
2022,CHN,hendrky01,2022-04-07,2022-07-05,16
2022,CHA,hendrli01,2022-04-08,2022-10-03,58
2022,CIN,hendrry01,2022-04-09,2022-08-09,9
2022,MIA,henrypa01,2022-04-08,2022-05-21,15
2022,MIN,henriro01,2022-09-19,2022-10-01,3
2022,ARI,henryto01,2022-08-03,2022-10-03,9
2022,HOU,henslda01,2022-08-27,2022-10-05,16
2022,CLE,hentgsa01,2022-04-10,2022-10-04,57
2022,ATL,heredgu01,2022-04-07,2022-10-05,74
2022,ANA,hergeji01,2022-04-08,2022-10-03,49
2022,TBA,hergeke01,2022-09-13,2022-10-03,3
2022,CHN,hermomi01,2022-04-09,2022-09-25,31
2022,WAS,hernace02,2022-04-07,2022-10-05,147
2022,KCA,hernaca04,2022-04-11,2022-10-05,27
2022,BOS,hernada02,2022-07-14,2022-08-10,7
2022,BOS,hernaen02,2022-04-08,2022-10-05,93
2022,MIA,hernael01,2022-04-11,2022-10-05,20
2022,TEX,hernael02,2022-07-14,2022-08-15,14
2022,TEX,hernajo02,2022-07-16,2022-10-04,29
2022,TOR,hernate01,2022-04-08,2022-10-05,131
2022,WAS,hernaya01,2022-04-08,2022-08-18,94
2022,ARI,hernayo02,2022-04-12,2022-05-21,12
2022,SLN,herreiv01,2022-05-24,2022-07-02,11
2022,ARI,herrejo04,2022-04-09,2022-08-07,47
2022,PHI,herreod01,2022-04-22,2022-07-31,62
2022,CHN,heywaja01,2022-04-07,2022-06-24,48
2022,NYA,hicksaa01,2022-04-08,2022-10-05,130
2022,KCA,hicklbr01,2022-05-26,2022-07-17,6
2022,SLN,hicksjo03,2022-04-12,2022-10-05,35
2022,NYA,higasky01,2022-04-08,2022-10-05,83
2022,CHN,higgipj01,2022-05-22,2022-10-05,74
2022,DET,hillde01,2022-04-23,2022-06-10,31
2022,DET,hillga02,2022-07-04,2022-10-04,17
2022,BOS,hillri01,2022-04-12,2022-10-03,26
2022,COL,hillisa01,2022-04-09,2022-08-28,70
2022,SDN,hillti01,2022-04-07,2022-10-03,55
2022,MIL,hiurake01,2022-04-09,2022-10-05,80
2022,SFN,hjellse01,2022-05-06,2022-10-03,8
2022,MIA,hoeinbr01,2022-08-20,2022-10-05,8
2022,CHN,hoernni01,2022-04-07,2022-10-05,135
2022,CIN,hoffmje02,2022-04-08,2022-07-23,35
2022,NYN,holdeco01,2022-05-15,2022-07-16,15
2022,PIT,holdeco01,2022-08-02,2022-08-24,9
2022,TEX,hollagr01,2022-04-08,2022-04-16,5
2022,COL,holloga01,2022-09-19,2022-10-05,6
2022,MIA,hollojo01,2022-07-25,2022-07-25,1
2022,NYA,holmecl01,2022-04-08,2022-09-26,62
2022,ARI,holtoty01,2022-04-28,2022-08-26,10
2022,PHI,hoskirh01,2022-04-08,2022-10-05,156
2022,SDN,hosmeer01,2022-04-07,2022-07-31,90
2022,BOS,hosmeer01,2022-08-04,2022-10-05,14
2022,BOS,houckta01,2022-04-10,2022-08-02,32
2022,MIL,housead01,2022-04-11,2022-09-27,22
2022,PIT,howarsa01,2022-04-26,2022-04-29,3
2022,TEX,howarsp01,2022-04-10,2022-08-07,10
2022,LAN,hudsoda01,2022-04-08,2022-06-24,25
2022,SLN,hudsoda02,2022-04-12,2022-10-04,27
2022,TEX,huffsa01,2022-04-30,2022-10-04,44
2022,CHN,hughebr01,2022-05-17,2022-10-05,57
2022,ARI,hummeco01,2022-04-07,2022-10-03,66
2022,NYN,hunteto02,2022-06-19,2022-09-14,18
2022,DET,hutchdr01,2022-04-08,2022-10-01,28
2022,TEX,ibanean01,2022-04-08,2022-06-07,40
2022,COL,iglesjo01,2022-04-08,2022-10-04,118
2022,ANA,iglesra01,2022-04-09,2022-07-31,39
2022,ATL,iglesra01,2022-08-05,2022-10-04,28
2022,NYN,inciaen01,2022-06-28,2022-07-13,11
2022,CIN,indiajo01,2022-04-07,2022-10-04,103
2022,OAK,irvinco01,2022-04-09,2022-10-04,30
2022,KCA,isbelky01,2022-04-09,2022-10-05,106
2022,MIL,jacksal02,2022-04-28,2022-06-04,5
2022,LAN,jacksan01,2022-09-11,2022-10-02,4
2022,OAK,jacksdr01,2022-04-16,2022-04-20,3
2022,ATL,jacksja01,2022-08-28,2022-08-30,2
2022,OAK,jacksza02,2022-04-09,2022-08-24,54
2022,ARI,jamesdr01,2022-09-15,2022-10-01,4
2022,NYN,jankotr01,2022-04-07,2022-07-27,43
2022,SEA,jankotr01,2022-08-02,2022-08-02,1
2022,TOR,janseda01,2022-04-08,2022-10-05,72
2022,ATL,janseke01,2022-04-08,2022-10-04,65
2022,HOU,javiecr01,2022-04-09,2022-10-01,30
2022,MIN,jaxgr01,2022-04-13,2022-10-03,65
2022,OAK,jeffeda01,2022-04-10,2022-05-18,8
2022,MIN,jeffery01,2022-04-08,2022-10-05,67
2022,OAK,jimenda02,2022-04-09,2022-08-24,34
2022,CHA,jimenel02,2022-04-08,2022-10-04,84
2022,DET,jimenjo02,2022-04-09,2022-09-20,62
2022,COL,joeco01,2022-04-08,2022-09-25,111
2022,SFN,johnsbr03,2022-08-03,2022-10-05,11
2022,SDN,johnspi01,2022-04-07,2022-10-05,15
2022,PHI,jonesda07,2022-04-10,2022-04-28,4
2022,CLE,jonesno01,2022-07-08,2022-08-19,28
2022,HOU,jonesta01,2022-08-01,2022-08-01,1
2022,NYA,judgeaa01,2022-04-08,2022-10-04,157
2022,TEX,jungjo01,2022-09-09,2022-10-05,26
2022,SFN,junisja01,2022-04-22,2022-10-01,23
2022,ANA,junkja01,2022-05-28,2022-08-04,3
2022,LAN,kahnlto01,2022-05-01,2022-10-03,13
2022,OAK,kaprija01,2022-05-01,2022-10-02,27
2022,CLE,karinja01,2022-07-04,2022-10-04,38
2022,TOR,katohgo01,2022-04-09,2022-04-28,8
2022,TOR,kayan01,2022-04-12,2022-04-12,1
2022,SEA,kelenja01,2022-04-08,2022-10-05,54
2022,KCA,kellebr01,2022-04-09,2022-09-30,35
2022,ARI,kellyca02,2022-04-07,2022-10-05,104
2022,CHA,kellyjo05,2022-05-09,2022-10-01,43
2022,ARI,kellyme01,2022-04-08,2022-10-05,33
2022,PIT,kellemi03,2022-04-09,2022-10-03,31
2022,PHI,kellymi03,2022-06-16,2022-07-12,4
2022,MIL,kelletr01,2022-05-18,2022-09-18,18
2022,BOS,kellyza01,2022-08-29,2022-10-01,13
2022,OAK,kempto01,2022-04-08,2022-10-05,147
2022,ARI,kennebu01,2022-06-17,2022-10-01,30
2022,ARI,kenneia01,2022-04-09,2022-10-04,57
2022,MIN,keplema01,2022-04-08,2022-09-11,115
2022,SDN,kerrra01,2022-04-24,2022-07-02,7
2022,LAN,kershcl01,2022-04-13,2022-10-05,22
2022,CHA,keuchda01,2022-04-13,2022-05-26,8
2022,ARI,keuchda01,2022-06-26,2022-07-12,4
2022,TEX,keuchda01,2022-08-27,2022-09-02,2
2022,TBA,kiermke01,2022-04-08,2022-07-09,63
2022,TOR,kikucyu01,2022-04-12,2022-10-05,32
2022,CHN,kiliaca01,2022-06-04,2022-06-20,3
2022,SDN,kimha01,2022-04-07,2022-10-04,150
2022,LAN,kimbrcr01,2022-04-08,2022-10-05,63
2022,NYA,kineris01,2022-04-08,2022-10-04,142
2022,TEX,kingjo01,2022-04-08,2022-10-02,39
2022,NYA,kingmi01,2022-04-08,2022-07-22,34
2022,PHI,kingesc01,2022-06-08,2022-06-08,1
2022,COL,kinlety01,2022-04-08,2022-06-08,25
2022,SEA,kirbyge01,2022-05-08,2022-10-03,25
2022,MIN,kirilal01,2022-04-08,2022-08-01,45
2022,TOR,kirkal01,2022-04-08,2022-10-05,139
2022,TBA,kittran01,2022-04-08,2022-06-07,17
2022,TBA,klubeco01,2022-04-10,2022-10-02,31
2022,PIT,knappan01,2022-04-13,2022-05-14,11
2022,SEA,knappan01,2022-07-01,2022-07-08,2
2022,SFN,knappan01,2022-09-02,2022-09-04,3
2022,PHI,knebeco01,2022-04-08,2022-08-14,46
2022,SDN,knehrre01,2022-06-11,2022-09-03,5
2022,TBA,knighdu01,2022-04-13,2022-09-22,6
2022,SLN,kniznan01,2022-04-12,2022-10-05,97
2022,SEA,kochma01,2022-04-15,2022-04-26,4
2022,OAK,koenija01,2022-06-08,2022-10-03,10
2022,OAK,kolarad01,2022-04-12,2022-05-28,15
2022,CIN,kolozma01,2022-04-20,2022-08-02,10
2022,CHA,kopecmi01,2022-04-10,2022-09-13,25
2022,KCA,kowarja01,2022-04-10,2022-07-29,7
2022,PIT,kranima01,2022-05-07,2022-05-11,2
2022,BAL,krehbjo01,2022-04-10,2022-09-27,56
2022,DET,kreidry01,2022-09-02,2022-10-05,26
2022,BAL,kremede01,2022-06-05,2022-10-03,22
2022,SFN,krizaja01,2022-04-29,2022-05-01,3
2022,COL,kuhlch01,2022-04-12,2022-09-30,27
2022,CIN,kuhnejo01,2022-05-09,2022-10-05,53
2022,CLE,kwanst01,2022-04-07,2022-10-05,147
2022,MIA,ladwiaj01,2022-08-13,2022-08-13,1
2022,ANA,lagarju01,2022-05-26,2022-06-22,20
2022,BAL,lakintr01,2022-04-16,2022-05-11,6
2022,LAN,lambja01,2022-06-28,2022-08-01,25
2022,SEA,lambja01,2022-08-05,2022-09-19,16
2022,CHA,lambeji01,2022-04-14,2022-10-05,42
2022,SDN,lametdi01,2022-04-08,2022-07-30,13
2022,COL,lametdi01,2022-08-09,2022-10-04,19
2022,DET,langeal01,2022-04-08,2022-10-04,71
2022,OAK,langesh01,2022-08-16,2022-10-05,40
2022,MIN,larnatr01,2022-04-13,2022-06-23,51
2022,SEA,larseja01,2022-07-31,2022-07-31,1
2022,SFN,lasteto01,2022-05-16,2022-09-10,60
2022,MIL,lauerer01,2022-04-12,2022-10-04,29
2022,OAK,laurera01,2022-05-08,2022-09-16,94
2022,CLE,lavasbr01,2022-04-10,2022-04-24,6
2022,DET,lawde01,2022-07-30,2022-08-03,2
2022,CIN,lawde01,2022-08-30,2022-10-05,15
2022,TOR,lawreca01,2022-05-05,2022-10-05,6
2022,COL,lawreju01,2022-04-08,2022-10-03,38
2022,MIA,leblach01,2022-07-30,2022-10-05,48
2022,TEX,leclejo01,2022-06-18,2022-09-29,39
2022,ATL,leedy01,2022-05-23,2022-10-05,46
2022,WAS,leeev01,2022-06-01,2022-06-17,4
2022,NYN,leekh01,2022-06-08,2022-06-11,2
2022,HOU,leeko01,2022-07-01,2022-07-31,12
2022,CHN,leitema02,2022-04-16,2022-10-05,35
2022,NYA,lemahdj01,2022-04-08,2022-10-05,125
2022,OAK,lemoija01,2022-04-08,2022-05-28,9
2022,SFN,leonedo01,2022-04-08,2022-09-08,55
2022,CLE,leonsa01,2022-06-28,2022-07-06,9
2022,MIN,leonsa01,2022-08-03,2022-09-21,25
2022,DET,lestejo02,2022-09-05,2022-09-06,2
2022,SEA,lewisky01,2022-05-24,2022-08-08,18
2022,MIN,lewisro02,2022-05-06,2022-05-29,12
2022,SDN,liberlu01,2022-09-10,2022-09-22,7
2022,SLN,liberma01,2022-05-21,2022-10-05,9
2022,NYN,lindofr01,2022-04-07,2022-10-05,161
2022,CHN,littlbr02,2022-08-30,2022-08-30,1
2022,SFN,litteza01,2022-04-10,2022-09-12,39
2022,SFN,llovema01,2022-04-29,2022-07-15,17
2022,NYA,loaisjo01,2022-04-08,2022-10-04,50
2022,NYA,locasti01,2022-04-17,2022-09-28,38
2022,CIN,lodolni01,2022-04-13,2022-10-01,19
2022,OAK,logueza01,2022-04-19,2022-09-08,14
2022,SFN,longoev01,2022-05-11,2022-10-02,89
2022,SFN,longsa01,2022-04-11,2022-08-01,28
2022,CIN,lopezal03,2022-04-17,2022-10-05,61
2022,OAK,lopesch01,2022-04-20,2022-04-26,4
2022,BAL,lopezjo02,2022-04-08,2022-07-29,44
2022,MIN,lopezjo02,2022-08-03,2022-10-04,23
2022,KCA,lopezni01,2022-04-07,2022-10-04,142
2022,TOR,lopezot01,2022-06-21,2022-10-05,8
2022,MIA,lopezpa01,2022-04-09,2022-10-02,32
2022,CHA,lopezre01,2022-04-09,2022-10-02,61
2022,NYN,lopezyo01,2022-04-27,2022-08-06,8
2022,ANA,lorenmi01,2022-04-11,2022-10-04,18
2022,ANA,loupaa01,2022-04-07,2022-10-03,65
2022,TBA,lowebr01,2022-04-08,2022-09-11,65
2022,TBA,lowejo01,2022-04-08,2022-07-30,52
2022,TEX,lowena01,2022-04-08,2022-10-05,157
2022,OAK,lowrije01,2022-04-08,2022-08-07,50
2022,BAL,lowthza01,2022-05-31,2022-05-31,1
2022,NYA,luetglu01,2022-04-09,2022-10-05,50
2022,NYN,lugose01,2022-04-07,2022-10-02,62
2022,ARI,luplojo01,2022-04-25,2022-10-04,83
2022,LAN,luxga01,2022-04-08,2022-10-05,129
2022,MIA,luzarje01,2022-04-12,2022-10-03,18
2022,BAL,lylesjo01,2022-04-09,2022-09-30,32
2022,KCA,lynchda02,2022-04-12,2022-10-04,27
2022,CHA,lynnla01,2022-06-13,2022-10-02,21
2022,WAS,machaan02,2022-04-07,2022-10-04,51
2022,SFN,machadi01,2022-07-31,2022-08-04,5
2022,SDN,machama01,2022-04-07,2022-10-05,150
2022,OAK,machivi01,2022-06-30,2022-10-01,73
2022,ANA,mackida01,2022-06-18,2022-07-16,16
2022,OAK,mackida01,2022-08-17,2022-08-26,6
2022,PIT,madribl01,2022-06-20,2022-08-28,39
2022,CHN,madrini01,2022-04-07,2022-09-09,59
2022,CIN,mahlety01,2022-04-07,2022-07-30,19
2022,MIN,mahlety01,2022-08-05,2022-09-03,4
2022,CLE,mailelu01,2022-04-27,2022-10-05,76
2022,HOU,maldoma01,2022-04-07,2022-10-05,113
2022,SDN,manaese01,2022-04-08,2022-10-04,30
2022,BAL,mancitr01,2022-04-08,2022-07-31,92
2022,HOU,mancitr01,2022-08-02,2022-10-05,51
2022,DET,mannima01,2022-04-11,2022-09-28,13
2022,TOR,manoaal01,2022-04-11,2022-09-30,31
2022,ARI,mantijo01,2022-04-07,2022-10-03,69
2022,PIT,marcatu01,2022-04-26,2022-10-05,49
2022,TBA,margoma01,2022-04-08,2022-10-05,89
2022,PIT,marisja01,2022-04-09,2022-07-23,31
2022,NYA,marinro01,2022-04-09,2022-10-02,40
2022,OAK,markepa01,2022-05-30,2022-06-04,3
2022,COL,marquge01,2022-04-09,2022-10-02,31
2022,NYN,marrede01,2022-08-15,2022-09-10,5
2022,ANA,marshbr02,2022-04-07,2022-07-31,93
2022,PHI,marshbr02,2022-08-04,2022-10-05,41
2022,OAK,martiad01,2022-05-10,2022-10-03,12
2022,TEX,martibr01,2022-04-09,2022-09-16,55
2022,CHN,martich02,2022-04-07,2022-07-28,34
2022,LAN,martich02,2022-08-01,2022-10-05,26
2022,ARI,martico02,2022-04-10,2022-07-30,7
2022,CHA,martida03,2022-05-17,2022-10-05,14
2022,BOS,martijd02,2022-04-08,2022-10-05,139
2022,ANA,martejo01,2022-07-07,2022-09-19,11
2022,ARI,marteke01,2022-04-07,2022-09-28,137
2022,SDN,martini01,2022-04-11,2022-10-04,47
2022,BAL,martiri01,2022-06-11,2022-07-03,13
2022,NYN,martest01,2022-04-07,2022-09-06,118
2022,HOU,martise01,2022-04-30,2022-09-15,29
2022,SFN,marteyu01,2022-04-12,2022-10-05,39
2022,KCA,massemi02,2022-07-15,2022-10-05,52
2022,TBA,mastrmi01,2022-09-22,2022-10-02,8
2022,BAL,mateojo01,2022-04-08,2022-10-05,150
2022,MIL,mathima01,2022-05-28,2022-06-19,6
2022,TEX,mathima01,2022-08-17,2022-10-05,24
2022,HOU,matijjj01,2022-04-22,2022-09-09,32
2022,PHI,matonni01,2022-06-01,2022-10-05,35
2022,HOU,matonph01,2022-04-07,2022-10-05,67
2022,SLN,matzst01,2022-04-10,2022-10-03,15
2022,ATL,matzety01,2022-04-08,2022-10-05,42
2022,LAN,maydu01,2022-08-20,2022-09-21,6
2022,NYN,maytr01,2022-04-07,2022-10-05,26
2022,ANA,mayermi01,2022-04-08,2022-09-24,24
2022,ANA,mayfija01,2022-04-08,2022-06-17,23
2022,TOR,mayzati01,2022-04-09,2022-10-05,63
2022,SDN,mazarno01,2022-06-02,2022-08-19,55
2022,NYN,mazeipa01,2022-05-14,2022-08-03,24
2022,TBA,mazzach01,2022-04-11,2022-04-17,2
2022,NYN,mccanja02,2022-04-07,2022-10-05,61
2022,ARI,mccarja02,2022-04-07,2022-10-05,99
2022,CLE,mccarki01,2022-04-24,2022-10-03,13
2022,TBA,mcclash01,2022-04-08,2022-10-01,29
2022,HOU,mccorch01,2022-04-07,2022-10-05,119
2022,MIL,mccutan01,2022-04-07,2022-10-03,134
2022,HOU,mcculla02,2022-08-13,2022-10-03,8
2022,OAK,mcdonmi01,2022-04-20,2022-04-27,4
2022,SLN,mcfartj01,2022-04-09,2022-08-09,28
2022,TBA,mcgeeea01,2022-10-02,2022-10-02,1
2022,SFN,mcgeeja01,2022-04-08,2022-07-08,24
2022,MIL,mcgeeja01,2022-07-23,2022-08-06,6
2022,WAS,mcgeeja01,2022-08-12,2022-09-08,12
2022,CHA,mcguire01,2022-04-10,2022-07-29,53
2022,BOS,mcguire01,2022-08-03,2022-10-05,36
2022,ATL,mchugco01,2022-04-07,2022-10-04,58
2022,NYA,mckayda02,2022-05-22,2022-05-31,2
2022,TBA,mckayda02,2022-07-01,2022-07-01,1
2022,OAK,mckayda02,2022-07-24,2022-07-24,1
2022,BAL,mckenry01,2022-04-10,2022-10-05,105
2022,CLE,mckentr01,2022-04-07,2022-10-03,31
2022,OAK,mckinbi01,2022-04-08,2022-05-08,23
2022,LAN,mckinza01,2022-04-24,2022-07-28,10
2022,CHN,mckinza01,2022-07-31,2022-10-05,47
2022,COL,mcmahry01,2022-04-08,2022-10-05,153
2022,NYN,mcneije01,2022-04-07,2022-10-05,148
2022,DET,meadoau01,2022-04-08,2022-06-15,36
2022,BAL,meansjo01,2022-04-08,2022-04-13,2
2022,PIT,mearsni01,2022-10-03,2022-10-05,2
2022,NYN,medinad01,2022-04-23,2022-09-03,14
2022,MIN,megiltr01,2022-05-22,2022-10-02,40
2022,NYN,megilty01,2022-04-07,2022-10-04,15
2022,TBA,mejiafr01,2022-04-08,2022-10-03,93
2022,MIL,mejiaje02,2022-05-11,2022-05-14,2
2022,ARI,melanma01,2022-04-09,2022-10-02,62
2022,KCA,melenmj01,2022-05-03,2022-10-05,129
2022,CHA,mendida01,2022-04-10,2022-06-22,31
2022,CHN,menezco01,2022-05-13,2022-05-13,1
2022,WAS,menesjo01,2022-08-02,2022-10-05,56
2022,KCA,mengdda01,2022-06-14,2022-09-01,5
2022,CLE,mercaos01,2022-04-07,2022-07-09,54
2022,PHI,mercaos01,2022-06-30,2022-06-30,1
2022,SFN,merceye01,2022-06-26,2022-08-30,31
2022,TOR,merryju01,2022-04-08,2022-09-20,26
2022,KCA,merriwh01,2022-04-07,2022-08-01,95
2022,TOR,merriwh01,2022-08-04,2022-10-05,44
2022,HOU,meyerja02,2022-06-24,2022-10-05,52
2022,MIA,meyerma01,2022-07-16,2022-07-23,2
2022,ARI,middlke01,2022-05-01,2022-09-16,18
2022,SLN,mikolmi01,2022-04-09,2022-10-03,33
2022,CHN,mileywa01,2022-05-10,2022-10-01,9
2022,CHN,millsal02,2022-06-07,2022-07-02,7
2022,TEX,millebr02,2022-04-08,2022-08-31,81
2022,CLE,milleow01,2022-04-07,2022-10-05,130
2022,SFN,millesh01,2022-09-23,2022-10-03,4
2022,TEX,millety01,2022-06-10,2022-10-02,4
2022,SEA,millswy01,2022-04-29,2022-05-19,8
2022,KCA,millswy01,2022-07-02,2022-09-03,19
2022,MIL,milneho01,2022-04-09,2022-10-05,67
2022,SEA,milonto01,2022-06-18,2022-07-29,7
2022,MIN,minayju01,2022-05-28,2022-07-03,6
2022,CIN,minormi01,2022-06-03,2022-09-17,19
2022,ATL,minteaj01,2022-04-08,2022-10-04,75
2022,MIN,miranjo01,2022-05-02,2022-10-05,125
2022,SEA,misiean01,2022-04-09,2022-06-01,17
2022,KCA,misiean01,2022-08-26,2022-10-04,15
2022,PIT,mitchca01,2022-05-24,2022-10-05,69
2022,MIL,mitchga01,2022-08-27,2022-10-05,28
2022,DET,mizeca01,2022-04-09,2022-04-14,2
2022,SLN,molinya01,2022-04-07,2022-10-05,80
2022,OAK,mollsa01,2022-04-10,2022-09-15,53
2022,CHA,moncayo01,2022-05-09,2022-10-05,104
2022,OAK,mondona01,2022-10-04,2022-10-04,1
2022,KCA,mondera02,2022-04-07,2022-04-26,15
2022,PHI,moniami01,2022-05-30,2022-07-15,18
2022,ANA,moniami01,2022-08-03,2022-09-28,19
2022,NYN,montebr01,2022-09-03,2022-09-10,3
2022,COL,monteel01,2022-05-01,2022-10-05,53
2022,OAK,montafr01,2022-04-08,2022-07-26,19
2022,NYA,montafr01,2022-08-07,2022-09-16,8
2022,NYA,montgjo01,2022-04-10,2022-07-31,21
2022,SLN,montgjo01,2022-08-06,2022-10-01,11
2022,HOU,montera01,2022-04-08,2022-10-05,71
2022,SEA,mooredy01,2022-04-10,2022-10-04,104
2022,TEX,moorema02,2022-04-16,2022-10-05,63
2022,ANA,moranbr01,2022-04-14,2022-04-14,1
2022,CIN,moranco01,2022-04-10,2022-09-04,42
2022,PHI,moralfr02,2022-05-09,2022-08-02,3
2022,MIN,moranjo01,2022-05-04,2022-10-04,31
2022,SDN,morejad01,2022-06-07,2022-10-03,26
2022,CHN,morelch01,2022-05-17,2022-10-05,113
2022,CIN,moretda01,2022-04-07,2022-09-22,35
2022,TOR,morenga01,2022-06-11,2022-10-05,25
2022,CLE,morgael01,2022-04-10,2022-10-05,50
2022,LAN,moronre01,2022-04-24,2022-08-18,22
2022,ARI,moronre01,2022-08-26,2022-10-03,17
2022,CLE,morrico01,2022-09-02,2022-10-03,7
2022,ATL,mortoch02,2022-04-08,2022-10-02,31
2022,CIN,motteta01,2022-05-20,2022-05-22,2
2022,BAL,mountry01,2022-04-08,2022-10-05,145
2022,CIN,moustmi01,2022-04-07,2022-08-23,78
2022,BAL,mullice01,2022-04-08,2022-10-05,156
2022,ATL,mulleky01,2022-05-01,2022-09-27,3
2022,LAN,muncyma01,2022-04-08,2022-10-05,136
2022,SEA,munozan01,2022-04-09,2022-10-04,64
2022,PHI,munozya01,2022-06-14,2022-09-25,29
2022,SEA,murfepe01,2022-04-29,2022-10-04,64
2022,WAS,murphpa02,2022-04-07,2022-04-22,6
2022,OAK,murphse01,2022-04-08,2022-10-05,148
2022,SEA,murphto04,2022-04-09,2022-05-06,14
2022,SDN,musgrjo01,2022-04-09,2022-10-03,30
2022,HOU,mushipa01,2022-04-17,2022-07-23,7
2022,PHI,muzzisi01,2022-04-11,2022-04-20,9
2022,SDN,myerswi01,2022-04-07,2022-10-05,77
2022,SLN,naileja01,2022-06-27,2022-09-08,7
2022,MIA,nanceto01,2022-05-09,2022-10-04,35
2022,CIN,naquity01,2022-04-08,2022-07-28,56
2022,NYN,naquity01,2022-07-30,2022-10-05,49
2022,MIA,nardian01,2022-08-16,2022-10-05,13
2022,MIL,narvaom01,2022-04-07,2022-10-04,84
2022,SLN,naughpa01,2022-04-26,2022-09-20,26
2022,CLE,naylobo01,2022-10-01,2022-10-05,5
2022,CLE,naylojo01,2022-04-15,2022-10-05,122
2022,MIA,neideni01,2022-07-30,2022-07-30,1
2022,ARI,nelsoky01,2022-04-10,2022-09-12,43
2022,PHI,nelsoni01,2022-04-11,2022-10-05,47
2022,ARI,nelsory01,2022-09-05,2022-09-18,3
2022,HOU,nerishe01,2022-04-07,2022-10-04,70
2022,OAK,neusesh01,2022-04-09,2022-09-21,89
2022,BAL,nevinty01,2022-04-29,2022-10-05,58
2022,ATL,newcose01,2022-04-10,2022-04-18,3
2022,CHN,newcose01,2022-04-23,2022-09-10,17
2022,PIT,newmake01,2022-04-07,2022-10-05,78
2022,NYN,nidoto01,2022-04-08,2022-10-04,98
2022,NYN,nimmobr01,2022-04-08,2022-10-04,151
2022,PHI,nittovi01,2022-09-04,2022-09-08,2
2022,NYN,nogosst01,2022-05-11,2022-10-04,12
2022,PHI,nolaaa01,2022-04-08,2022-10-03,32
2022,SDN,nolaau01,2022-04-07,2022-10-04,110
2022,SLN,nootbla01,2022-04-15,2022-10-05,108
2022,CHN,norrida01,2022-04-07,2022-07-16,27
2022,DET,norrida01,2022-08-12,2022-10-04,14
2022,PHI,norwoja01,2022-04-14,2022-06-12,20
2022,COL,nunezdo01,2022-04-09,2022-08-18,14
2022,MIN,oberba01,2022-04-10,2022-10-03,11
2022,SEA,obrieri01,2022-05-07,2022-05-07,1
2022,ATL,odayda01,2022-04-09,2022-07-11,28
2022,HOU,odorija01,2022-04-08,2022-07-31,12
2022,ATL,odorija01,2022-08-06,2022-10-04,10
2022,BAL,odorro01,2022-04-08,2022-10-05,135
2022,TBA,ogandcr01,2022-07-03,2022-09-25,3
2022,KCA,ohearry01,2022-04-09,2022-10-04,67
2022,ANA,ohopplo01,2022-09-28,2022-10-05,5
2022,ANA,ohtansh01,2022-04-07,2022-10-05,185
2022,SEA,okeefbr01,2022-10-01,2022-10-02,2
2022,MIA,okertst01,2022-04-09,2022-09-21,60
2022,CIN,okeych01,2022-06-10,2022-06-25,7
2022,KCA,olivaed02,2022-04-09,2022-10-05,53
2022,OAK,ollerad01,2022-04-12,2022-10-01,19
2022,ATL,olsonma02,2022-04-07,2022-10-05,162
2022,SLN,oneilty01,2022-04-07,2022-09-16,96
2022,BOS,ortka01,2022-07-10,2022-10-02,25
2022,ANA,ortegol01,2022-04-08,2022-08-06,27
2022,CHN,ortegra01,2022-04-07,2022-09-13,118
2022,SFN,ortizlu02,2022-09-07,2022-10-05,6
2022,PIT,ortizlu03,2022-09-13,2022-10-01,4
2022,NYN,ottavad01,2022-04-07,2022-10-04,66
2022,TEX,ottogl01,2022-04-22,2022-10-05,27
2022,LAN,outmaja01,2022-07-31,2022-08-04,4
2022,CIN,overtco01,2022-04-30,2022-09-30,6
2022,SLN,oviedjo01,2022-06-04,2022-07-30,14
2022,PIT,oviedjo01,2022-09-02,2022-10-05,7
2022,BAL,owingch01,2022-04-08,2022-06-02,27
2022,ATL,ozunama01,2022-04-07,2022-10-05,124
2022,OAK,pachecr01,2022-04-08,2022-10-05,91
2022,MIN,paddach01,2022-04-13,2022-05-08,5
2022,CHN,padilni01,2022-08-23,2022-08-23,1
2022,SFN,padloke01,2022-05-03,2022-05-24,4
2022,SEA,padloke01,2022-06-22,2022-06-28,6
2022,PIT,padloke01,2022-08-16,2022-08-21,3
2022,MIN,paganem01,2022-04-10,2022-10-04,59
2022,WAS,palacjo01,2022-08-02,2022-10-05,29
2022,MIN,palacje01,2022-05-31,2022-10-05,30
2022,CLE,palacri01,2022-04-25,2022-09-20,54
2022,SLN,pallaan01,2022-04-10,2022-10-04,47
2022,SFN,papiemi01,2022-05-21,2022-05-27,5
2022,CIN,papiemi01,2022-06-29,2022-08-21,34
2022,HOU,pareden01,2022-06-28,2022-07-02,3
2022,TBA,paredis01,2022-05-01,2022-10-05,111
2022,PIT,parkho01,2022-04-07,2022-09-07,23
2022,KCA,pasquvi01,2022-06-28,2022-10-05,72
2022,TBA,patinlu01,2022-04-11,2022-09-11,6
2022,TEX,pattosp01,2022-04-09,2022-04-21,7
2022,KCA,payamjo01,2022-04-11,2022-08-17,29
2022,OAK,payamjo01,2022-08-23,2022-09-20,12
2022,CHA,paytoma01,2022-09-03,2022-10-05,8
2022,ARI,peacoma01,2022-04-17,2022-04-19,2
2022,KCA,peacoma01,2022-05-20,2022-06-28,7
2022,SFN,pederjo01,2022-04-08,2022-10-04,134
2022,ANA,pegueel01,2022-05-03,2022-07-29,13
2022,PIT,pegueli01,2022-06-18,2022-06-18,1
2022,HOU,penaje02,2022-04-07,2022-10-04,136
2022,LAN,pepiory01,2022-05-11,2022-09-20,9
2022,ARI,peralda01,2022-04-07,2022-07-29,87
2022,TBA,peralda01,2022-07-31,2022-10-05,47
2022,MIL,peralfr01,2022-04-10,2022-10-02,18
2022,NYA,perazos02,2022-09-02,2022-10-05,18
2022,DET,peralwi01,2022-04-19,2022-08-15,28
2022,NYA,peralwa01,2022-04-08,2022-09-18,56
2022,ARI,perdoge01,2022-04-07,2022-10-05,148
2022,MIL,perdolu02,2022-05-07,2022-09-23,14
2022,BAL,perezci01,2022-04-08,2022-10-05,66
2022,CHA,perezca03,2022-08-26,2022-10-05,7
2022,WAS,perezfr01,2022-04-20,2022-06-26,10
2022,HOU,perezjo01,2022-04-08,2022-04-08,1
2022,TEX,perezma02,2022-04-12,2022-10-03,32
2022,PIT,perezmi03,2022-05-08,2022-07-14,39
2022,NYN,perezmi03,2022-08-15,2022-08-21,6
2022,ARI,perezol01,2022-04-07,2022-04-24,7
2022,PIT,perezro02,2022-04-07,2022-05-07,21
2022,KCA,perezsa02,2022-04-07,2022-10-01,114
2022,PIT,peterdi01,2022-04-13,2022-08-03,22
2022,NYN,peterda01,2022-04-11,2022-10-04,28
2022,MIL,peterja01,2022-04-07,2022-10-05,113
2022,CIN,phamth01,2022-04-07,2022-07-31,91
2022,BOS,phamth01,2022-08-02,2022-10-04,53
2022,TOR,phelpda01,2022-04-10,2022-10-05,65
2022,TBA,phillbr02,2022-04-08,2022-07-30,75
2022,BAL,phillbr02,2022-08-03,2022-08-15,8
2022,LAN,phillev01,2022-04-10,2022-10-03,64
2022,CLE,pilkiko01,2022-04-15,2022-09-17,15
2022,LAN,pillake01,2022-05-29,2022-06-01,4
2022,ATL,pinama01,2022-04-11,2022-04-24,5
2022,OAK,pindech01,2022-04-08,2022-10-05,111
2022,WAS,pinedis01,2022-09-11,2022-10-05,4
2022,DET,pinedmi01,2022-04-21,2022-09-03,11
2022,TBA,pintore02,2022-04-26,2022-10-05,25
2022,OAK,piscost01,2022-04-08,2022-08-14,42
2022,BOS,pivetni01,2022-04-09,2022-10-05,33
2022,PHI,plassmi01,2022-08-23,2022-10-05,2
2022,BOS,plaweke01,2022-04-08,2022-09-16,61
2022,TEX,plaweke01,2022-09-23,2022-10-04,3
2022,CLE,plesaza01,2022-04-09,2022-10-04,25
2022,NYN,plummni01,2022-04-15,2022-06-19,14
2022,TBA,pocheco01,2022-04-22,2022-10-04,65
2022,MIN,polanjo01,2022-04-08,2022-08-27,104
2022,CHA,polloaj01,2022-04-08,2022-10-04,138
2022,MIA,popza01,2022-05-01,2022-07-31,18
2022,TOR,popza01,2022-08-05,2022-10-02,18
2022,ARI,poppese01,2022-04-07,2022-10-05,29
2022,MIA,poteeco01,2022-04-11,2022-07-16,12
2022,KCA,prattni01,2022-07-14,2022-09-15,49
2022,HOU,pressry01,2022-04-07,2022-10-05,50
2022,LAN,priceda01,2022-04-12,2022-09-30,40
2022,SFN,proctfo01,2022-09-24,2022-10-05,7
2022,SDN,profaju01,2022-04-07,2022-10-05,152
2022,OAK,pruitau01,2022-05-28,2022-10-04,39
2022,SLN,pujolal01,2022-04-07,2022-10-04,109
2022,OAK,pukaj01,2022-04-09,2022-10-04,62
2022,CLE,quantca01,2022-04-10,2022-10-04,32
2022,ANA,quijajo01,2022-04-07,2022-10-03,42
2022,PIT,quintjo01,2022-04-12,2022-07-29,20
2022,SLN,quintjo01,2022-08-04,2022-10-03,12
2022,PHI,quinnro01,2022-04-26,2022-05-31,23
2022,TBA,quinnro01,2022-07-22,2022-08-19,21
2022,CHN,quiroes01,2022-09-17,2022-10-05,14
2022,TEX,raganco01,2022-08-04,2022-10-01,9
2022,WAS,raineta01,2022-04-09,2022-07-10,29
2022,TBA,raleybr01,2022-04-08,2022-10-04,60
2022,SEA,raleica01,2022-04-08,2022-10-04,119
2022,TBA,raleylu01,2022-06-24,2022-08-14,22
2022,WAS,ramirer02,2022-04-21,2022-10-05,60
2022,TBA,ramirha02,2022-04-08,2022-10-05,120
2022,CLE,ramirjo01,2022-04-07,2022-10-05,157
2022,ARI,ramirno01,2022-04-07,2022-08-30,55
2022,SEA,ramiryo01,2022-04-10,2022-04-27,7
2022,CLE,ramiryo01,2022-06-24,2022-06-24,1
2022,PIT,ramiryo01,2022-08-04,2022-10-05,22
2022,SFN,ramoshe02,2022-04-10,2022-09-18,9
2022,TBA,rasmudr01,2022-04-09,2022-09-30,28
2022,SEA,rayro02,2022-04-08,2022-10-02,32
2022,PHI,realmjt01,2022-04-08,2022-10-05,139
2022,NYN,reedja02,2022-05-17,2022-07-07,5
2022,LAN,reedja02,2022-07-27,2022-08-31,5
2022,BAL,reedja02,2022-09-07,2022-09-27,8
2022,BOS,refsnro01,2022-04-23,2022-10-01,57
2022,NYN,reidfse01,2022-04-08,2022-04-30,7
2022,TEX,reksza01,2022-04-30,2022-06-18,16
2022,ANA,rendoan01,2022-04-07,2022-10-04,47
2022,MIL,renfrhu01,2022-04-07,2022-10-04,125
2022,ANA,rengilu01,2022-05-08,2022-10-05,127
2022,BAL,reyesde02,2022-05-13,2022-06-03,3
2022,CLE,reyesfr01,2022-04-07,2022-08-01,70
2022,CHN,reyesfr01,2022-08-09,2022-10-05,48
2022,ANA,reyesge01,2022-08-26,2022-08-28,2
2022,MIL,reyespa01,2022-06-03,2022-08-24,6
2022,DET,reyesvi01,2022-04-08,2022-10-04,92
2022,PIT,reynobr01,2022-04-07,2022-10-04,145
2022,NYN,reynoma03,2022-04-16,2022-04-16,1
2022,CIN,reynoma03,2022-04-27,2022-10-05,92
2022,TEX,richaga01,2022-04-14,2022-08-16,32
2022,TOR,richatr01,2022-04-09,2022-10-05,62
2022,CIN,riddljt01,2022-04-19,2022-04-24,2
2022,ATL,rileyau01,2022-04-07,2022-10-04,159
2022,LAN,riosed01,2022-04-09,2022-06-02,27
2022,CHN,rivasal01,2022-04-10,2022-10-05,101
2022,KCA,riverem01,2022-04-29,2022-07-27,63
2022,ARI,riverem01,2022-08-03,2022-09-30,39
2022,KCA,riverse01,2022-05-12,2022-10-05,17
2022,NYA,rizzoan01,2022-04-08,2022-10-05,130
2022,CHN,roberda08,2022-04-07,2022-07-29,36
2022,PHI,roberda08,2022-08-03,2022-10-04,22
2022,CHN,roberet01,2022-04-09,2022-04-29,9
2022,SLN,roberkr01,2022-05-10,2022-05-11,2
2022,CHA,roberlu01,2022-04-08,2022-09-23,98
2022,CIN,robinch03,2022-08-24,2022-10-04,25
2022,BOS,robleha01,2022-04-08,2022-07-05,26
2022,WAS,roblevi01,2022-04-07,2022-10-04,132
2022,COL,rodgebr02,2022-04-08,2022-10-05,137
2022,SFN,rodonca01,2022-04-09,2022-09-29,31
2022,MIN,rodride01,2022-04-13,2022-09-17,2
2022,DET,rodried05,2022-04-08,2022-10-04,17
2022,DET,rodriel02,2022-04-10,2022-10-04,7
2022,NYN,rodrijo04,2022-04-09,2022-10-05,55
2022,SEA,rodriju01,2022-04-08,2022-10-05,132
2022,CHN,rodrima01,2022-08-26,2022-10-03,14
2022,TEX,rodriye01,2022-10-05,2022-10-05,1
2022,WAS,rogerjo01,2022-04-11,2022-06-02,16
2022,SDN,rogerta01,2022-04-08,2022-07-27,42
2022,MIL,rogerta01,2022-08-03,2022-10-03,24
2022,SFN,rogerty01,2022-04-08,2022-10-05,68
2022,MIA,rogertr01,2022-04-10,2022-09-17,23
2022,ARI,rojasjo01,2022-05-06,2022-10-05,125
2022,ANA,rojasjo02,2022-04-08,2022-08-25,22
2022,MIA,rojasmi02,2022-04-08,2022-10-03,140
2022,TOR,romanjo03,2022-04-08,2022-10-05,63
2022,PHI,romerjo01,2022-07-16,2022-07-22,2
2022,SLN,romerjo01,2022-08-20,2022-10-04,15
2022,MIN,romerjh01,2022-04-10,2022-04-19,4
2022,TBA,romerto01,2022-04-12,2022-07-14,3
2022,WAS,romerto01,2022-10-01,2022-10-01,1
2022,ANA,rominau01,2022-05-11,2022-05-16,3
2022,SLN,rominau01,2022-07-04,2022-07-31,11
2022,CIN,rominau01,2022-08-06,2022-10-05,37
2022,SEA,romose01,2022-04-09,2022-06-18,17
2022,TOR,romose01,2022-07-01,2022-07-14,6
2022,SLN,rondoan01,2022-05-22,2022-05-22,1
2022,SDN,rookebr01,2022-07-09,2022-07-10,2
2022,KCA,rookebr01,2022-08-13,2022-09-03,14
2022,CLE,rosaram01,2022-04-07,2022-10-05,153
2022,ATL,rosared01,2022-04-07,2022-10-05,80
2022,SDN,rosareg01,2022-08-26,2022-09-11,7
2022,ANA,rosenke01,2022-04-18,2022-06-19,3
2022,PHI,rossmbu01,2022-07-13,2022-07-13,1
2022,CHN,ruckemi01,2022-04-13,2022-10-05,41
2022,SFN,rufda01,2022-04-08,2022-08-01,90
2022,NYN,rufda01,2022-08-05,2022-09-25,29
2022,SDN,ruizes01,2022-07-12,2022-07-31,14
2022,MIL,ruizes01,2022-09-01,2022-09-04,3
2022,CHA,ruizjo01,2022-04-09,2022-10-05,63
2022,WAS,ruizke01,2022-04-07,2022-09-08,112
2022,OAK,ruizno01,2022-08-19,2022-10-05,14
2022,BAL,rutscad01,2022-05-21,2022-10-05,113
2022,MIN,ryanjo04,2022-04-08,2022-09-30,27
2022,TOR,ryuhy01,2022-04-10,2022-06-01,6
2022,MIL,sadzeco01,2022-07-17,2022-07-23,2
2022,BOS,salech01,2022-07-12,2022-07-17,2
2022,CHN,sampsad01,2022-05-08,2022-10-05,21
2022,WAS,sanchan01,2022-07-14,2022-10-01,14
2022,WAS,sanchaa01,2022-04-23,2022-05-28,7
2022,MIN,sanchaa01,2022-08-01,2022-10-04,8
2022,BOS,sanchca01,2022-06-29,2022-08-05,14
2022,NYN,sanchca01,2022-08-20,2022-08-25,3
2022,PHI,sanchcr01,2022-04-12,2022-10-01,15
2022,MIN,sanchga02,2022-04-08,2022-10-05,128
2022,MIA,sanchje02,2022-04-08,2022-10-05,98
2022,MIL,sanchmi01,2022-05-23,2022-06-21,12
2022,MIN,sandsco01,2022-05-01,2022-10-05,11
2022,PHI,sandsdo01,2022-09-02,2022-09-23,3
2022,CLE,sandlni01,2022-04-09,2022-10-02,46
2022,ANA,sandopa02,2022-04-12,2022-10-03,27
2022,TBA,sandeph01,2022-04-14,2022-07-10,8
2022,CIN,sanmare01,2022-04-08,2022-10-05,45
2022,MIN,sanomi01,2022-04-08,2022-07-29,20
2022,BAL,santaan02,2022-04-08,2022-10-05,152
2022,KCA,santaca01,2022-04-07,2022-06-26,52
2022,SEA,santaca01,2022-06-28,2022-10-05,79
2022,TEX,santade01,2022-04-08,2022-10-05,63
2022,SFN,santogr01,2022-05-05,2022-07-25,2
2022,CIN,santito01,2022-04-07,2022-06-13,21
2022,TOR,sauceta01,2022-04-08,2022-04-29,4
2022,BOS,sawamhi01,2022-04-09,2022-08-28,49
2022,TEX,sborzjo01,2022-04-08,2022-08-27,19
2022,NYN,scherma01,2022-04-08,2022-10-01,23
2022,NYA,schmicl01,2022-04-10,2022-10-04,29
2022,DET,schoojo01,2022-04-08,2022-10-05,131
2022,BOS,schrejo01,2022-04-27,2022-10-05,64
2022,CIN,schroma01,2022-06-17,2022-07-16,13
2022,CHN,schwifr01,2022-04-07,2022-08-07,75
2022,PHI,schwaky01,2022-04-08,2022-10-05,155
2022,MIA,scottta01,2022-04-08,2022-10-05,67
2022,SDN,scottta02,2022-07-04,2022-08-12,8
2022,BOS,seaboco01,2022-06-27,2022-09-26,5
2022,TEX,seageco01,2022-04-08,2022-10-04,151
2022,NYA,searsjp01,2022-04-13,2022-07-21,7
2022,OAK,searsjp01,2022-08-10,2022-10-01,10
2022,BAL,sedloco01,2022-05-29,2022-05-29,1
2022,PHI,segurje01,2022-04-08,2022-10-05,98
2022,OAK,selmasa01,2022-04-22,2022-10-02,16
2022,TEX,semiema01,2022-04-08,2022-10-05,161
2022,COL,senzaan01,2022-04-10,2022-08-18,19
2022,CIN,senzeni01,2022-04-07,2022-09-20,110
2022,COL,servebr01,2022-05-18,2022-10-05,62
2022,CHA,severan01,2022-04-14,2022-04-29,6
2022,NYA,severlu01,2022-04-09,2022-10-03,19
2022,MIL,severpe01,2022-07-04,2022-08-02,8
2022,SEA,sewalpa01,2022-04-08,2022-10-05,65
2022,CLE,shawbr01,2022-04-07,2022-09-29,60
2022,BOS,shawtr01,2022-04-11,2022-04-28,7
2022,CHA,sheetga01,2022-04-09,2022-10-05,124
2022,SEA,sheffju01,2022-04-10,2022-10-04,6
2022,COL,sheffjo01,2022-07-31,2022-08-01,2
2022,DET,shortza01,2022-07-21,2022-08-30,6
2022,NYN,shrevch01,2022-04-10,2022-07-02,25
2022,CIN,sianimi01,2022-09-22,2022-10-05,9
2022,ANA,sierrma01,2022-07-24,2022-09-22,45
2022,ANA,silsech01,2022-05-13,2022-07-30,7
2022,CHN,simmoan01,2022-05-15,2022-07-10,35
2022,CIN,simslu01,2022-04-23,2022-05-10,6
2022,KCA,singebr01,2022-04-10,2022-09-30,27
2022,HOU,sirijo01,2022-04-08,2022-07-15,48
2022,TBA,sirijo01,2022-08-02,2022-10-05,56
2022,DET,skubata01,2022-04-10,2022-08-01,21
2022,SFN,slateau01,2022-04-08,2022-10-05,125
2022,MIL,smallet01,2022-05-30,2022-07-26,2
2022,MIN,smeltde01,2022-05-14,2022-08-28,15
2022,ARI,smithca03,2022-04-10,2022-10-05,44
2022,COL,smithch10,2022-05-29,2022-10-05,15
2022,PIT,smithca04,2022-06-14,2022-06-15,3
2022,NYN,smithdo02,2022-04-07,2022-07-16,58
2022,NYN,smithdr01,2022-04-08,2022-10-04,44
2022,MIN,smithjo05,2022-04-09,2022-08-02,34
2022,TEX,smithjo09,2022-05-30,2022-10-05,73
2022,OAK,smithke05,2022-04-08,2022-06-10,47
2022,ARI,smithpa04,2022-04-07,2022-10-05,75
2022,ATL,smithwi04,2022-04-08,2022-07-26,41
2022,HOU,smithwi04,2022-08-03,2022-10-04,24
2022,LAN,smithwi05,2022-04-08,2022-10-05,137
2022,CHN,smylydr01,2022-04-12,2022-10-01,22
2022,OAK,sneadki01,2022-04-08,2022-10-05,46
2022,SDN,snellbl01,2022-04-10,2022-10-02,25
2022,KCA,snideco01,2022-04-09,2022-10-04,42
2022,TEX,snydeni01,2022-04-15,2022-04-17,2
2022,CIN,solando01,2022-06-22,2022-10-05,80
2022,TEX,solakni01,2022-04-10,2022-09-14,35
2022,MIA,solerjo01,2022-04-08,2022-07-22,72
2022,CIN,solomja01,2022-05-07,2022-07-07,9
2022,SLN,sosaed01,2022-04-15,2022-07-24,53
2022,PHI,sosaed01,2022-08-02,2022-09-15,25
2022,CHA,sosale01,2022-06-23,2022-08-18,11
2022,DET,sotogr01,2022-04-08,2022-10-05,64
2022,WAS,sotoju01,2022-04-07,2022-08-01,101
2022,SDN,sotoju01,2022-08-03,2022-10-05,52
2022,ANA,sotoli01,2022-09-17,2022-10-05,18
2022,CHA,sousabe01,2022-04-08,2022-06-13,25
2022,SEA,souzast01,2022-05-13,2022-05-19,6
2022,SLN,spangco01,2022-07-26,2022-07-26,1
2022,KCA,speiega01,2022-04-10,2022-06-21,17
2022,TOR,springe01,2022-04-08,2022-10-03,133
2022,TBA,sprinje01,2022-04-08,2022-10-04,33
2022,MIA,stallja01,2022-04-08,2022-10-04,114
2022,SDN,stammcr01,2022-04-07,2022-10-05,33
2022,NYA,stantmi03,2022-04-08,2022-10-04,110
2022,HOU,stanery01,2022-04-09,2022-10-05,59
2022,MIN,stashco01,2022-04-17,2022-05-21,11
2022,ANA,stassma01,2022-04-07,2022-10-05,102
2022,KCA,staumjo01,2022-04-07,2022-08-23,42
2022,SEA,steckdr01,2022-04-08,2022-05-24,16
2022,CHN,steelju01,2022-04-09,2022-08-26,24
2022,CIN,steersp01,2022-09-02,2022-10-05,28
2022,ANA,stefami01,2022-07-03,2022-10-01,25
2022,ATL,stephja01,2022-04-12,2022-10-05,39
2022,COL,stephro01,2022-04-20,2022-08-24,45
2022,PIT,stephro01,2022-08-31,2022-10-04,13
2022,CIN,stephty01,2022-04-07,2022-07-22,50
2022,CLE,stephtr01,2022-04-09,2022-10-05,66
2022,OAK,steveca01,2022-08-10,2022-09-04,23
2022,BAL,stewadj01,2022-04-08,2022-04-10,3
2022,CHN,stjohlo01,2022-04-30,2022-04-30,1
2022,BOS,storytr01,2022-04-08,2022-09-11,94
2022,PHI,stottbr01,2022-04-08,2022-10-05,127
2022,CHN,stouter01,2022-06-14,2022-06-15,2
2022,PIT,stouter01,2022-07-07,2022-09-21,18
2022,BAL,stoweky01,2022-06-13,2022-10-05,34
2022,PIT,stratch01,2022-04-07,2022-07-28,40
2022,SLN,stratch01,2022-08-02,2022-10-04,20
2022,BOS,strahma01,2022-04-08,2022-10-05,50
2022,CLE,strawmy01,2022-04-07,2022-10-05,152
2022,WAS,strasst01,2022-06-09,2022-06-09,1
2022,CIN,strichu01,2022-04-09,2022-10-05,66
2022,TOR,stripro01,2022-04-08,2022-10-01,32
2022,ATL,stridsp01,2022-04-07,2022-09-18,31
2022,CHN,stromma01,2022-04-10,2022-10-02,25
2022,MIL,strzepe01,2022-06-02,2022-10-04,30
2022,PHI,stubbga01,2022-04-10,2022-10-05,50
2022,SEA,suareeu01,2022-04-08,2022-10-04,150
2022,ANA,suarejo01,2022-04-10,2022-10-01,22
2022,PHI,suarera01,2022-04-11,2022-10-04,29
2022,SDN,suarero01,2022-04-07,2022-10-04,45
2022,PIT,sulsebe01,2022-04-26,2022-05-10,4
2022,BAL,sulsebe01,2022-05-27,2022-10-05,6
2022,MIA,sulseco01,2022-04-08,2022-09-17,39
2022,MIL,suterbr01,2022-04-10,2022-10-03,54
2022,PIT,suwinja01,2022-04-26,2022-10-05,106
2022,ANA,suzukku01,2022-04-08,2022-10-04,51
2022,CHN,suzukse01,2022-04-07,2022-10-05,111
2022,PIT,swaggtr01,2022-06-07,2022-06-12,5
2022,ATL,swansda01,2022-04-07,2022-10-05,162
2022,SEA,swanser01,2022-04-10,2022-10-05,57
2022,CHN,swarmma01,2022-05-30,2022-07-12,11
2022,ANA,syndeno01,2022-04-09,2022-07-25,15
2022,PHI,syndeno01,2022-08-04,2022-10-01,10
2022,NYN,szaputh01,2022-05-25,2022-05-25,1
2022,SFN,szaputh01,2022-08-12,2022-10-02,10
2022,NYA,taillja01,2022-04-11,2022-10-04,32
2022,OAK,tapiado01,2022-05-30,2022-09-10,11
2022,TOR,tapiara01,2022-04-09,2022-10-05,128
2022,ATL,tarnofr01,2022-08-17,2022-08-17,1
2022,BAL,tatedi01,2022-04-08,2022-10-05,67
2022,TEX,taverle01,2022-06-13,2022-10-05,99
2022,HOU,taylobl01,2022-04-08,2022-06-03,19
2022,LAN,tayloch03,2022-04-08,2022-09-30,118
2022,KCA,taylomi02,2022-04-07,2022-10-03,124
2022,MIL,tayloty01,2022-04-07,2022-10-05,120
2022,MIL,tellero01,2022-04-07,2022-10-05,153
2022,ANA,teperry01,2022-04-07,2022-10-04,59
2022,WAS,tetreja01,2022-06-14,2022-07-02,4
2022,ANA,thaisma01,2022-06-28,2022-10-03,29
2022,MIN,thielca01,2022-04-09,2022-10-03,67
2022,ARI,thomaal01,2022-05-08,2022-09-25,113
2022,TEX,thompbu01,2022-08-04,2022-10-05,55
2022,OAK,thomaco01,2022-09-01,2022-09-15,10
2022,ANA,thomadi01,2022-06-09,2022-08-02,8
2022,CHN,thompke02,2022-04-09,2022-10-04,29
2022,WAS,thomala02,2022-04-07,2022-10-05,146
2022,WAS,thompma02,2022-04-07,2022-10-05,24
2022,TBA,thompry02,2022-04-11,2022-08-25,47
2022,SDN,thomptr01,2022-04-29,2022-05-08,6
2022,LAN,thomptr01,2022-06-21,2022-10-04,74
2022,PIT,thompza01,2022-04-13,2022-10-01,29
2022,SLN,thompza02,2022-06-03,2022-10-04,22
2022,ATL,thornty01,2022-04-07,2022-05-22,9
2022,MIN,thornty01,2022-06-12,2022-06-30,5
2022,TOR,thorntr01,2022-04-08,2022-10-05,32
2022,TEX,tinocje01,2022-06-10,2022-10-04,17
2022,COL,toglimi01,2022-08-30,2022-10-05,31
2022,SFN,tomka01,2022-04-29,2022-04-29,1
2022,MIL,topaju01,2022-09-09,2022-10-02,7
2022,DET,torkesp01,2022-04-08,2022-10-05,110
2022,SEA,toroab01,2022-04-09,2022-10-05,109
2022,NYA,torregl01,2022-04-08,2022-10-01,140
2022,SEA,torrelu01,2022-04-10,2022-10-05,57
2022,ANA,toussto01,2022-07-30,2022-09-04,8
2022,COL,tovarez01,2022-09-23,2022-10-05,9
2022,SEA,trammta01,2022-05-22,2022-10-05,43
2022,LAN,treinbl01,2022-04-08,2022-09-05,5
2022,COL,trejoal01,2022-04-15,2022-10-03,35
2022,NYA,trevijo01,2022-04-08,2022-10-05,115
2022,OAK,trivilo01,2022-04-10,2022-07-29,39
2022,NYA,trivilo01,2022-08-02,2022-10-05,25
2022,ATL,trompch01,2022-08-13,2022-08-13,1
2022,ANA,troutmi01,2022-04-07,2022-10-05,119
2022,PIT,tsutsyo01,2022-04-07,2022-07-31,50
2022,PIT,tuckeco01,2022-04-07,2022-05-10,18
2022,HOU,tuckeky01,2022-04-07,2022-10-05,150
2022,CLE,tullyta01,2022-04-22,2022-07-16,3
2022,LAN,turneju01,2022-04-08,2022-10-05,128
2022,LAN,turnetr01,2022-04-08,2022-10-05,160
2022,SDN,tylerky01,2022-06-14,2022-06-15,2
2022,ARI,ucetaed01,2022-04-22,2022-08-20,10
2022,CHN,uelmeer01,2022-07-22,2022-10-03,25
2022,PIT,underdu01,2022-04-07,2022-10-04,51
2022,SEA,uptonju01,2022-06-17,2022-07-15,17
2022,MIL,urenajo01,2022-04-09,2022-04-26,4
2022,COL,urenajo01,2022-07-06,2022-10-03,17
2022,LAN,uriasju01,2022-04-10,2022-10-04,31
2022,MIL,uriaslu01,2022-05-03,2022-10-05,119
2022,BAL,uriasra01,2022-04-08,2022-09-27,118
2022,HOU,urquijo01,2022-04-10,2022-10-03,29
2022,MIN,urshegi01,2022-04-08,2022-10-05,144
2022,ANA,valdece01,2022-05-17,2022-05-17,1
2022,HOU,valdefr01,2022-04-07,2022-10-05,31
2022,BOS,valdeph01,2022-04-09,2022-07-13,13
2022,PIT,vanmejo01,2022-04-07,2022-09-04,67
2022,CHN,vargail01,2022-05-10,2022-05-21,10
2022,WAS,vargail01,2022-08-03,2022-10-05,53
2022,LAN,vargami01,2022-08-03,2022-10-05,18
2022,MIN,varlalo01,2022-09-07,2022-10-05,5
2022,ARI,varshda01,2022-04-07,2022-10-05,151
2022,TOR,vasquan02,2022-04-27,2022-06-08,9
2022,SFN,vasquan02,2022-10-05,2022-10-05,1
2022,CHA,vaughan01,2022-04-08,2022-10-05,134
2022,BAL,vavrate01,2022-07-29,2022-10-05,40
2022,BOS,vazquch01,2022-04-08,2022-07-31,84
2022,HOU,vazquch01,2022-08-02,2022-10-05,35
2022,ANA,velazan01,2022-04-12,2022-09-13,125
2022,CHN,velazne01,2022-05-30,2022-10-05,77
2022,CHA,velasvi01,2022-04-12,2022-10-05,27
2022,BOS,verdual01,2022-04-08,2022-10-05,152
2022,SLN,verhadr01,2022-04-14,2022-07-14,19
2022,HOU,verlaju01,2022-04-09,2022-10-04,28
2022,LAN,vesiaal01,2022-04-13,2022-10-03,63
2022,BAL,vespini01,2022-05-20,2022-10-05,25
2022,DET,vestwi01,2022-04-09,2022-10-04,59
2022,PIT,vieauca01,2022-06-17,2022-08-27,8
2022,NYN,vientma01,2022-09-11,2022-10-05,16
2022,PHI,vierlma01,2022-04-08,2022-10-05,117
2022,SFN,villada01,2022-07-04,2022-10-05,52
2022,CHN,villajo01,2022-04-10,2022-06-23,46
2022,ANA,villajo01,2022-07-03,2022-07-23,13
2022,TEX,vilorme01,2022-06-25,2022-09-03,26
2022,KCA,vizcaar01,2022-05-30,2022-06-13,7
2022,PIT,vogelda01,2022-04-07,2022-07-17,75
2022,NYN,vogelda01,2022-07-24,2022-10-05,55
2022,OAK,vogtst01,2022-04-08,2022-10-05,70
2022,SDN,voitlu01,2022-04-07,2022-08-01,82
2022,WAS,voitlu01,2022-08-04,2022-10-05,53
2022,SFN,vosleja01,2022-04-19,2022-10-05,36
2022,WAS,vothau01,2022-04-07,2022-05-30,19
2022,BAL,vothau01,2022-06-10,2022-10-01,22
2022,CIN,vottojo01,2022-04-07,2022-08-16,91
2022,BOS,wachami01,2022-04-11,2022-10-02,23
2022,SFN,wadela01,2022-05-06,2022-10-05,77
2022,ANA,wadety01,2022-04-07,2022-07-01,67
2022,SLN,wainwad01,2022-04-07,2022-10-02,32
2022,SFN,waiteco01,2022-09-13,2022-10-05,7
2022,OAK,waldike01,2022-09-01,2022-10-05,7
2022,ARI,walkech02,2022-04-07,2022-10-05,160
2022,TEX,walkest01,2022-06-05,2022-06-10,5
2022,NYN,walketa01,2022-04-11,2022-10-04,29
2022,ANA,wallach01,2022-05-09,2022-09-06,12
2022,MIN,wallnma01,2022-09-17,2022-10-05,18
2022,TBA,wallsta01,2022-04-09,2022-10-05,142
2022,ANA,walshja01,2022-04-07,2022-08-24,118
2022,SLN,walshja02,2022-05-11,2022-05-18,3
2022,SEA,waltodo01,2022-04-23,2022-04-23,1
2022,SFN,waltodo01,2022-05-14,2022-07-04,24
2022,ANA,waltena01,2022-10-05,2022-10-05,1
2022,ANA,wantzan01,2022-04-19,2022-10-04,42
2022,ANA,wardta01,2022-04-16,2022-10-05,135
2022,CIN,warrear01,2022-04-10,2022-09-06,39
2022,ANA,warreau01,2022-04-07,2022-07-25,14
2022,KCA,waterdr01,2022-08-22,2022-10-05,32
2022,BAL,watkisp01,2022-04-12,2022-10-05,23
2022,SDN,weathry01,2022-06-15,2022-06-15,1
2022,ARI,weavelu01,2022-04-07,2022-07-29,13
2022,KCA,weavelu01,2022-08-03,2022-10-05,14
2022,SFN,webblo01,2022-04-08,2022-09-27,32
2022,NYA,weberry01,2022-06-16,2022-09-09,5
2022,WAS,weemsjo01,2022-05-31,2022-10-04,32
2022,NYA,weissgr01,2022-08-25,2022-10-04,12
2022,ANA,weissza01,2022-09-02,2022-10-05,12
2022,BAL,wellsal01,2022-04-16,2022-04-26,2
2022,BAL,wellsty01,2022-04-10,2022-09-19,23
2022,ARI,wendejb01,2022-04-08,2022-07-02,29
2022,MIA,wendljo01,2022-04-08,2022-10-04,101
2022,DET,wentzjo01,2022-05-11,2022-10-02,7
2022,CHN,wesneha01,2022-09-06,2022-10-03,6
2022,PHI,wheelza01,2022-04-12,2022-10-02,26
2022,ANA,whiteaa01,2022-05-09,2022-05-14,5
2022,TEX,whiteel04,2022-04-09,2022-06-12,47
2022,BOS,whitlga01,2022-04-08,2022-09-16,31
2022,SLN,whitlko01,2022-04-09,2022-06-02,14
2022,LAN,whitemi03,2022-04-10,2022-07-26,15
2022,TOR,whitemi03,2022-08-06,2022-10-05,10
2022,CHN,wickro01,2022-04-07,2022-10-05,64
2022,ARI,widenta01,2022-04-24,2022-10-04,14
2022,OAK,wilesco01,2022-09-14,2022-09-29,4
2022,MIL,willide03,2022-04-10,2022-10-01,65
2022,SFN,willilu01,2022-04-10,2022-05-03,8
2022,MIA,willilu01,2022-06-01,2022-09-27,71
2022,NYN,willitr01,2022-04-10,2022-10-05,30
2022,PIT,wilsobr02,2022-04-10,2022-10-04,25
2022,CIN,wilsoju10,2022-04-07,2022-04-23,5
2022,SEA,wilsoma02,2022-06-29,2022-07-04,3
2022,SDN,wilsost02,2022-04-09,2022-10-05,50
2022,BOS,winckjo01,2022-05-28,2022-10-01,15
2022,MIN,windejo01,2022-04-12,2022-10-04,15
2022,SEA,winkeje01,2022-04-08,2022-10-02,136
2022,CHN,wisdopa01,2022-04-07,2022-10-05,134
2022,TBA,wislema01,2022-04-08,2022-09-04,39
2022,KCA,wittbo02,2022-04-07,2022-10-05,150
2022,SLN,wittgni01,2022-04-07,2022-06-26,29
2022,LAN,wolteto01,2022-08-13,2022-08-14,2
2022,BOS,wongco01,2022-04-19,2022-10-05,27
2022,MIL,wongko01,2022-04-07,2022-10-04,134
2022,SFN,woodal02,2022-04-11,2022-08-31,26
2022,MIL,woodrbr01,2022-04-09,2022-10-03,27
2022,SLN,woodfja01,2022-04-10,2022-10-05,27
2022,MIN,woodssi01,2022-10-02,2022-10-02,1
2022,ATL,woodswi01,2022-04-27,2022-05-01,2
2022,ATL,wrighky01,2022-04-09,2022-10-01,30
2022,SFN,wynnsau01,2022-06-09,2022-10-04,66
2022,MIA,yacabji01,2022-06-17,2022-07-11,9
2022,TBA,yacabji01,2022-08-06,2022-10-05,5
2022,PIT,yajurmi01,2022-04-10,2022-09-25,12
2022,TBA,yarbrry01,2022-05-03,2022-09-22,20
2022,SFN,yastrmi01,2022-04-08,2022-10-05,148
2022,ATL,yateski01,2022-08-10,2022-09-10,9
2022,MIL,yelicch01,2022-04-07,2022-10-05,154
2022,SLN,yepezju01,2022-05-04,2022-10-05,76
2022,ATL,ynoahu01,2022-04-11,2022-04-18,2
2022,CLE,youngal01,2022-07-04,2022-07-04,1
2022,SFN,youngal01,2022-08-02,2022-10-05,24
2022,SEA,youngda02,2022-05-09,2022-05-19,2
2022,ATL,youngda02,2022-08-15,2022-08-15,1
2022,CHN,youngja02,2022-09-16,2022-09-24,6
2022,MIA,zabalan01,2022-06-12,2022-08-01,2
2022,NYN,zastrro01,2022-08-20,2022-08-20,1
2022,ANA,zastrro01,2022-09-21,2022-10-05,5
2022,CHA,zavalse01,2022-06-12,2022-09-25,61
2022,KCA,zerpaan01,2022-07-11,2022-07-26,3
2022,CIN,zeuchtj01,2022-08-10,2022-08-24,3
2022,TOR,zimmebr01,2022-04-13,2022-10-05,100
2022,PHI,zimmebr01,2022-08-19,2022-08-26,9
2022,BAL,zimmebr02,2022-04-11,2022-09-05,15
2022,TBA,zuninmi01,2022-04-08,2022-06-09,36
2023,COL,abadfe01,2023-05-17,2023-07-18,6
2023,CIN,abbotan01,2023-06-05,2023-09-27,21
2023,WAS,abbotco01,2023-05-01,2023-10-01,22
2023,WAS,abramcj01,2023-03-30,2023-10-01,151
2023,NYA,abreual01,2023-04-01,2023-09-07,45
2023,HOU,abreubr01,2023-03-30,2023-09-30,72
2023,HOU,abreujo02,2023-03-30,2023-10-01,141
2023,BOS,abreuwi02,2023-08-22,2023-10-01,28
2023,OAK,acevedo01,2023-03-30,2023-05-03,9
2023,OAK,actonga01,2023-05-14,2023-05-28,6
2023,ATL,acunaro01,2023-03-30,2023-10-01,159
2023,ARI,adamsau02,2023-05-20,2023-08-01,24
2023,TBA,adamja01,2023-03-30,2023-09-22,56
2023,ANA,adamsjo03,2023-08-02,2023-09-16,17
2023,WAS,adamsri03,2023-04-04,2023-09-06,44
2023,MIL,adamewi01,2023-03-30,2023-10-01,149
2023,SEA,adcocty01,2023-06-12,2023-07-18,12
2023,ANA,adelljo01,2023-06-08,2023-10-01,17
2023,WAS,adonjo01,2023-07-07,2023-09-30,12
2023,ATL,adriaeh01,2023-04-09,2023-05-01,5
2023,OAK,aguilje01,2023-03-30,2023-05-27,36
2023,ARI,ahmedni01,2023-03-30,2023-09-05,72
2023,BAL,akinke01,2023-03-30,2023-06-28,24
2023,CHA,alberha01,2023-04-02,2023-05-31,30
2023,ATL,albieoz01,2023-03-30,2023-10-01,148
2023,MIN,alcaljo01,2023-04-01,2023-10-01,11
2023,MIA,alcansa01,2023-03-30,2023-09-03,28
2023,SFN,alexasc01,2023-04-02,2023-09-21,55
2023,DET,alexaty01,2023-04-01,2023-07-02,25
2023,COL,alfarjo01,2023-06-15,2023-06-29,10
2023,BOS,alfarjo01,2023-07-08,2023-07-31,8
2023,ATL,allarko01,2023-06-28,2023-07-16,4
2023,NYA,allengr01,2023-05-20,2023-08-20,22
2023,CLE,allenlo02,2023-04-23,2023-09-19,24
2023,OAK,allenni02,2023-03-30,2023-10-01,106
2023,NYN,almonab01,2023-08-08,2023-08-26,8
2023,LAN,almonye01,2023-03-30,2023-08-11,49
2023,NYN,alonspe01,2023-03-30,2023-10-01,154
2023,HOU,altuvjo01,2023-05-19,2023-10-01,90
2023,WAS,aluja01,2023-05-09,2023-10-01,51
2023,NYN,alvarfr01,2023-04-09,2023-10-01,123
2023,PHI,alvarjo03,2023-04-01,2023-09-30,42
2023,HOU,alvaryo01,2023-03-30,2023-10-01,114
2023,CHN,alzolad01,2023-04-02,2023-09-29,58
2023,MIA,amayaja01,2023-06-18,2023-06-25,4
2023,CHN,amayami01,2023-05-04,2023-10-01,53
2023,MIL,anderbr06,2023-03-30,2023-09-27,96
2023,TBA,anderch01,2023-05-03,2023-05-09,2
2023,COL,anderch01,2023-05-16,2023-09-26,17
2023,TEX,andergr01,2023-05-30,2023-08-25,26
2023,ATL,anderni01,2023-04-01,2023-07-07,35
2023,CHA,anderti01,2023-03-30,2023-09-30,123
2023,ANA,anderty01,2023-04-02,2023-09-16,27
2023,MIL,andrecl02,2023-07-01,2023-09-29,4
2023,CHA,andruel01,2023-03-30,2023-10-01,112
2023,PIT,andujmi01,2023-04-29,2023-10-01,30
2023,CIN,antonte01,2023-09-02,2023-09-13,5
2023,TBA,arandjo01,2023-07-08,2023-10-01,34
2023,NYN,arauzjo01,2023-08-02,2023-09-17,27
2023,ATL,arciaor01,2023-03-30,2023-10-01,139
2023,SLN,arenano01,2023-03-30,2023-09-21,144
2023,CLE,ariasga01,2023-03-31,2023-09-26,122
2023,TBA,armstsh01,2023-06-04,2023-09-30,39
2023,TBA,arozara01,2023-03-30,2023-09-30,151
2023,MIA,arraelu01,2023-03-30,2023-09-29,147
2023,BOS,arroych01,2023-03-30,2023-08-02,66
2023,CIN,ashcrgr01,2023-04-02,2023-09-01,26
2023,CHN,assadja01,2023-04-01,2023-09-30,32
2023,SDN,avilape01,2023-07-02,2023-10-01,14
2023,SDN,azocajo01,2023-03-31,2023-10-01,55
2023,ANA,bachmsa01,2023-05-26,2023-07-03,11
2023,DET,baddoak01,2023-04-08,2023-10-01,112
2023,NYA,baderha01,2023-05-02,2023-08-30,84
2023,CIN,baderha01,2023-09-01,2023-09-17,14
2023,PIT,baeji01,2023-03-30,2023-10-01,111
2023,DET,baezja01,2023-03-30,2023-10-01,136
2023,SFN,bailepa01,2023-05-19,2023-09-30,97
2023,BAL,bakerbr01,2023-03-30,2023-09-15,46
2023,SLN,bakerlu01,2023-06-04,2023-10-01,33
2023,MIN,balazjo02,2023-06-18,2023-08-19,18
2023,WAS,bandaan01,2023-04-01,2023-04-29,10
2023,CHA,banksta01,2023-04-15,2023-09-30,32
2023,HOU,bannory01,2023-04-28,2023-04-30,2
2023,COL,bardda01,2023-04-19,2023-09-26,50
2023,TEX,barlojo01,2023-05-17,2023-07-01,13
2023,KCA,barlosc01,2023-04-02,2023-07-29,38
2023,SDN,barlosc01,2023-08-02,2023-10-01,25
2023,LAN,barneau01,2023-04-01,2023-09-30,59
2023,SLN,barneja01,2023-08-22,2023-09-29,13
2023,MIA,barnema01,2023-04-01,2023-06-01,24
2023,CHN,barnhtu01,2023-04-01,2023-08-16,47
2023,ANA,barrija01,2023-04-04,2023-09-25,34
2023,BOS,barraky01,2023-08-11,2023-08-28,3
2023,SLN,barretr01,2023-05-06,2023-05-24,6
2023,SFN,bartjo01,2023-03-30,2023-09-11,30
2023,TBA,basabos01,2023-08-13,2023-10-01,31
2023,TOR,bassan01,2023-03-30,2023-06-05,22
2023,TOR,bassich01,2023-04-02,2023-09-28,33
2023,SDN,battema01,2023-07-08,2023-10-01,43
2023,CLE,battepe01,2023-04-12,2023-05-17,7
2023,NYN,batybr01,2023-04-17,2023-10-01,108
2023,NYA,bauerja01,2023-04-29,2023-09-30,84
2023,BAL,baumami01,2023-04-01,2023-09-21,60
2023,BAL,bautife01,2023-03-30,2023-08-25,56
2023,BAL,bazared01,2023-07-06,2023-07-16,3
2023,SEA,bazared01,2023-08-19,2023-09-30,9
2023,SFN,beatyma01,2023-03-30,2023-04-17,4
2023,KCA,beatyma01,2023-06-18,2023-09-06,26
2023,SFN,becktr01,2023-04-20,2023-09-30,33
2023,PIT,bednada01,2023-03-30,2023-10-01,66
2023,TBA,beeksja01,2023-04-02,2023-09-20,30
2023,PHI,bellaan01,2023-03-30,2023-09-11,27
2023,BOS,bellobr01,2023-04-17,2023-09-27,28
2023,CHN,bellico01,2023-03-30,2023-09-30,130
2023,CLE,belljo02,2023-03-30,2023-07-31,97
2023,MIA,belljo02,2023-08-02,2023-09-30,53
2023,TOR,beltbr01,2023-03-30,2023-10-01,103
2023,BAL,bemboan01,2023-04-03,2023-07-02,6
2023,CHA,beninan01,2023-03-30,2023-09-29,151
2023,CIN,bensowi01,2023-03-30,2023-10-01,108
2023,BOS,bernabr01,2023-04-24,2023-10-01,55
2023,TOR,berrijo01,2023-04-03,2023-09-27,32
2023,SEA,berropr01,2023-07-21,2023-10-01,2
2023,MIA,bertijo01,2023-03-30,2023-10-01,133
2023,TBA,bethach01,2023-03-30,2023-09-30,104
2023,LAN,bettsmo01,2023-03-30,2023-10-01,152
2023,CLE,bibeeta01,2023-04-26,2023-09-16,25
2023,TOR,bichebo01,2023-03-30,2023-10-01,135
2023,LAN,bickfph01,2023-03-30,2023-07-28,36
2023,NYN,bickfph01,2023-08-02,2023-09-30,25
2023,PIT,bidoos01,2023-06-14,2023-10-01,16
2023,CLE,biebesh01,2023-03-30,2023-09-27,21
2023,HOU,bielabr01,2023-05-01,2023-08-24,15
2023,TOR,biggica01,2023-03-30,2023-10-01,111
2023,COL,birdja01,2023-03-30,2023-10-01,70
2023,COL,blackch02,2023-03-30,2023-10-01,96
2023,OAK,blackpa01,2023-05-29,2023-09-26,21
2023,COL,blachty01,2023-04-01,2023-09-29,20
2023,KCA,blancda02,2023-06-12,2023-10-01,69
2023,HOU,blancro01,2023-04-01,2023-08-26,17
2023,WAS,blanktr01,2023-09-01,2023-09-14,10
2023,OAK,bledajj01,2023-05-03,2023-10-01,82
2023,BOS,bleieri01,2023-04-02,2023-08-06,27
2023,SDN,bogaexa01,2023-03-30,2023-10-01,155
2023,PHI,bohmal01,2023-03-30,2023-10-01,145
2023,PIT,boltoco01,2023-04-29,2023-09-30,16
2023,PIT,borucry01,2023-06-19,2023-09-29,38
2023,COL,bouchse01,2023-09-01,2023-10-01,21
2023,MIL,boushca01,2023-09-29,2023-09-29,1
2023,KCA,bowlajo01,2023-09-27,2023-09-29,2
2023,NYA,bowmama01,2023-09-12,2023-09-29,3
2023,CHN,boxbebr01,2023-03-30,2023-09-21,22
2023,DET,boydma01,2023-04-03,2023-06-26,15
2023,OAK,boylejo01,2023-09-17,2023-09-30,3
2023,CIN,brachsi01,2023-05-14,2023-06-24,5
2023,MIA,bradlar01,2023-06-13,2023-06-30,4
2023,TEX,bradfco01,2023-05-15,2023-09-30,20
2023,KCA,bradlja02,2023-04-02,2023-06-07,43
2023,BAL,bradiky01,2023-04-03,2023-10-01,30
2023,TBA,bradlta01,2023-04-12,2023-10-01,23
2023,HOU,brantmi02,2023-08-29,2023-10-01,15
2023,SEA,brashma01,2023-03-30,2023-09-30,78
2023,BOS,brasiry01,2023-03-30,2023-05-14,20
2023,LAN,brasiry01,2023-06-21,2023-09-29,39
2023,MIA,brazohu01,2023-03-30,2023-10-01,50
2023,SFN,brebbjo01,2023-03-30,2023-10-01,40
2023,HOU,bregmal01,2023-03-30,2023-10-01,161
2023,CLE,brennwi02,2023-03-30,2023-10-01,138
2023,NYA,breweco01,2023-04-02,2023-04-13,3
2023,OAK,bridejo01,2023-05-29,2023-09-06,40
2023,DET,briesbe01,2023-07-15,2023-09-30,25
2023,NYN,brighje01,2023-04-18,2023-09-21,37
2023,TBA,bristbr01,2023-04-13,2023-04-13,1
2023,DET,bristbr01,2023-05-30,2023-06-14,2
2023,NYA,britojh01,2023-04-02,2023-10-01,25
2023,PHI,brogdco01,2023-03-30,2023-06-04,27
2023,MIL,brossmi01,2023-04-01,2023-06-04,29
2023,HOU,brownhu01,2023-04-03,2023-10-01,31
2023,OAK,brownse01,2023-03-30,2023-09-28,112
2023,LAN,bruihju01,2023-04-17,2023-07-25,20
2023,COL,bruihju01,2023-08-11,2023-08-24,7
2023,TBA,brujavi01,2023-04-08,2023-09-13,37
2023,COL,bryankr01,2023-03-30,2023-10-01,80
2023,KCA,bubickr01,2023-04-04,2023-04-15,3
2023,SEA,bukaujb01,2023-04-09,2023-04-09,1
2023,MIL,bukaujb01,2023-07-03,2023-09-24,5
2023,ARI,bumgama01,2023-04-01,2023-04-19,4
2023,CHA,bummeaa01,2023-03-30,2023-09-28,61
2023,CHN,burdini01,2023-05-16,2023-05-20,3
2023,MIA,burdipe01,2023-05-03,2023-05-21,14
2023,TBA,burdiza01,2023-04-26,2023-05-23,3
2023,CHA,burgeja01,2023-04-06,2023-07-30,88
2023,MIA,burgeja01,2023-08-02,2023-09-30,53
2023,TEX,burkebr01,2023-03-30,2023-09-29,53
2023,SLN,burleal01,2023-04-01,2023-09-19,107
2023,MIL,burneco01,2023-03-30,2023-09-28,32
2023,LAN,buschmi02,2023-04-25,2023-09-07,27
2023,CIN,busenal01,2023-05-14,2023-10-01,6
2023,MIL,bushma01,2023-04-01,2023-06-30,12
2023,OAK,butlela01,2023-08-11,2023-10-01,42
2023,NYN,buttojo01,2023-04-16,2023-10-01,9
2023,MIN,buxtoby01,2023-03-30,2023-08-01,85
2023,SEA,cabaljo01,2023-04-15,2023-10-01,104
2023,ANA,cabbatr01,2023-07-14,2023-09-09,22
2023,MIA,cabreed02,2023-04-01,2023-09-29,22
2023,SLN,cabrege01,2023-04-09,2023-07-15,32
2023,TOR,cabrege01,2023-07-24,2023-10-01,29
2023,DET,cabremi01,2023-03-30,2023-10-01,98
2023,NYA,cabreos01,2023-03-30,2023-10-01,115
2023,ANA,cacerke01,2023-09-27,2023-09-30,2
2023,CLE,calhoko01,2023-08-05,2023-09-30,43
2023,NYA,calhowi01,2023-04-10,2023-06-21,44
2023,WAS,callal01,2023-03-30,2023-10-01,128
2023,COL,calvobl01,2023-05-30,2023-05-30,1
2023,SFN,camarjo01,2023-08-14,2023-08-22,8
2023,TBA,caminju01,2023-09-23,2023-10-01,7
2023,SEA,campbis01,2023-07-07,2023-10-01,27
2023,SDN,campulu01,2023-04-01,2023-09-24,49
2023,CHN,canaral01,2023-09-06,2023-10-01,6
2023,WAS,candeje01,2023-03-30,2023-07-30,99
2023,CHN,candeje01,2023-08-01,2023-10-01,41
2023,NYN,canhama01,2023-03-30,2023-07-30,89
2023,MIL,canhama01,2023-08-01,2023-10-01,50
2023,ANA,cannigr01,2023-04-12,2023-09-27,24
2023,BAL,canoye01,2023-04-14,2023-10-01,72
2023,ARI,canzodo01,2023-07-08,2023-07-30,15
2023,SEA,canzodo01,2023-08-01,2023-10-01,44
2023,OAK,capelco01,2023-03-30,2023-07-02,32
2023,PIT,capravi01,2023-08-03,2023-09-05,9
2023,COL,carasma01,2023-05-21,2023-09-17,16
2023,MIL,caratvi01,2023-04-02,2023-10-01,62
2023,SLN,carlsdy01,2023-04-01,2023-08-09,76
2023,SDN,carltdr01,2023-05-16,2023-06-30,11
2023,DET,carpeke01,2023-04-01,2023-10-01,118
2023,SDN,carpema01,2023-03-30,2023-09-10,76
2023,NYN,carraca01,2023-04-03,2023-08-26,20
2023,ARI,carroco02,2023-03-30,2023-09-30,155
2023,TEX,carteev01,2023-09-08,2023-10-01,23
2023,CIN,casalcu01,2023-04-01,2023-07-18,40
2023,BOS,casastr01,2023-03-30,2023-09-14,132
2023,SEA,castidi01,2023-04-01,2023-04-23,8
2023,MIA,castada01,2023-04-07,2023-09-11,2
2023,ARI,castidi02,2023-07-31,2023-07-31,1
2023,COL,castrha01,2023-03-30,2023-09-26,99
2023,SDN,castijo03,2023-07-04,2023-07-04,1
2023,SEA,castilu02,2023-03-30,2023-09-30,33
2023,ARI,castrmi01,2023-04-02,2023-10-01,75
2023,KCA,castima03,2023-05-08,2023-08-17,7
2023,PHI,casteni01,2023-03-30,2023-10-01,157
2023,PIT,castrro01,2023-03-30,2023-07-08,78
2023,PHI,castrro01,2023-08-02,2023-09-28,14
2023,MIN,castrwi01,2023-04-03,2023-10-01,124
2023,PHI,caveja01,2023-03-30,2023-10-01,65
2023,CHA,ceasedy01,2023-03-30,2023-09-29,33
2023,ARI,ceccosl01,2023-08-02,2023-09-22,7
2023,CIN,cessalu01,2023-04-04,2023-05-07,7
2023,ARI,chafian01,2023-03-31,2023-07-29,43
2023,MIL,chafian01,2023-08-03,2023-10-01,20
2023,BOS,changyu01,2023-04-01,2023-08-06,39
2023,KCA,chapmar01,2023-04-01,2023-06-29,31
2023,TEX,chapmar01,2023-07-02,2023-09-28,30
2023,TOR,chapmma01,2023-03-30,2023-09-30,140
2023,MIA,chargjt01,2023-03-30,2023-09-30,46
2023,ATL,chaveje01,2023-03-30,2023-10-01,36
2023,WAS,chavimi01,2023-04-04,2023-10-01,48
2023,TBA,chiriyo01,2023-04-14,2023-07-16,15
2023,ATL,chiriyo01,2023-07-28,2023-08-19,5
2023,MIA,chishja01,2023-03-30,2023-09-30,97
2023,PIT,choiji01,2023-04-01,2023-07-30,23
2023,SDN,choiji01,2023-08-04,2023-10-01,16
2023,TOR,cimbead01,2023-03-30,2023-06-18,22
2023,DET,cisnejo01,2023-04-01,2023-09-29,63
2023,CLE,civalaa01,2023-04-01,2023-07-30,13
2023,TBA,civalaa01,2023-08-05,2023-09-29,10
2023,KCA,clarkta01,2023-04-01,2023-10-01,58
2023,CLE,claseem01,2023-03-31,2023-09-29,75
2023,MIL,claudal01,2023-04-24,2023-04-24,1
2023,TBA,cleavga01,2023-04-01,2023-05-07,15
2023,TOR,clemeer01,2023-05-23,2023-09-19,30
2023,PHI,clemeko01,2023-04-07,2023-07-01,49
2023,CHA,clevimi01,2023-04-02,2023-09-30,24
2023,SFN,cobbal01,2023-04-01,2023-09-19,28
2023,CHA,colasos01,2023-03-30,2023-09-10,75
2023,KCA,colemdy01,2023-03-30,2023-08-21,23
2023,NYA,colege01,2023-03-30,2023-09-27,33
2023,CLE,colliza01,2023-08-18,2023-08-20,2
2023,CHA,colomal01,2023-05-02,2023-05-07,4
2023,SFN,confomi01,2023-03-30,2023-10-01,125
2023,PIT,contrro01,2023-04-04,2023-07-05,19
2023,SLN,contrwi01,2023-03-30,2023-09-20,125
2023,MIL,contrwi02,2023-03-30,2023-10-01,141
2023,NYN,coonrsa01,2023-08-14,2023-09-12,10
2023,MIA,coopega03,2023-03-30,2023-07-31,82
2023,SDN,coopega03,2023-08-04,2023-10-01,41
2023,WAS,corbipa01,2023-03-30,2023-09-27,32
2023,NYA,cordefr02,2023-04-03,2023-07-22,24
2023,NYA,cordeji01,2023-04-01,2023-07-02,31
2023,MIN,correca01,2023-03-30,2023-09-18,135
2023,NYA,cortene01,2023-04-03,2023-08-05,12
2023,SDN,cosgrto01,2023-04-29,2023-10-01,54
2023,BAL,couloda01,2023-04-01,2023-10-01,61
2023,MIL,cousija01,2023-04-24,2023-06-03,9
2023,LAN,coveydy01,2023-05-17,2023-05-17,1
2023,PHI,coveydy01,2023-05-23,2023-09-27,28
2023,BAL,cowseco01,2023-07-05,2023-08-11,26
2023,KCA,coxau01,2023-05-04,2023-09-08,24
2023,SFN,crawfbr01,2023-03-30,2023-10-01,94
2023,SEA,crawfjp01,2023-03-30,2023-10-01,145
2023,BOS,crawfku01,2023-04-03,2023-09-30,32
2023,TBA,criswco01,2023-04-17,2023-09-30,10
2023,SDN,crismna01,2023-03-30,2023-06-16,7
2023,ARI,crismna01,2023-08-26,2023-08-26,1
2023,CHA,crochga01,2023-05-18,2023-10-01,13
2023,COL,croncj01,2023-03-30,2023-07-30,56
2023,ANA,croncj01,2023-07-31,2023-09-21,15
2023,CHA,cronide01,2023-07-30,2023-10-01,9
2023,SDN,croneja01,2023-03-30,2023-08-25,127
2023,KCA,croplty01,2023-09-19,2023-09-23,2
2023,CHN,crowape01,2023-09-11,2023-10-01,13
2023,PIT,crowewi01,2023-04-02,2023-04-17,5
2023,CIN,cruzfe01,2023-03-30,2023-09-30,58
2023,SDN,cruzne02,2023-03-31,2023-07-03,49
2023,PIT,cruzon01,2023-03-30,2023-04-09,9
2023,KCA,cruzst01,2023-08-29,2023-09-30,10
2023,KCA,cuasjo01,2023-03-30,2023-07-29,45
2023,CHN,cuasjo01,2023-08-02,2023-09-29,27
2023,MIA,cuetojo01,2023-04-03,2023-09-27,13
2023,ATL,culbech01,2023-07-16,2023-07-16,1
2023,CLE,curryxz01,2023-04-03,2023-09-30,41
2023,NYN,curtijo02,2023-03-31,2023-08-04,15
2023,LAN,cyrty01,2023-05-19,2023-05-20,2
2023,SDN,dahlda01,2023-03-30,2023-04-04,4
2023,BOS,dalbebo01,2023-04-10,2023-10-01,21
2023,ANA,danieda01,2023-09-07,2023-09-29,3
2023,TOR,danneha01,2023-08-11,2023-08-11,1
2023,ATL,darnatr01,2023-03-30,2023-10-01,74
2023,SDN,darviyu01,2023-04-04,2023-08-25,24
2023,PIT,davishe01,2023-06-19,2023-10-01,62
2023,SFN,davisjd01,2023-03-30,2023-09-26,144
2023,MIA,davisjo05,2023-05-23,2023-07-04,34
2023,COL,davisno01,2023-04-16,2023-09-27,8
2023,ANA,davidtu01,2023-04-01,2023-07-15,18
2023,KCA,davidtu01,2023-08-05,2023-09-29,20
2023,ARI,davieza01,2023-04-02,2023-09-26,18
2023,COL,dazayo01,2023-03-30,2023-05-02,24
2023,TEX,degroja01,2023-03-30,2023-04-28,6
2023,MIA,dejesen01,2023-09-09,2023-09-27,2
2023,PIT,dejonch01,2023-04-01,2023-06-06,6
2023,SLN,dejonpa01,2023-04-23,2023-07-30,81
2023,TOR,dejonpa01,2023-08-02,2023-08-16,13
2023,SFN,dejonpa01,2023-08-23,2023-09-20,18
2023,MIA,delacbr01,2023-03-30,2023-10-01,153
2023,CIN,delacel01,2023-06-06,2023-10-01,98
2023,PIT,delayja01,2023-04-02,2023-10-01,70
2023,MIN,deleojo03,2023-05-17,2023-06-24,13
2023,CLE,delosen01,2023-03-30,2023-10-01,70
2023,PIT,delosye01,2023-06-03,2023-08-07,22
2023,LAN,delucjo01,2023-06-07,2023-07-25,24
2023,BOS,dermoma01,2023-06-08,2023-06-08,1
2023,SFN,desclan01,2023-04-03,2023-07-23,19
2023,ANA,detmere01,2023-04-03,2023-09-26,28
2023,ANA,devench02,2023-04-30,2023-07-15,29
2023,TBA,devench02,2023-09-02,2023-09-30,9
2023,BOS,deverra01,2023-03-30,2023-10-01,153
2023,OAK,diazal02,2023-03-30,2023-09-30,109
2023,CIN,diazal03,2023-04-01,2023-09-30,71
2023,COL,diazel01,2023-03-30,2023-10-01,141
2023,SFN,diazis01,2023-06-23,2023-08-03,6
2023,DET,diazis01,2023-08-13,2023-08-15,2
2023,ANA,diazjh01,2023-09-07,2023-09-22,4
2023,OAK,diazjo03,2023-04-19,2023-10-01,90
2023,DET,diazmi02,2023-09-02,2023-09-30,12
2023,TBA,diazya01,2023-03-30,2023-09-30,137
2023,HOU,diazya02,2023-03-30,2023-10-01,104
2023,WAS,dickeco01,2023-03-30,2023-08-02,50
2023,CHA,diekmja01,2023-03-31,2023-04-29,13
2023,TBA,diekmja01,2023-05-11,2023-09-30,50
2023,SDN,dixonbr01,2023-04-11,2023-07-16,33
2023,ATL,dodddy01,2023-04-04,2023-10-01,7
2023,NYA,dominja01,2023-09-01,2023-09-09,8
2023,PHI,dominse01,2023-04-01,2023-10-01,57
2023,NYA,donaljo02,2023-03-30,2023-07-15,34
2023,MIL,donaljo02,2023-09-11,2023-10-01,17
2023,SLN,donovbr01,2023-03-30,2023-07-29,95
2023,SFN,dovalca01,2023-04-01,2023-09-30,69
2023,WAS,downsje01,2023-04-29,2023-08-19,6
2023,COL,doylebr02,2023-04-24,2023-10-01,126
2023,COL,doyleto01,2023-07-15,2023-09-30,15
2023,KCA,doziehu01,2023-03-30,2023-05-19,29
2023,ANA,drurybr01,2023-03-30,2023-10-01,125
2023,CIN,duartda01,2023-06-13,2023-09-27,31
2023,HOU,dubinsh01,2023-06-19,2023-07-02,3
2023,HOU,dubonma01,2023-03-30,2023-10-01,132
2023,KCA,duffyma01,2023-04-02,2023-10-01,79
2023,CHN,duffety01,2023-10-01,2023-10-01,1
2023,TEX,dunnida01,2023-04-01,2023-10-01,35
2023,TEX,duranez01,2023-04-01,2023-09-29,122
2023,BOS,duranja01,2023-04-17,2023-08-20,102
2023,MIN,duranjh01,2023-03-30,2023-09-30,59
2023,BOS,duvalad01,2023-03-30,2023-09-30,92
2023,KCA,eatonna01,2023-04-01,2023-06-23,28
2023,TOR,edenca01,2023-09-21,2023-10-01,5
2023,SLN,edmanto01,2023-03-30,2023-10-01,137
2023,WAS,edwarca01,2023-04-02,2023-06-19,32
2023,MIA,edwarxa01,2023-05-02,2023-10-01,30
2023,TBA,eflinza01,2023-04-01,2023-09-26,31
2023,ATL,elderbr01,2023-04-05,2023-09-26,31
2023,PHI,ellisdr01,2023-06-01,2023-07-16,12
2023,CIN,encarch01,2023-07-17,2023-10-01,63
2023,SDN,engelad01,2023-05-07,2023-05-19,5
2023,DET,englema01,2023-03-30,2023-07-22,31
2023,TEX,eovalna01,2023-04-01,2023-09-29,25
2023,OAK,erceglu01,2023-05-19,2023-09-28,50
2023,NYN,escobed01,2023-03-30,2023-06-20,40
2023,ANA,escobed01,2023-06-24,2023-10-01,60
2023,SDN,espadjo01,2023-09-24,2023-09-24,1
2023,WAS,espinpa01,2023-06-25,2023-07-18,3
2023,TOR,espinsa01,2023-04-02,2023-10-01,93
2023,ANA,estevca01,2023-04-02,2023-09-27,63
2023,OAK,estesjo01,2023-09-20,2023-09-27,2
2023,CHN,estraje01,2023-04-21,2023-06-11,12
2023,SFN,estrath01,2023-03-30,2023-10-01,120
2023,DET,faedoal01,2023-05-07,2023-09-13,15
2023,TBA,fairbpe01,2023-03-30,2023-09-30,49
2023,CIN,faircst01,2023-03-30,2023-10-01,97
2023,PHI,falteba01,2023-04-02,2023-05-15,8
2023,PIT,falteba01,2023-08-05,2023-09-23,10
2023,OAK,familje01,2023-04-01,2023-05-02,14
2023,BOS,fariaja01,2023-07-16,2023-07-16,1
2023,CIN,farmebu01,2023-03-30,2023-09-30,71
2023,MIN,farmeky01,2023-03-30,2023-10-01,120
2023,TBA,fauchca01,2023-04-01,2023-07-29,17
2023,OAK,felipan01,2023-07-07,2023-08-14,14
2023,COL,feltnry01,2023-04-03,2023-09-26,10
2023,LAN,ferguca01,2023-03-31,2023-09-30,68
2023,KCA,fermifr01,2023-04-23,2023-09-08,70
2023,SLN,fermijo01,2023-07-07,2023-10-01,21
2023,WAS,ferrejo01,2023-07-01,2023-10-01,39
2023,SEA,festama01,2023-04-01,2023-07-14,8
2023,WAS,finneky01,2023-03-30,2023-10-01,67
2023,SFN,fitzgty01,2023-09-21,2023-10-01,10
2023,SLN,flaheja01,2023-04-01,2023-07-26,20
2023,BAL,flaheja01,2023-08-03,2023-09-30,9
2023,TBA,flemijo01,2023-04-04,2023-08-12,12
2023,ANA,fletcda02,2023-04-01,2023-10-01,33
2023,ARI,fletcdo01,2023-04-30,2023-07-06,28
2023,SEA,flexech01,2023-03-31,2023-06-22,17
2023,COL,flexech01,2023-07-29,2023-09-28,12
2023,MIA,florody01,2023-03-31,2023-07-25,43
2023,MIN,florody01,2023-07-28,2023-09-24,19
2023,NYA,flories01,2023-03-30,2023-10-01,19
2023,SFN,florewi01,2023-03-30,2023-09-30,126
2023,DET,foleyja01,2023-03-30,2023-09-28,70
2023,SEA,fordmi01,2023-06-02,2023-10-01,84
2023,MIA,forteni01,2023-03-31,2023-10-01,108
2023,CIN,fraleja01,2023-03-30,2023-09-27,111
2023,TOR,francbo01,2023-06-10,2023-09-14,20
2023,HOU,francjp01,2023-05-06,2023-09-23,24
2023,SEA,francty01,2023-03-30,2023-10-01,158
2023,TBA,francwa01,2023-03-30,2023-08-12,112
2023,BAL,fraziad01,2023-03-30,2023-10-01,141
2023,CHA,frazicl01,2023-05-21,2023-07-02,33
2023,LAN,freemfr01,2023-03-30,2023-10-01,161
2023,COL,freelky01,2023-03-31,2023-09-16,29
2023,CLE,freemty01,2023-04-18,2023-10-01,64
2023,MIL,frelisa01,2023-07-22,2023-10-01,57
2023,ARI,friaslu01,2023-04-08,2023-10-01,29
2023,ATL,friedma01,2023-03-30,2023-09-21,14
2023,CIN,friedtj01,2023-03-30,2023-09-30,138
2023,CLE,fryda01,2023-05-01,2023-09-24,58
2023,OAK,fujinsh01,2023-04-01,2023-07-18,34
2023,BAL,fujinsh01,2023-07-21,2023-10-01,30
2023,ANA,fulmeca01,2023-09-24,2023-10-01,3
2023,CHN,fulmemi01,2023-03-30,2023-09-11,58
2023,MIN,fundeko01,2023-08-28,2023-10-01,11
2023,CLE,gaddihu01,2023-03-31,2023-09-21,11
2023,HOU,gagema01,2023-05-02,2023-06-15,5
2023,CLE,gallaca01,2023-04-01,2023-09-30,56
2023,SLN,gallegi01,2023-04-04,2023-09-17,56
2023,MIN,gallojo01,2023-03-30,2023-09-05,111
2023,ARI,galleza01,2023-03-30,2023-09-29,34
2023,SDN,gamelbe01,2023-08-15,2023-08-30,6
2023,MIA,garciav01,2023-03-30,2023-08-22,37
2023,TEX,garciad02,2023-03-30,2023-10-01,148
2023,NYA,garcide01,2023-05-10,2023-07-06,2
2023,CHA,garcide01,2023-09-12,2023-10-01,6
2023,CIN,garcijo02,2023-03-30,2023-06-14,46
2023,SDN,garcilu03,2023-03-31,2023-09-30,61
2023,WAS,garcilu04,2023-03-30,2023-10-01,122
2023,HOU,garcilu05,2023-04-02,2023-05-01,6
2023,KCA,garcima01,2023-05-02,2023-10-01,123
2023,OAK,garciri01,2023-05-04,2023-07-06,7
2023,WAS,garciri01,2023-07-22,2023-07-28,3
2023,MIA,garciro04,2023-07-14,2023-07-14,1
2023,WAS,garciro04,2023-08-06,2023-09-26,24
2023,TOR,garciyi01,2023-03-30,2023-09-30,73
2023,MIN,garliky01,2023-04-13,2023-06-09,14
2023,KCA,garream01,2023-03-30,2023-07-06,27
2023,MIA,garrebr01,2023-04-01,2023-09-27,31
2023,BAL,garrere01,2023-06-14,2023-06-16,2
2023,NYN,garrere01,2023-07-29,2023-09-30,9
2023,WAS,garrest01,2023-04-05,2023-08-23,89
2023,TEX,garvemi01,2023-04-01,2023-10-01,87
2023,BOS,garzaju01,2023-05-16,2023-07-22,17
2023,TOR,gausmke01,2023-04-01,2023-09-26,31
2023,OAK,gelofza01,2023-07-14,2023-10-01,69
2023,NYA,germado01,2023-04-04,2023-07-31,20
2023,CIN,gibauia01,2023-03-30,2023-09-30,74
2023,BAL,gibsoky01,2023-03-30,2023-09-30,33
2023,SEA,gilbelo01,2023-04-01,2023-09-28,32
2023,ARI,gilbety01,2023-07-08,2023-08-16,11
2023,BAL,gillalo01,2023-03-30,2023-06-23,11
2023,CLE,gimenan01,2023-03-30,2023-09-30,153
2023,ARI,ginkeke01,2023-03-30,2023-09-29,60
2023,CHA,giolilu01,2023-04-01,2023-07-23,21
2023,ANA,giolilu01,2023-07-28,2023-08-28,6
2023,CLE,giolilu01,2023-09-04,2023-10-01,6
2023,DET,gipsosa01,2023-09-10,2023-09-28,4
2023,BAL,givenmy01,2023-05-21,2023-05-31,6
2023,TBA,glasnty01,2023-05-27,2023-09-27,21
2023,SLN,goldspa01,2023-03-30,2023-09-30,154
2023,COL,gombeau01,2023-04-02,2023-08-28,27
2023,CHN,gomesya01,2023-03-30,2023-09-30,116
2023,NYA,gomezyo01,2023-09-28,2023-09-28,1
2023,LAN,gonsoto01,2023-04-26,2023-08-18,20
2023,MIA,gonzach01,2023-05-06,2023-09-17,3
2023,SEA,gonzama02,2023-04-02,2023-05-28,10
2023,PIT,gonzani01,2023-06-23,2023-10-01,35
2023,CLE,gonzaos01,2023-03-31,2023-10-01,54
2023,CHA,gonzaro01,2023-03-30,2023-06-17,44
2023,LAN,gonzavi02,2023-04-25,2023-10-01,34
2023,COL,goodmhu01,2023-08-27,2023-09-30,23
2023,MIN,gordoni01,2023-03-30,2023-05-17,34
2023,WAS,gorema01,2023-04-02,2023-09-08,27
2023,SLN,gormano01,2023-03-30,2023-09-12,119
2023,SEA,gotttr01,2023-03-31,2023-06-30,30
2023,NYN,gotttr01,2023-07-06,2023-09-27,34
2023,CHA,grandya01,2023-03-30,2023-10-01,118
2023,LAN,gratebr01,2023-04-02,2023-09-29,68
2023,CHA,graveke01,2023-03-30,2023-07-26,45
2023,HOU,graveke01,2023-07-30,2023-09-30,23
2023,TEX,grayjo02,2023-04-03,2023-09-25,29
2023,WAS,grayjo03,2023-04-01,2023-09-26,30
2023,MIN,grayso01,2023-04-01,2023-09-28,32
2023,TBA,graytr01,2023-09-16,2023-09-17,2
2023,TOR,greench03,2023-09-01,2023-10-01,12
2023,CIN,greenhu01,2023-03-30,2023-10-01,22
2023,DET,greenri02,2023-03-30,2023-09-01,99
2023,CHN,greensh02,2023-09-03,2023-10-01,2
2023,KCA,greinza01,2023-03-30,2023-10-01,30
2023,COL,grichra01,2023-04-29,2023-07-30,64
2023,ANA,grichra01,2023-07-31,2023-10-01,54
2023,SDN,grishtr01,2023-03-30,2023-10-01,153
2023,ATL,grissva01,2023-04-14,2023-08-23,23
2023,TEX,grossro01,2023-03-30,2023-09-30,115
2023,LAN,grovemi01,2023-04-03,2023-09-30,18
2023,MIL,guerrja02,2023-03-30,2023-04-23,8
2023,TBA,guerrja02,2023-05-02,2023-07-18,9
2023,TOR,guerrvl02,2023-03-30,2023-09-30,156
2023,NYN,guilllu01,2023-03-31,2023-09-30,54
2023,ARI,gurrilo01,2023-03-30,2023-10-01,145
2023,MIA,gourryu01,2023-03-31,2023-10-01,108
2023,PHI,guthrda01,2023-05-01,2023-06-13,23
2023,DET,haaseer01,2023-03-30,2023-08-18,86
2023,CLE,haaseer01,2023-08-23,2023-08-30,3
2023,SDN,haderjo01,2023-04-01,2023-10-01,61
2023,SEA,haggesa01,2023-04-01,2023-09-30,52
2023,PHI,hallda02,2023-03-30,2023-07-20,18
2023,BAL,halldl01,2023-04-29,2023-10-01,18
2023,CHA,hamilbi02,2023-05-02,2023-05-04,3
2023,BOS,hamilca01,2023-06-24,2023-07-01,4
2023,BOS,hamilda03,2023-06-21,2023-08-29,15
2023,NYA,hamilia01,2023-04-03,2023-09-30,39
2023,MIA,hampsga01,2023-04-05,2023-10-01,98
2023,SEA,hancoem01,2023-08-09,2023-08-20,3
2023,COL,handbr01,2023-03-31,2023-07-31,40
2023,ATL,handbr01,2023-08-04,2023-10-01,20
2023,DET,hanifbr01,2023-09-21,2023-09-30,3
2023,SFN,hanigmi01,2023-04-24,2023-09-25,61
2023,CHN,happia01,2023-03-30,2023-09-30,158
2023,PHI,harpebr03,2023-05-02,2023-09-30,126
2023,WAS,harriho02,2023-04-01,2023-08-01,16
2023,OAK,harriho03,2023-04-14,2023-08-22,14
2023,PHI,harrijo05,2023-04-01,2023-07-30,41
2023,SFN,harriky01,2023-08-22,2023-10-01,7
2023,ATL,harrimi04,2023-03-30,2023-10-01,138
2023,MIA,hartlge01,2023-08-06,2023-09-02,2
2023,NYN,hartwgr01,2023-06-19,2023-09-28,28
2023,WAS,harvehu01,2023-03-30,2023-10-01,57
2023,CHA,haselad01,2023-04-18,2023-06-29,28
2023,TOR,hatchto01,2023-05-19,2023-08-03,6
2023,PIT,hatchto01,2023-08-10,2023-09-16,12
2023,PIT,hayeske01,2023-03-30,2023-09-30,124
2023,BAL,haysau01,2023-03-30,2023-09-29,144
2023,MIN,headrbr01,2023-04-19,2023-09-14,14
2023,TEX,heanean01,2023-04-04,2023-09-30,34
2023,TEX,hearnta01,2023-04-01,2023-04-12,4
2023,ATL,hearnta01,2023-07-29,2023-07-29,1
2023,KCA,hearnta01,2023-08-10,2023-08-28,8
2023,KCA,heasljo01,2023-05-05,2023-08-11,12
2023,PIT,hedgeau01,2023-03-30,2023-07-30,65
2023,TEX,hedgeau01,2023-08-02,2023-09-29,17
2023,TEX,heimjo01,2023-03-30,2023-10-01,131
2023,PIT,heinety01,2023-04-04,2023-04-12,3
2023,TOR,heinety01,2023-05-27,2023-10-01,19
2023,ATL,hellebe01,2023-06-16,2023-09-08,19
2023,SLN,helslry01,2023-03-30,2023-10-01,33
2023,TBA,hembrhe01,2023-04-25,2023-04-25,1
2023,BAL,hendegu01,2023-03-30,2023-10-01,150
2023,CHN,hendrky01,2023-05-25,2023-09-29,24
2023,CHA,hendrli01,2023-05-29,2023-06-09,5
2023,ARI,henryto01,2023-04-24,2023-07-28,17
2023,HOU,henslda01,2023-03-31,2023-08-19,30
2023,CLE,hentgsa01,2023-05-06,2023-09-29,56
2023,ANA,hergeji01,2023-03-30,2023-10-01,29
2023,CIN,hergeke01,2023-04-09,2023-09-06,14
2023,KCA,hernaca04,2023-03-30,2023-10-01,67
2023,ATL,hernada03,2023-07-23,2023-07-31,4
2023,BOS,hernaen02,2023-03-30,2023-07-23,86
2023,LAN,hernaen02,2023-07-26,2023-10-01,54
2023,TEX,hernajo02,2023-03-30,2023-10-01,33
2023,PIT,hernajo03,2023-04-01,2023-09-30,50
2023,SDN,hernani01,2023-09-12,2023-09-18,2
2023,SEA,hernate01,2023-03-30,2023-09-30,160
2023,LAN,hernayo02,2023-04-19,2023-07-26,14
2023,SLN,herreiv01,2023-07-07,2023-09-30,13
2023,ARI,herrejo04,2023-04-01,2023-09-12,43
2023,CLE,herriti01,2023-04-02,2023-08-23,23
2023,LAN,heywaja01,2023-04-01,2023-09-30,124
2023,NYA,hicksaa01,2023-04-01,2023-05-19,28
2023,BAL,hicksaa01,2023-05-31,2023-09-30,65
2023,SLN,hicksjo03,2023-03-30,2023-07-24,40
2023,TOR,hicksjo03,2023-08-01,2023-09-30,25
2023,NYA,higasky01,2023-04-02,2023-10-01,92
2023,WAS,hillde01,2023-06-21,2023-07-04,13
2023,DET,hillga02,2023-04-01,2023-08-29,9
2023,PIT,hillri01,2023-04-01,2023-07-30,22
2023,SDN,hillri01,2023-08-06,2023-10-01,10
2023,ATL,hillisa01,2023-03-30,2023-07-18,40
2023,SDN,hillti01,2023-03-31,2023-09-10,48
2023,SFN,hjellse01,2023-04-02,2023-09-29,15
2023,MIA,hoeinbr01,2023-04-25,2023-10-01,33
2023,CHN,hoernni01,2023-03-30,2023-09-29,150
2023,PHI,hoffmje02,2023-05-06,2023-09-30,54
2023,PIT,holdeco01,2023-03-30,2023-09-21,58
2023,COL,holloga01,2023-06-17,2023-10-01,26
2023,NYA,holmecl01,2023-04-01,2023-09-30,66
2023,DET,holtoty01,2023-04-15,2023-09-30,59
2023,SDN,honeybr01,2023-04-03,2023-08-01,36
2023,CHA,honeybr01,2023-08-07,2023-08-21,4
2023,CIN,hopkitj01,2023-06-03,2023-08-28,25
2023,TOR,horwisp01,2023-06-18,2023-09-21,15
2023,CHN,hosmeer01,2023-03-30,2023-05-16,31
2023,BOS,houckta01,2023-04-02,2023-10-01,21
2023,MIL,housead01,2023-05-07,2023-10-01,23
2023,TEX,howarsp01,2023-06-09,2023-07-28,3
2023,LAN,hudsobr01,2023-06-17,2023-08-26,6
2023,LAN,hudsoda01,2023-06-30,2023-07-05,3
2023,SLN,hudsoda02,2023-07-01,2023-09-28,18
2023,TEX,huffsa01,2023-05-11,2023-09-17,21
2023,CHN,hughebr01,2023-04-17,2023-06-11,17
2023,SEA,hummeco01,2023-03-31,2023-04-18,10
2023,NYN,hunteto02,2023-03-31,2023-06-09,14
2023,LAN,hurtky01,2023-09-12,2023-09-12,1
2023,DET,ibanean01,2023-04-29,2023-10-01,114
2023,ATL,iglesra01,2023-05-06,2023-09-30,58
2023,CIN,indiajo01,2023-03-30,2023-09-30,119
2023,ANA,ingrako01,2023-06-17,2023-09-26,5
2023,BAL,irvinco01,2023-04-02,2023-10-01,24
2023,WAS,irvinja01,2023-05-03,2023-09-21,24
2023,KCA,isbelky01,2023-03-30,2023-09-29,91
2023,LAN,jacksan01,2023-04-01,2023-06-10,7
2023,PIT,jacksan01,2023-08-05,2023-10-01,12
2023,TOR,jacksja01,2023-05-06,2023-09-29,25
2023,SFN,jackslu01,2023-05-31,2023-09-24,33
2023,OAK,jacksza02,2023-03-30,2023-05-16,19
2023,SDN,jacobal01,2023-07-15,2023-07-20,3
2023,BOS,jacqujo01,2023-06-12,2023-09-09,23
2023,ARI,jamesdr01,2023-03-31,2023-07-06,15
2023,TEX,jankotr01,2023-04-01,2023-09-29,107
2023,TOR,janseda01,2023-04-01,2023-09-01,86
2023,BOS,janseke01,2023-04-01,2023-09-12,51
2023,ARI,jarvibr01,2023-08-15,2023-10-01,11
2023,HOU,javiecr01,2023-03-31,2023-10-01,31
2023,MIN,jaxgr01,2023-03-30,2023-09-30,71
2023,MIN,jeffery01,2023-04-02,2023-10-01,96
2023,OAK,jimenda02,2023-03-30,2023-09-30,25
2023,CHA,jimenel02,2023-03-30,2023-09-30,120
2023,ATL,jimenjo02,2023-04-01,2023-10-01,59
2023,PIT,joeco01,2023-04-01,2023-10-01,133
2023,SFN,johnsbr03,2023-04-01,2023-07-02,30
2023,COL,johnspi01,2023-03-31,2023-07-23,43
2023,ATL,johnspi01,2023-07-26,2023-09-30,24
2023,MIL,jonesja08,2023-07-03,2023-07-25,7
2023,COL,jonesno01,2023-05-26,2023-10-01,106
2023,ANA,joycebe01,2023-05-29,2023-09-30,12
2023,NYA,judgeaa01,2023-03-30,2023-09-30,106
2023,MIN,julieed01,2023-04-12,2023-10-01,109
2023,HOU,julksco01,2023-03-31,2023-08-28,93
2023,TEX,jungjo01,2023-03-30,2023-10-01,122
2023,SFN,junisja01,2023-04-01,2023-09-23,40
2023,MIL,junkja01,2023-04-12,2023-10-01,2
2023,COL,justiev01,2023-08-26,2023-09-17,9
2023,NYA,kahnlto01,2023-06-02,2023-09-20,42
2023,COL,kaiseco01,2023-06-19,2023-06-21,3
2023,OAK,kaprija01,2023-04-03,2023-06-23,14
2023,CIN,karchri01,2023-06-12,2023-06-12,1
2023,CLE,karinja01,2023-03-30,2023-09-30,44
2023,COL,kauffka01,2023-05-19,2023-09-30,11
2023,CHN,kayan01,2023-06-13,2023-08-01,13
2023,NYN,kayan01,2023-09-24,2023-10-01,3
2023,SEA,kelenja01,2023-03-30,2023-10-01,105
2023,KCA,kellebr01,2023-04-02,2023-09-17,11
2023,ARI,kellyca02,2023-06-12,2023-08-12,33
2023,DET,kellyca02,2023-08-21,2023-09-30,19
2023,CHA,kellyjo05,2023-04-01,2023-07-26,31
2023,LAN,kellyjo05,2023-07-29,2023-09-29,11
2023,TBA,kellyke02,2023-04-01,2023-10-01,57
2023,ARI,kellyme01,2023-03-31,2023-09-30,30
2023,PIT,kellemi03,2023-03-30,2023-09-26,32
2023,CLE,kellymi03,2023-07-15,2023-09-23,14
2023,TBA,kelletr01,2023-04-15,2023-08-25,10
2023,BOS,kellyza01,2023-03-30,2023-09-28,8
2023,OAK,kempto01,2023-03-30,2023-09-24,124
2023,CIN,kennebr02,2023-07-04,2023-09-03,5
2023,ARI,kennebu01,2023-08-12,2023-08-30,10
2023,TEX,kenneia01,2023-04-03,2023-09-15,16
2023,MIN,keplema01,2023-03-30,2023-10-01,130
2023,PHI,kerkeor01,2023-09-24,2023-09-30,3
2023,SDN,kerrra01,2023-04-21,2023-10-01,22
2023,LAN,kershcl01,2023-04-01,2023-09-30,24
2023,HOU,kessigr01,2023-06-07,2023-10-01,26
2023,MIN,keuchda01,2023-08-06,2023-09-30,10
2023,WAS,kieboca01,2023-08-22,2023-10-01,27
2023,TOR,kiermke01,2023-03-30,2023-09-30,129
2023,TOR,kikucyu01,2023-04-04,2023-09-29,32
2023,CHN,kiliaca01,2023-04-29,2023-08-13,3
2023,SDN,kimha01,2023-03-30,2023-10-01,152
2023,PHI,kimbrcr01,2023-04-01,2023-09-30,71
2023,NYA,kineris01,2023-04-02,2023-10-01,115
2023,TEX,kingjo01,2023-05-13,2023-07-06,15
2023,SLN,kingjo01,2023-08-01,2023-10-01,20
2023,NYA,kingmi01,2023-04-01,2023-10-01,49
2023,COL,kinlety01,2023-08-01,2023-10-01,18
2023,SEA,kirbyge01,2023-04-03,2023-10-01,31
2023,MIN,kirilal01,2023-05-06,2023-10-01,88
2023,TOR,kirkal01,2023-03-30,2023-09-30,123
2023,TBA,kittran01,2023-08-18,2023-10-01,14
2023,BAL,kjershe01,2023-09-14,2023-10-01,13
2023,BOS,klubeco01,2023-03-30,2023-06-20,15
2023,SDN,knehrre01,2023-04-17,2023-06-27,4
2023,SLN,kniznan01,2023-03-30,2023-10-01,70
2023,COL,kochma01,2023-06-27,2023-10-01,39
2023,SDN,kohlwta01,2023-07-19,2023-07-28,5
2023,LAN,kolarad01,2023-06-11,2023-06-11,1
2023,NYN,kolarad01,2023-08-20,2023-08-26,4
2023,BAL,kolozma01,2023-06-13,2023-06-13,1
2023,CHA,kopecmi01,2023-04-03,2023-09-20,30
2023,KCA,kowarja01,2023-05-19,2023-09-27,23
2023,BAL,krehbjo01,2023-08-01,2023-09-10,6
2023,DET,kreidry01,2023-03-30,2023-04-14,11
2023,BAL,kremede01,2023-04-01,2023-09-28,32
2023,KCA,kriskbr01,2023-06-18,2023-06-30,4
2023,NYA,krookma01,2023-06-16,2023-09-09,4
2023,WAS,kuhlch01,2023-04-04,2023-06-23,16
2023,CIN,kuhnejo01,2023-04-04,2023-06-09,2
2023,HOU,kuhnejo01,2023-07-16,2023-09-16,7
2023,CLE,kwanst01,2023-03-30,2023-10-01,158
2023,ANA,lambja01,2023-04-01,2023-05-07,19
2023,CHA,lambeji01,2023-03-31,2023-09-03,35
2023,COL,lambepe01,2023-05-10,2023-09-10,25
2023,COL,lametdi01,2023-03-30,2023-06-16,16
2023,BOS,lametdi01,2023-08-08,2023-08-08,1
2023,DET,langeal01,2023-04-02,2023-10-01,67
2023,OAK,langesh01,2023-03-30,2023-09-30,135
2023,MIN,larnatr01,2023-03-30,2023-10-01,58
2023,TBA,lasorjo01,2023-05-29,2023-06-03,2
2023,WAS,lasorjo01,2023-06-23,2023-09-30,23
2023,SEA,lasteto01,2023-03-30,2023-04-30,12
2023,TEX,latzja01,2023-09-17,2023-09-29,3
2023,MIL,lauerer01,2023-04-02,2023-09-30,10
2023,OAK,laurera01,2023-03-30,2023-08-03,64
2023,CLE,laurera01,2023-08-08,2023-10-01,41
2023,CIN,lawde01,2023-03-30,2023-09-23,54
2023,ARI,lawlajo01,2023-09-07,2023-10-01,14
2023,SLN,lawreca01,2023-08-16,2023-09-30,15
2023,COL,lawreju01,2023-03-30,2023-10-01,69
2023,SLN,leahyky01,2023-07-07,2023-07-20,3
2023,TEX,leclejo01,2023-03-30,2023-09-30,57
2023,ATL,leedy01,2023-03-30,2023-09-11,24
2023,CHA,leeko01,2023-08-24,2023-10-01,24
2023,CIN,legumca01,2023-04-15,2023-09-05,11
2023,CHN,leitema02,2023-04-01,2023-09-29,69
2023,NYA,lemahdj01,2023-03-30,2023-10-01,136
2023,NYN,leonedo01,2023-05-04,2023-07-29,31
2023,ANA,leonedo01,2023-08-04,2023-08-30,11
2023,SEA,leonedo01,2023-09-03,2023-09-29,9
2023,TEX,leonsa01,2023-04-10,2023-06-13,22
2023,BAL,lestejo02,2023-06-04,2023-06-23,11
2023,ARI,lewisky01,2023-03-30,2023-08-19,16
2023,MIN,lewisro02,2023-05-29,2023-09-19,58
2023,SLN,liberma01,2023-05-17,2023-09-30,22
2023,NYN,lindofr01,2023-03-30,2023-10-01,160
2023,MIA,lindgje01,2023-04-03,2023-07-06,3
2023,DET,lipcian01,2023-09-01,2023-09-28,13
2023,CHN,littllu01,2023-09-06,2023-10-01,7
2023,BOS,litteza01,2023-05-07,2023-05-09,2
2023,TBA,litteza01,2023-05-16,2023-09-29,26
2023,CIN,livelbe01,2023-05-11,2023-09-30,19
2023,SFN,llovema01,2023-07-07,2023-07-21,5
2023,BOS,llovema01,2023-07-29,2023-09-30,25
2023,NYA,loaisjo01,2023-03-30,2023-09-09,17
2023,NYN,locasti01,2023-03-31,2023-10-01,43
2023,CIN,lodolni01,2023-04-01,2023-05-06,7
2023,KCA,loftini01,2023-09-01,2023-09-29,19
2023,DET,logueza01,2023-07-01,2023-07-27,3
2023,ARI,longoev01,2023-03-30,2023-10-01,74
2023,OAK,longsa01,2023-04-25,2023-09-05,40
2023,CIN,lopezal03,2023-09-09,2023-09-09,1
2023,SLN,lopezir01,2023-09-23,2023-10-01,5
2023,MIN,lopezjo02,2023-03-30,2023-07-24,37
2023,MIA,lopezjo02,2023-07-29,2023-08-29,12
2023,BAL,lopezjo02,2023-09-03,2023-09-29,12
2023,TBA,lopezjo04,2023-06-10,2023-06-10,1
2023,TBA,lopezja04,2023-08-14,2023-10-01,4
2023,KCA,lopezni01,2023-04-01,2023-07-30,68
2023,ATL,lopezni01,2023-08-08,2023-10-01,26
2023,MIN,lopezpa01,2023-03-30,2023-09-27,32
2023,CHA,lopezre01,2023-03-30,2023-07-23,43
2023,ANA,lopezre01,2023-07-29,2023-08-30,13
2023,CLE,lopezre01,2023-09-02,2023-09-29,12
2023,DET,lorenmi01,2023-04-15,2023-07-27,18
2023,PHI,lorenmi01,2023-08-03,2023-10-01,11
2023,ANA,loupaa01,2023-03-30,2023-09-19,55
2023,OAK,lovelri01,2023-04-16,2023-07-08,27
2023,TBA,lowebr01,2023-03-30,2023-09-21,109
2023,TBA,lowejo01,2023-04-01,2023-10-01,135
2023,TEX,lowena01,2023-03-30,2023-10-01,161
2023,OAK,lucasea01,2023-09-08,2023-09-21,6
2023,NYN,lucchjo01,2023-04-21,2023-09-27,9
2023,SFN,luciama01,2023-07-26,2023-10-01,14
2023,ATL,luetglu01,2023-03-30,2023-09-18,12
2023,SDN,lugose01,2023-04-02,2023-09-26,26
2023,TOR,lukesna01,2023-03-30,2023-09-13,29
2023,TOR,luplojo01,2023-04-07,2023-07-31,7
2023,MIN,luplojo01,2023-08-05,2023-10-01,32
2023,MIA,luzarje01,2023-03-31,2023-09-28,32
2023,KCA,lylesjo01,2023-04-01,2023-09-29,31
2023,KCA,lynchda02,2023-05-28,2023-07-18,9
2023,CHA,lynnla01,2023-03-31,2023-07-26,21
2023,LAN,lynnla01,2023-08-01,2023-09-29,11
2023,WAS,machaan02,2023-04-30,2023-09-30,44
2023,SDN,machama01,2023-03-30,2023-09-29,138
2023,HOU,madribl01,2023-06-24,2023-07-23,12
2023,CHN,madrini01,2023-04-01,2023-09-16,92
2023,MIN,maedake01,2023-04-04,2023-09-28,21
2023,PIT,maggidr01,2023-04-26,2023-04-29,3
2023,MIN,mahlety01,2023-04-03,2023-04-27,5
2023,CIN,mailelu01,2023-04-03,2023-10-01,78
2023,HOU,maldoma01,2023-03-30,2023-10-01,117
2023,SFN,manaese01,2023-04-03,2023-09-27,37
2023,CHN,mancitr01,2023-03-30,2023-07-31,79
2023,DET,mannima01,2023-04-04,2023-09-06,15
2023,TOR,manoaal01,2023-03-30,2023-08-10,19
2023,ARI,mantijo01,2023-04-18,2023-09-30,35
2023,PIT,marcatu01,2023-04-15,2023-07-24,75
2023,TBA,margoma01,2023-03-30,2023-10-01,99
2023,CHA,marisja01,2023-05-10,2023-05-19,9
2023,DET,marisja01,2023-05-31,2023-07-08,33
2023,LAN,marisja01,2023-07-15,2023-07-18,4
2023,CIN,mariomi01,2023-09-04,2023-09-04,1
2023,NYA,marinro01,2023-03-30,2023-09-09,45
2023,SEA,marloca01,2023-07-20,2023-09-08,34
2023,COL,marquge01,2023-03-30,2023-04-26,4
2023,KCA,marshal01,2023-06-30,2023-09-30,17
2023,PHI,marshbr02,2023-03-30,2023-10-01,133
2023,OAK,martiad01,2023-04-02,2023-09-29,22
2023,BOS,martich02,2023-03-30,2023-09-22,55
2023,LAN,martijd02,2023-03-30,2023-10-01,113
2023,ANA,martejo01,2023-09-03,2023-09-26,10
2023,ARI,martiju01,2023-07-07,2023-10-01,10
2023,TEX,martijp01,2023-08-11,2023-09-05,17
2023,ARI,marteke01,2023-03-30,2023-09-30,150
2023,SDN,martini01,2023-03-31,2023-09-29,63
2023,CIN,martini02,2023-08-23,2023-10-01,29
2023,CIN,marteno01,2023-08-19,2023-10-01,35
2023,NYN,martest01,2023-03-30,2023-08-05,86
2023,HOU,martise01,2023-03-31,2023-08-23,35
2023,PHI,marteyu01,2023-04-01,2023-09-19,40
2023,KCA,massemi02,2023-03-30,2023-10-01,129
2023,CHN,mastrmi01,2023-03-30,2023-10-01,61
2023,BAL,mateojo01,2023-03-30,2023-10-01,116
2023,PIT,mathima01,2023-04-10,2023-06-17,22
2023,SFN,mathima01,2023-08-07,2023-08-13,5
2023,SFN,matoslu02,2023-06-14,2023-09-30,76
2023,DET,matonni01,2023-03-30,2023-08-18,93
2023,HOU,matonph01,2023-03-31,2023-09-30,68
2023,SLN,matzst01,2023-04-04,2023-08-12,25
2023,NYN,mauriro01,2023-09-01,2023-10-01,26
2023,LAN,maydu01,2023-03-31,2023-05-17,9
2023,OAK,maytr01,2023-03-30,2023-09-30,49
2023,KCA,mayermi01,2023-05-17,2023-06-17,6
2023,TOR,mayzati01,2023-03-30,2023-10-01,69
2023,NYA,mcallza01,2023-09-12,2023-09-29,7
2023,KCA,mcartja01,2023-06-28,2023-10-01,18
2023,SEA,mccauda01,2023-04-17,2023-08-21,3
2023,BAL,mccanja02,2023-04-09,2023-10-01,70
2023,ARI,mccarja02,2023-03-30,2023-10-01,99
2023,TBA,mcclash01,2023-03-30,2023-08-02,21
2023,HOU,mccorch01,2023-04-01,2023-10-01,115
2023,TOR,mccoyma01,2023-08-30,2023-09-05,6
2023,PIT,mccutan01,2023-03-30,2023-09-04,112
2023,NYN,mcfartj01,2023-06-28,2023-07-09,3
2023,SEA,mcgeeea01,2023-04-29,2023-04-29,1
2023,ARI,mcgousc01,2023-03-31,2023-09-14,63
2023,BOS,mcguire01,2023-03-30,2023-10-01,72
2023,ATL,mchugco01,2023-03-30,2023-09-05,41
2023,BAL,mckenry01,2023-03-30,2023-09-24,89
2023,CLE,mckentr01,2023-06-04,2023-09-30,4
2023,NYA,mckinbi01,2023-06-08,2023-08-20,48
2023,DET,mckinza01,2023-03-30,2023-09-30,148
2023,CIN,mclaima01,2023-05-15,2023-08-27,89
2023,COL,mcmahry01,2023-03-30,2023-10-01,152
2023,KCA,mcmiljo01,2023-08-17,2023-08-27,4
2023,NYN,mcneije01,2023-03-30,2023-09-27,156
2023,DET,meadoau01,2023-03-30,2023-04-06,6
2023,TBA,meadcu01,2023-08-04,2023-10-01,24
2023,DET,meadopa01,2023-08-21,2023-10-01,37
2023,BAL,meansjo01,2023-09-12,2023-09-29,4
2023,COL,mearsni01,2023-04-30,2023-10-01,16
2023,SFN,mecklwa01,2023-08-14,2023-09-05,20
2023,ANA,medervi01,2023-06-30,2023-08-01,3
2023,OAK,medinlu02,2023-04-26,2023-09-28,23
2023,MIL,megiltr01,2023-05-17,2023-09-30,31
2023,NYN,megilty01,2023-04-01,2023-09-30,25
2023,TBA,mejiafr01,2023-04-01,2023-07-20,50
2023,MIL,mejiaje02,2023-07-05,2023-08-13,9
2023,KCA,melenmj01,2023-03-30,2023-10-01,148
2023,NYN,mendida01,2023-06-24,2023-09-30,35
2023,WAS,menesjo01,2023-03-30,2023-10-01,154
2023,SLN,mercaos01,2023-05-17,2023-07-01,20
2023,CHN,merryju01,2023-04-02,2023-09-29,69
2023,TOR,merriwh01,2023-03-30,2023-10-01,145
2023,CHN,mervima01,2023-05-05,2023-06-14,27
2023,HOU,meyerja02,2023-03-30,2023-10-01,112
2023,CHA,middlke01,2023-04-11,2023-07-29,39
2023,NYA,middlke01,2023-08-04,2023-09-29,12
2023,SLN,mikolmi01,2023-03-30,2023-10-01,35
2023,MIL,mileywa01,2023-04-04,2023-09-27,23
2023,CIN,millsal02,2023-07-01,2023-07-01,1
2023,TEX,millebr02,2023-03-30,2023-08-01,27
2023,SEA,millebr04,2023-05-02,2023-09-27,25
2023,LAN,millebo06,2023-05-23,2023-10-01,22
2023,WAS,milladr01,2023-08-28,2023-10-01,11
2023,OAK,millema03,2023-04-19,2023-10-01,10
2023,MIL,milleow01,2023-04-01,2023-09-09,90
2023,LAN,millesh01,2023-03-30,2023-09-28,36
2023,MIL,millety01,2023-04-30,2023-07-07,7
2023,LAN,millety01,2023-07-26,2023-08-29,2
2023,NYN,millety01,2023-08-14,2023-08-14,1
2023,MIL,milneho01,2023-04-02,2023-09-30,73
2023,SEA,milonto01,2023-04-14,2023-07-05,2
2023,ATL,minteaj01,2023-03-30,2023-09-30,70
2023,MIN,miranjo01,2023-03-30,2023-07-09,40
2023,ARI,misiean01,2023-04-20,2023-05-19,7
2023,DET,misiean01,2023-06-27,2023-06-27,1
2023,NYA,misiean01,2023-09-10,2023-09-15,3
2023,PIT,mitchca01,2023-06-20,2023-06-21,2
2023,MIL,mitchga01,2023-03-30,2023-10-01,19
2023,PIT,mlodzca01,2023-06-16,2023-09-29,35
2023,OAK,mollsa01,2023-04-01,2023-07-30,45
2023,CIN,mollsa01,2023-08-01,2023-09-30,25
2023,MIL,monasan01,2023-05-28,2023-10-01,92
2023,CHA,moncayo01,2023-03-30,2023-09-30,92
2023,ANA,moniami01,2023-05-13,2023-09-30,85
2023,COL,monteco01,2023-06-11,2023-07-02,18
2023,COL,monteel01,2023-03-30,2023-10-01,85
2023,NYA,montafr01,2023-09-30,2023-09-30,1
2023,SLN,montgjo01,2023-04-02,2023-07-28,21
2023,TEX,montgjo01,2023-08-04,2023-09-28,11
2023,HOU,montera01,2023-03-30,2023-10-01,68
2023,SEA,mooredy01,2023-06-07,2023-10-01,67
2023,ANA,moorema02,2023-04-03,2023-08-30,41
2023,CLE,moorema02,2023-09-02,2023-09-17,5
2023,MIA,moorema02,2023-09-23,2023-09-30,4
2023,PHI,mooremc01,2023-04-10,2023-04-15,3
2023,MIN,moranjo01,2023-04-02,2023-08-05,43
2023,SDN,morejad01,2023-06-21,2023-07-15,8
2023,CHN,morelch01,2023-05-09,2023-10-01,107
2023,PIT,moretda01,2023-03-30,2023-10-01,55
2023,ARI,morenga01,2023-03-30,2023-09-30,111
2023,CLE,morgael01,2023-03-31,2023-09-30,61
2023,ANA,moronre01,2023-05-21,2023-05-24,2
2023,CLE,morrico01,2023-06-13,2023-08-30,6
2023,ATL,mortoch02,2023-04-03,2023-09-22,30
2023,SLN,motteta01,2023-04-04,2023-08-30,29
2023,BAL,mountry01,2023-03-30,2023-10-01,115
2023,COL,moustmi01,2023-04-01,2023-06-21,47
2023,ANA,moustmi01,2023-06-26,2023-09-30,65
2023,NYN,muckeza01,2023-05-03,2023-06-09,3
2023,BAL,mullice01,2023-03-30,2023-10-01,116
2023,OAK,mulleky01,2023-03-30,2023-10-01,21
2023,LAN,muncyma01,2023-03-30,2023-10-01,135
2023,SEA,munozan01,2023-03-30,2023-09-30,52
2023,SEA,murfepe01,2023-03-31,2023-06-11,16
2023,BOS,murphch01,2023-06-07,2023-09-27,20
2023,ATL,murphse01,2023-03-30,2023-09-30,108
2023,SEA,murphto04,2023-04-01,2023-08-13,47
2023,SDN,musgrjo01,2023-04-22,2023-07-28,17
2023,HOU,mushipa01,2023-05-22,2023-09-12,14
2023,MIA,myersda01,2023-07-04,2023-09-16,22
2023,CIN,myerswi01,2023-03-30,2023-05-23,37
2023,SLN,naileja01,2023-05-07,2023-08-27,10
2023,CHA,naquity01,2023-09-27,2023-10-01,5
2023,MIA,nardian01,2023-03-30,2023-09-30,63
2023,NYN,narvaom01,2023-03-30,2023-09-30,49
2023,SLN,naughpa01,2023-04-02,2023-04-07,4
2023,CHA,navared01,2023-07-30,2023-09-09,8
2023,CLE,naylobo01,2023-05-21,2023-10-01,67
2023,CLE,naylojo01,2023-03-30,2023-10-01,121
2023,OAK,nealza01,2023-05-13,2023-10-01,14
2023,ARI,nelsoky01,2023-03-30,2023-10-01,68
2023,PHI,nelsoni01,2023-10-01,2023-10-01,1
2023,ARI,nelsory01,2023-04-03,2023-10-01,29
2023,HOU,nerishe01,2023-03-30,2023-09-30,71
2023,ANA,netoza01,2023-04-15,2023-10-01,84
2023,DET,nevinty01,2023-04-13,2023-10-01,41
2023,OAK,newcose01,2023-08-23,2023-09-15,7
2023,CIN,newmake01,2023-04-01,2023-08-15,74
2023,PIT,nicolky01,2023-09-19,2023-10-01,4
2023,NYN,nidoto01,2023-03-31,2023-06-03,22
2023,NYN,nimmobr01,2023-03-30,2023-09-28,152
2023,NYN,nittovi01,2023-06-23,2023-08-19,3
2023,OAK,nodary01,2023-03-30,2023-10-01,128
2023,NYN,nogosst01,2023-04-02,2023-06-08,13
2023,PHI,nolaaa01,2023-03-30,2023-09-26,32
2023,SDN,nolaau01,2023-03-30,2023-07-15,52
2023,MIA,nolinse01,2023-04-24,2023-04-24,1
2023,SLN,nootbla01,2023-03-30,2023-10-01,117
2023,CLE,norrida01,2023-06-18,2023-08-28,7
2023,MIN,oberba01,2023-04-23,2023-10-01,26
2023,SDN,odorro01,2023-04-01,2023-07-16,59
2023,BAL,ohearry01,2023-04-13,2023-10-01,112
2023,ANA,ohopplo01,2023-03-30,2023-10-01,51
2023,ANA,ohtansh01,2023-03-30,2023-09-03,158
2023,SEA,okeefbr01,2023-08-17,2023-09-11,8
2023,MIA,okertst01,2023-04-22,2023-09-30,64
2023,ANA,okeych01,2023-05-09,2023-05-14,2
2023,KCA,olivaed02,2023-03-30,2023-10-01,107
2023,OAK,ollerad01,2023-04-01,2023-05-03,9
2023,ATL,olsonma02,2023-03-30,2023-10-01,162
2023,DET,olsonre01,2023-06-02,2023-09-26,21
2023,SLN,oneilty01,2023-03-30,2023-09-16,72
2023,TEX,orneljo01,2023-08-07,2023-09-17,8
2023,BOS,ortka01,2023-03-30,2023-07-04,21
2023,MIN,ortegol01,2023-06-20,2023-08-22,10
2023,NYN,ortegra01,2023-08-01,2023-10-01,47
2023,BAL,ortizjo06,2023-04-27,2023-06-23,15
2023,PHI,ortizlu02,2023-04-16,2023-09-30,14
2023,PIT,ortizlu03,2023-05-09,2023-09-28,18
2023,NYN,ottavad01,2023-04-01,2023-09-30,66
2023,TEX,ottogl01,2023-06-30,2023-09-04,6
2023,LAN,outmaja01,2023-03-30,2023-10-01,151
2023,CIN,overtco01,2023-04-03,2023-04-14,3
2023,PIT,oviedjo01,2023-04-03,2023-09-27,32
2023,PIT,owingch01,2023-05-08,2023-05-31,11
2023,ATL,ozunama01,2023-03-30,2023-10-01,144
2023,PHI,pachecr01,2023-04-01,2023-10-01,48
2023,MIN,paddach01,2023-09-24,2023-09-30,3
2023,CHA,padilni01,2023-05-10,2023-07-06,3
2023,ANA,padloke01,2023-06-20,2023-06-24,3
2023,MIN,paganem01,2023-04-02,2023-09-30,66
2023,PIT,palacjo01,2023-05-09,2023-10-01,91
2023,SLN,palacri01,2023-08-17,2023-10-01,32
2023,CHN,palenda01,2023-07-04,2023-10-01,27
2023,SLN,pallaan01,2023-03-30,2023-09-30,62
2023,MIL,pannoth01,2023-06-30,2023-06-30,1
2023,TBA,paredis01,2023-03-30,2023-10-01,143
2023,ANA,parisky01,2023-09-01,2023-09-16,15
2023,TOR,parsowe01,2023-10-01,2023-10-01,1
2023,KCA,pasquvi01,2023-03-30,2023-06-09,61
2023,TBA,patinlu01,2023-06-09,2023-07-05,2
2023,CHA,patinlu01,2023-09-02,2023-09-30,7
2023,OAK,pattosp01,2023-05-04,2023-09-05,12
2023,BOS,paxtoja01,2023-05-12,2023-09-01,19
2023,MIL,payamjo01,2023-04-02,2023-09-30,69
2023,TOR,pearsna01,2023-04-25,2023-09-21,35
2023,SFN,pederjo01,2023-03-30,2023-10-01,121
2023,MIL,pegueel01,2023-04-23,2023-09-16,59
2023,PIT,pegueli01,2023-07-17,2023-10-01,59
2023,HOU,penaje02,2023-03-30,2023-10-01,150
2023,LAN,pepiory01,2023-08-19,2023-10-01,8
2023,LAN,peralda01,2023-03-30,2023-10-01,133
2023,MIL,peralfr01,2023-04-03,2023-09-24,30
2023,NYA,perazos02,2023-04-18,2023-10-01,52
2023,CHA,peralsa01,2023-05-04,2023-09-30,16
2023,NYA,peralwa01,2023-03-30,2023-09-14,63
2023,PIT,perdoan01,2023-06-03,2023-08-18,30
2023,ARI,perdoge01,2023-03-31,2023-10-01,144
2023,OAK,perezca02,2023-04-01,2023-09-30,68
2023,BAL,perezci01,2023-03-30,2023-10-01,65
2023,CHA,perezca03,2023-05-07,2023-10-01,27
2023,MIA,perezeu02,2023-05-12,2023-09-20,19
2023,NYA,pereiev01,2023-08-22,2023-10-01,27
2023,OAK,perezfr01,2023-08-12,2023-09-29,17
2023,TBA,perezhe02,2023-08-16,2023-08-16,1
2023,TEX,perezma02,2023-04-02,2023-10-01,35
2023,NYN,perezmi03,2023-05-13,2023-10-01,3
2023,SFN,perezro02,2023-03-30,2023-04-07,5
2023,KCA,perezsa02,2023-03-30,2023-10-01,140
2023,MIL,perkibl01,2023-04-19,2023-10-01,67
2023,NYN,peterda01,2023-03-31,2023-09-28,27
2023,OAK,peterja01,2023-03-30,2023-07-29,93
2023,ARI,peterja01,2023-08-01,2023-10-01,41
2023,ARI,pfaadbr01,2023-05-03,2023-09-27,19
2023,NYN,phamth01,2023-03-30,2023-07-30,79
2023,ARI,phamth01,2023-08-03,2023-09-30,50
2023,ANA,phillbr02,2023-03-30,2023-10-01,40
2023,CIN,phillco01,2023-09-05,2023-09-30,5
2023,LAN,phillev01,2023-03-31,2023-10-01,62
2023,CLE,pilkiko01,2023-04-25,2023-04-25,1
2023,ATL,pillake01,2023-04-04,2023-10-01,81
2023,OAK,pinama01,2023-07-04,2023-07-09,4
2023,TBA,pintore02,2023-07-22,2023-10-01,39
2023,COL,pintri01,2023-05-17,2023-05-17,1
2023,BOS,pivetni01,2023-04-04,2023-09-29,38
2023,PHI,plassmi01,2023-09-30,2023-09-30,1
2023,CLE,plesaza01,2023-04-03,2023-04-29,5
2023,TBA,pocheco01,2023-03-30,2023-09-29,66
2023,MIN,polanjo01,2023-04-21,2023-09-29,80
2023,SEA,polloaj01,2023-04-02,2023-07-21,49
2023,SFN,polloaj01,2023-08-01,2023-08-08,5
2023,TOR,popza01,2023-03-30,2023-05-04,15
2023,KCA,portelo01,2023-09-12,2023-09-30,11
2023,KCA,prattni01,2023-04-05,2023-10-01,95
2023,HOU,pressry01,2023-03-30,2023-09-29,65
2023,PIT,priesqu01,2023-07-17,2023-09-30,10
2023,COL,profaju01,2023-04-02,2023-08-25,111
2023,SDN,profaju01,2023-09-09,2023-10-01,14
2023,OAK,pruitau01,2023-05-04,2023-08-16,38
2023,MIA,pukaj01,2023-03-31,2023-09-30,58
2023,CLE,quantca01,2023-04-02,2023-09-29,19
2023,SLN,quereju01,2023-09-15,2023-10-01,9
2023,MIA,quezajo01,2023-05-02,2023-05-02,1
2023,ANA,quijajo01,2023-04-03,2023-04-27,10
2023,NYN,quintjo01,2023-07-20,2023-09-30,13
2023,BOS,rafaece01,2023-08-28,2023-10-01,28
2023,TEX,raganco01,2023-03-30,2023-06-12,17
2023,KCA,raganco01,2023-07-15,2023-09-28,12
2023,WAS,raineta01,2023-09-30,2023-09-30,1
2023,NYN,raleybr01,2023-03-30,2023-09-30,66
2023,SEA,raleica01,2023-03-30,2023-10-01,145
2023,TBA,raleylu01,2023-03-30,2023-09-20,118
2023,WAS,ramirer02,2023-03-30,2023-06-06,23
2023,TBA,ramirer02,2023-07-30,2023-09-29,15
2023,TBA,ramirha02,2023-03-30,2023-10-01,122
2023,CLE,ramirjo01,2023-03-30,2023-10-01,156
2023,NYA,ramirni01,2023-04-25,2023-09-29,32
2023,PIT,ramiryo01,2023-04-19,2023-08-23,26
2023,CHA,ramiryo01,2023-09-22,2023-10-01,5
2023,CIN,ramoshe01,2023-04-24,2023-08-19,23
2023,SFN,ramoshe02,2023-04-09,2023-09-30,25
2023,CHA,ramsela02,2023-08-06,2023-09-29,21
2023,TBA,rasmudr01,2023-04-03,2023-05-11,8
2023,SEA,rayro02,2023-03-31,2023-03-31,1
2023,MIL,reaco01,2023-04-13,2023-09-29,26
2023,PHI,realmjt01,2023-03-30,2023-09-30,135
2023,LAN,reedja02,2023-04-21,2023-04-21,1
2023,BOS,refsnro01,2023-03-30,2023-10-01,89
2023,NYN,reidfse01,2023-08-23,2023-09-11,8
2023,CHA,remilza01,2023-06-17,2023-10-01,54
2023,ANA,rendoan01,2023-03-30,2023-07-04,43
2023,ANA,renfrhu01,2023-03-30,2023-08-30,126
2023,CIN,renfrhu01,2023-09-01,2023-09-17,14
2023,ANA,rengilu01,2023-03-30,2023-09-07,126
2023,NYN,reyesde02,2023-04-04,2023-10-01,9
2023,KCA,reyesfr01,2023-03-30,2023-04-30,19
2023,ANA,reyesge01,2023-06-10,2023-09-06,8
2023,BOS,reyespa01,2023-05-13,2023-10-01,64
2023,PIT,reynobr01,2023-03-30,2023-09-30,145
2023,CIN,reynoma03,2023-04-30,2023-05-02,2
2023,CIN,richaly01,2023-08-06,2023-09-06,4
2023,TOR,richatr01,2023-04-02,2023-10-01,56
2023,ATL,rileyau01,2023-03-30,2023-10-01,159
2023,CHN,riosed01,2023-04-01,2023-06-03,18
2023,OAK,riosya01,2023-06-22,2023-06-28,3
2023,SDN,rivasal01,2023-06-03,2023-07-30,8
2023,PIT,rivasal01,2023-08-03,2023-10-01,40
2023,ARI,riverem01,2023-04-25,2023-10-01,86
2023,NYA,rizzoan01,2023-03-30,2023-08-01,99
2023,NYN,roberda08,2023-03-30,2023-07-25,40
2023,MIA,roberda08,2023-07-30,2023-09-30,22
2023,CHA,roberlu01,2023-03-30,2023-09-24,145
2023,LAN,roberni01,2023-06-07,2023-07-18,9
2023,BOS,roberni01,2023-08-06,2023-10-01,9
2023,WAS,roblevi01,2023-03-30,2023-06-20,36
2023,CLE,rocchbr01,2023-05-16,2023-10-01,23
2023,COL,rodgebr02,2023-07-31,2023-10-01,46
2023,NYA,rodonca01,2023-07-07,2023-09-29,14
2023,MIN,rodride01,2023-05-12,2023-05-12,1
2023,ATL,rodride01,2023-05-28,2023-09-17,3
2023,DET,rodried05,2023-03-30,2023-10-01,26
2023,TBA,rodriel02,2023-07-07,2023-07-07,1
2023,PIT,rodrien01,2023-07-17,2023-09-30,57
2023,BAL,rodrigr01,2023-04-05,2023-09-27,23
2023,BOS,rodrijo04,2023-05-17,2023-07-25,11
2023,SEA,rodrijo06,2023-04-11,2023-04-11,1
2023,SEA,rodriju01,2023-03-30,2023-10-01,155
2023,CHA,rodrijo09,2023-06-20,2023-06-20,1
2023,TEX,rodriye01,2023-04-30,2023-07-28,13
2023,DET,rogerja03,2023-04-01,2023-10-01,107
2023,SFN,rogerta01,2023-04-01,2023-10-01,60
2023,SFN,rogerty01,2023-03-30,2023-09-30,68
2023,MIA,rogertr01,2023-04-02,2023-04-19,4
2023,ARI,rojasjo01,2023-03-31,2023-07-30,59
2023,SEA,rojasjo01,2023-08-01,2023-10-01,46
2023,PHI,rojasjo03,2023-07-15,2023-10-01,59
2023,LAN,rojasmi02,2023-03-30,2023-09-29,125
2023,SLN,romdr01,2023-08-21,2023-09-30,8
2023,TOR,romanjo03,2023-03-30,2023-09-30,59
2023,SLN,romerjo01,2023-04-18,2023-09-01,27
2023,OAK,rookebr01,2023-03-30,2023-10-01,137
2023,NYA,rortvbe01,2023-05-20,2023-09-27,32
2023,CLE,rosaram01,2023-03-30,2023-07-25,94
2023,LAN,rosaram01,2023-07-28,2023-10-01,48
2023,ATL,rosared01,2023-04-01,2023-10-01,142
2023,SDN,rosareg01,2023-09-10,2023-10-01,11
2023,ANA,rosenke01,2023-08-11,2023-09-30,7
2023,OAK,rucindr01,2023-04-28,2023-05-15,4
2023,CHN,ruckemi01,2023-04-01,2023-08-23,35
2023,SFN,rufda01,2023-04-12,2023-04-23,9
2023,MIL,rufda01,2023-05-15,2023-06-02,11
2023,OAK,ruizes01,2023-03-30,2023-10-01,132
2023,CHA,ruizjo01,2023-03-31,2023-04-06,4
2023,ARI,ruizjo01,2023-04-11,2023-07-23,34
2023,WAS,ruizke01,2023-03-30,2023-10-01,136
2023,WAS,ruthebl01,2023-08-04,2023-09-19,16
2023,WAS,rutleja01,2023-09-13,2023-10-01,4
2023,BAL,rutscad01,2023-03-30,2023-10-01,154
2023,MIN,ryanjo04,2023-04-02,2023-09-29,29
2023,SEA,ryanry01,2023-08-11,2023-08-11,1
2023,TOR,ryuhy01,2023-08-01,2023-09-30,11
2023,ARI,saalfan01,2023-09-05,2023-09-29,10
2023,SFN,sabolbl01,2023-03-30,2023-10-01,110
2023,HOU,salazce01,2023-04-02,2023-06-19,13
2023,CIN,salazed01,2023-05-24,2023-07-01,8
2023,BOS,salech01,2023-04-01,2023-09-28,20
2023,PHI,sanchcr01,2023-04-22,2023-09-30,19
2023,NYN,sanchga02,2023-05-21,2023-05-23,3
2023,SDN,sanchga02,2023-05-30,2023-09-06,72
2023,MIA,sanchje02,2023-04-01,2023-10-01,125
2023,MIN,sandsco01,2023-04-03,2023-09-03,15
2023,CLE,sandlni01,2023-03-31,2023-10-01,61
2023,ANA,sandopa02,2023-04-01,2023-09-25,28
2023,CIN,sanmare01,2023-04-01,2023-05-07,14
2023,BAL,santaan02,2023-03-30,2023-10-01,153
2023,PIT,santaca01,2023-03-30,2023-07-26,94
2023,MIL,santaca01,2023-07-29,2023-10-01,52
2023,NYN,santade01,2023-04-01,2023-08-18,9
2023,CHA,santogr01,2023-04-01,2023-09-16,60
2023,CIN,santito01,2023-07-06,2023-07-18,3
2023,SEA,sauceta01,2023-04-19,2023-09-30,52
2023,TEX,sborzjo01,2023-04-15,2023-09-30,44
2023,ANA,schanno01,2023-08-18,2023-09-30,29
2023,NYN,scherma01,2023-03-30,2023-07-28,19
2023,TEX,scherma01,2023-08-03,2023-09-12,8
2023,NYA,schmicl01,2023-04-01,2023-09-30,33
2023,SFN,schmica01,2023-05-09,2023-10-01,90
2023,TOR,schneda03,2023-08-04,2023-10-01,35
2023,DET,schoojo01,2023-03-30,2023-07-06,55
2023,CHA,scholje01,2023-04-07,2023-09-20,26
2023,BOS,schrejo01,2023-04-01,2023-10-01,46
2023,PHI,schwaky01,2023-03-30,2023-10-01,160
2023,MIA,scottta01,2023-03-30,2023-09-30,74
2023,LAN,scottta02,2023-06-03,2023-06-16,6
2023,BOS,scottta02,2023-07-04,2023-07-15,4
2023,OAK,scottta02,2023-07-21,2023-08-18,8
2023,COL,seaboco01,2023-04-03,2023-10-01,27
2023,TEX,seageco01,2023-03-30,2023-10-01,119
2023,SDN,seaglch01,2023-09-30,2023-09-30,1
2023,OAK,searsjp01,2023-04-04,2023-10-01,32
2023,MIA,segurje01,2023-03-30,2023-07-31,85
2023,PIT,selbyco01,2023-08-09,2023-09-29,21
2023,TEX,semiema01,2023-03-30,2023-10-01,162
2023,NYN,sengako01,2023-04-02,2023-09-27,29
2023,COL,senzaan01,2023-05-05,2023-05-10,2
2023,CIN,senzeni01,2023-04-13,2023-10-01,104
2023,COL,servebr01,2023-04-02,2023-06-14,11
2023,NYA,severlu01,2023-05-21,2023-09-08,19
2023,SEA,sewalpa01,2023-03-30,2023-07-28,45
2023,ARI,sewalpa01,2023-08-05,2023-09-27,20
2023,CHA,shawbr01,2023-07-02,2023-10-01,38
2023,LAN,sheehem01,2023-06-16,2023-09-27,13
2023,CHA,sheetga01,2023-03-31,2023-10-01,118
2023,BOS,sherrry01,2023-05-16,2023-06-03,5
2023,ATL,shewmbr01,2023-05-05,2023-05-06,2
2023,DET,shortza01,2023-04-29,2023-10-01,112
2023,DET,shrevch01,2023-03-30,2023-08-10,47
2023,CIN,shrevch01,2023-09-03,2023-09-08,3
2023,ATL,shustja01,2023-04-02,2023-09-16,11
2023,CIN,sianimi01,2023-08-23,2023-08-26,3
2023,SLN,sianimi01,2023-09-22,2023-09-29,5
2023,ANA,silsech01,2023-04-26,2023-09-29,16
2023,CIN,simslu01,2023-04-19,2023-09-30,67
2023,KCA,singebr01,2023-04-03,2023-09-18,29
2023,MIL,singljo02,2023-06-03,2023-06-14,11
2023,HOU,singljo02,2023-08-08,2023-10-01,25
2023,TBA,sirijo01,2023-03-30,2023-09-11,101
2023,DET,skubata01,2023-07-04,2023-09-27,15
2023,SFN,slateau01,2023-04-24,2023-09-30,89
2023,MIL,smallet01,2023-05-26,2023-09-28,2
2023,MIA,smeltde01,2023-04-10,2023-09-07,9
2023,ATL,smithaj01,2023-06-04,2023-09-28,6
2023,OAK,smithch10,2023-04-12,2023-07-23,10
2023,PIT,smithca04,2023-03-30,2023-06-09,15
2023,WAS,smithdo02,2023-03-30,2023-10-01,153
2023,NYN,smithdr01,2023-03-30,2023-09-30,63
2023,TEX,smithjo09,2023-03-30,2023-09-29,90
2023,OAK,smithke05,2023-04-10,2023-09-24,49
2023,ARI,smithpa04,2023-04-09,2023-09-11,69
2023,TEX,smithwi04,2023-04-02,2023-09-29,60
2023,LAN,smithwi05,2023-03-30,2023-10-01,126
2023,CHN,smylydr01,2023-04-03,2023-10-01,41
2023,OAK,sneadki01,2023-08-01,2023-09-03,15
2023,SDN,snellbl01,2023-03-30,2023-09-25,32
2023,KCA,snideco01,2023-07-02,2023-09-30,20
2023,OAK,soderty01,2023-07-14,2023-10-01,45
2023,MIN,solando01,2023-03-30,2023-10-01,134
2023,ATL,solakni01,2023-04-26,2023-04-26,1
2023,DET,solakni01,2023-06-10,2023-06-10,1
2023,MIA,solerjo01,2023-03-30,2023-09-30,137
2023,ARI,solompe01,2023-04-09,2023-04-30,5
2023,MIA,soriage01,2023-04-16,2023-09-30,26
2023,ANA,soriajo02,2023-06-03,2023-09-30,38
2023,ATL,sorokmi01,2023-05-29,2023-09-05,7
2023,PHI,sosaed01,2023-04-01,2023-10-01,104
2023,CHA,sosale01,2023-04-11,2023-10-01,52
2023,PHI,sotogr01,2023-03-30,2023-10-01,69
2023,SDN,sotoju01,2023-03-30,2023-10-01,162
2023,ANA,sotoli01,2023-05-18,2023-06-03,4
2023,MIL,sousabe01,2023-05-08,2023-06-07,2
2023,HOU,sousabe01,2023-09-15,2023-10-01,5
2023,TEX,speasal01,2023-07-19,2023-07-24,3
2023,SEA,speiega01,2023-04-01,2023-09-30,69
2023,CIN,spierca01,2023-09-03,2023-09-29,4
2023,TOR,springe01,2023-03-30,2023-09-30,154
2023,TBA,sprinje01,2023-04-02,2023-04-13,3
2023,MIA,stallja01,2023-03-30,2023-10-01,89
2023,NYA,stantmi03,2023-03-30,2023-09-28,101
2023,HOU,stanery01,2023-04-01,2023-09-26,55
2023,KCA,staumjo01,2023-04-14,2023-06-05,21
2023,CHN,steelju01,2023-04-01,2023-09-26,30
2023,CIN,steersp01,2023-03-30,2023-09-30,156
2023,ANA,stefami01,2023-06-17,2023-10-01,25
2023,ATL,stephja01,2023-09-11,2023-09-29,5
2023,PIT,stephro01,2023-04-14,2023-05-31,18
2023,TBA,stephro01,2023-06-03,2023-09-30,42
2023,CIN,stephty01,2023-03-30,2023-10-01,142
2023,CLE,stephtr01,2023-03-30,2023-10-01,71
2023,MIN,stevean01,2023-09-01,2023-10-01,25
2023,SFN,steveca01,2023-05-02,2023-05-08,6
2023,MIN,stewabr01,2023-04-27,2023-10-01,28
2023,NYN,stewadj01,2023-07-04,2023-10-01,58
2023,LAN,stonega01,2023-05-03,2023-09-22,8
2023,BOS,storytr01,2023-08-08,2023-10-01,43
2023,PHI,stottbr01,2023-03-30,2023-10-01,151
2023,CIN,stoudle01,2023-04-19,2023-07-23,4
2023,BAL,stoweky01,2023-04-02,2023-05-14,14
2023,SLN,stratch01,2023-04-02,2023-07-28,42
2023,TEX,stratch01,2023-08-02,2023-09-26,22
2023,PIT,strathu01,2023-09-05,2023-09-29,8
2023,PHI,strahma01,2023-03-30,2023-10-01,56
2023,CLE,strawmy01,2023-03-30,2023-09-30,147
2023,SFN,stripro01,2023-04-02,2023-10-01,22
2023,ATL,stridsp01,2023-04-01,2023-09-30,32
2023,CHN,stromma01,2023-03-30,2023-09-28,27
2023,MIL,strzepe01,2023-03-30,2023-06-27,36
2023,ARI,strzepe01,2023-08-19,2023-08-19,1
2023,PHI,stubbga01,2023-04-01,2023-10-01,41
2023,SLN,suarean01,2023-07-26,2023-09-29,13
2023,SEA,suareeu01,2023-03-30,2023-10-01,162
2023,ANA,suarejo01,2023-04-04,2023-10-01,11
2023,PHI,suarera01,2023-05-13,2023-09-27,22
2023,SDN,suarero01,2023-07-21,2023-09-29,27
2023,LAN,suerowa01,2023-05-05,2023-09-10,5
2023,SDN,sullibr01,2023-04-18,2023-10-01,33
2023,ARI,sulseco01,2023-03-30,2023-07-30,4
2023,COL,suterbr01,2023-03-31,2023-10-01,57
2023,PIT,suwinja01,2023-03-30,2023-10-01,144
2023,CHN,suzukse01,2023-04-14,2023-09-30,138
2023,CHN,swansda01,2023-03-30,2023-09-30,147
2023,TOR,swanser01,2023-03-30,2023-10-01,69
2023,SEA,sweetde01,2023-07-19,2023-08-01,2
2023,OAK,sweetde01,2023-09-08,2023-09-19,5
2023,LAN,syndeno01,2023-04-02,2023-06-07,12
2023,CLE,syndeno01,2023-07-31,2023-08-27,6
2023,CHN,taillja01,2023-04-02,2023-09-30,30
2023,SDN,tapiado01,2023-03-30,2023-07-03,15
2023,BOS,tapiara01,2023-03-30,2023-06-03,39
2023,MIL,tapiara01,2023-06-14,2023-07-21,20
2023,TBA,tapiara01,2023-09-23,2023-10-01,5
2023,OAK,tarnofr01,2023-07-15,2023-08-09,5
2023,SDN,tatisfe02,2023-04-20,2023-10-01,141
2023,CHN,tauchmi01,2023-05-19,2023-10-01,108
2023,TEX,taverle01,2023-04-12,2023-10-01,143
2023,LAN,tayloch03,2023-04-01,2023-10-01,117
2023,KCA,taylojo02,2023-04-16,2023-05-27,17
2023,MIN,taylomi02,2023-03-30,2023-09-30,129
2023,KCA,taylosa04,2023-06-17,2023-09-03,31
2023,MIL,tayloty01,2023-05-02,2023-10-01,81
2023,MIL,teherju01,2023-05-25,2023-09-28,14
2023,MIL,tellero01,2023-03-30,2023-10-01,106
2023,CLE,tenajo01,2023-08-05,2023-10-01,18
2023,ANA,teperry01,2023-03-30,2023-05-13,10
2023,SLN,teperry01,2023-07-17,2023-07-19,2
2023,ANA,thaisma01,2023-04-02,2023-09-13,95
2023,SEA,thenju01,2023-05-06,2023-05-29,9
2023,MIN,thielca01,2023-03-30,2023-09-30,36
2023,ARI,thomaal01,2023-03-31,2023-10-01,125
2023,TEX,thompbu01,2023-03-30,2023-07-30,37
2023,OAK,thomaco01,2023-07-08,2023-08-13,19
2023,CHN,thompke02,2023-03-30,2023-09-07,19
2023,WAS,thomala02,2023-03-30,2023-10-01,157
2023,WAS,thompma02,2023-03-30,2023-09-10,51
2023,TBA,thompry02,2023-04-02,2023-07-06,18
2023,ARI,thompry02,2023-08-27,2023-09-29,13
2023,LAN,thomptr01,2023-04-01,2023-06-03,36
2023,CHA,thomptr01,2023-08-03,2023-10-01,36
2023,SLN,thompza02,2023-03-30,2023-09-27,25
2023,TOR,thorntr01,2023-06-19,2023-06-30,4
2023,SEA,thorntr01,2023-08-01,2023-10-01,23
2023,COL,toglimi01,2023-05-15,2023-08-30,45
2023,ATL,tonkimi01,2023-04-02,2023-10-01,45
2023,SEA,topaju01,2023-04-09,2023-09-30,75
2023,DET,torkesp01,2023-03-30,2023-10-01,159
2023,MIL,toroab01,2023-05-30,2023-08-16,9
2023,NYA,torregl01,2023-03-30,2023-09-30,158
2023,CHN,torrelu01,2023-04-01,2023-04-23,13
2023,SEA,torrelu01,2023-09-12,2023-10-01,5
2023,CLE,toussto01,2023-06-16,2023-06-16,1
2023,CHA,toussto01,2023-06-21,2023-09-28,19
2023,COL,tovarez01,2023-03-30,2023-10-01,153
2023,SEA,trammta01,2023-04-30,2023-07-24,22
2023,COL,trejoal01,2023-03-30,2023-09-30,83
2023,NYA,trevijo01,2023-03-30,2023-07-17,55
2023,PIT,triolja01,2023-06-28,2023-10-01,54
2023,ATL,trompch01,2023-04-16,2023-05-07,6
2023,ANA,troutmi01,2023-03-30,2023-08-22,82
2023,COL,tuckeco01,2023-08-08,2023-09-09,5
2023,HOU,tuckeky01,2023-03-30,2023-10-01,157
2023,MIL,turanbr02,2023-03-30,2023-10-01,137
2023,BOS,turneju01,2023-03-30,2023-10-01,146
2023,DET,turnbsp01,2023-04-01,2023-05-06,7
2023,PHI,turnetr01,2023-03-30,2023-09-30,155
2023,NYN,ucetaed01,2023-04-22,2023-04-22,1
2023,PHI,uelmeer01,2023-05-19,2023-05-19,1
2023,PIT,underdu01,2023-04-02,2023-05-26,20
2023,COL,urenajo01,2023-04-01,2023-04-23,5
2023,CHA,urenajo01,2023-09-09,2023-10-01,5
2023,LAN,uriasju01,2023-03-30,2023-09-01,21
2023,MIL,uriaslu01,2023-03-30,2023-06-28,20
2023,BOS,uriaslu01,2023-08-04,2023-09-20,32
2023,BAL,uriasra01,2023-03-30,2023-10-01,116
2023,MIL,uribeab01,2023-07-08,2023-09-30,32
2023,HOU,urquijo01,2023-04-01,2023-09-29,16
2023,ANA,urshegi01,2023-03-30,2023-06-15,62
2023,BOS,valdeen01,2023-04-19,2023-10-01,49
2023,HOU,valdefr01,2023-03-30,2023-09-27,31
2023,BAL,vallich01,2023-07-03,2023-07-03,1
2023,ARI,vargaca01,2023-03-30,2023-04-11,5
2023,WAS,vargail01,2023-04-01,2023-10-01,86
2023,LAN,vargami01,2023-03-30,2023-07-08,81
2023,MIL,varlagu01,2023-03-30,2023-05-15,8
2023,LAN,varlagu01,2023-08-16,2023-09-09,8
2023,MIN,varlalo01,2023-04-14,2023-09-28,17
2023,TOR,varshda01,2023-03-30,2023-10-01,158
2023,PHI,vasquan02,2023-03-30,2023-07-30,30
2023,DET,vasquan02,2023-08-06,2023-09-30,12
2023,NYA,vasqura02,2023-05-26,2023-09-29,11
2023,CHA,vaughan01,2023-03-30,2023-10-01,152
2023,BAL,vavrate01,2023-04-02,2023-05-31,27
2023,MIN,vazquch01,2023-03-30,2023-10-01,102
2023,ANA,velazan01,2023-06-15,2023-09-02,54
2023,CHN,velazne01,2023-04-10,2023-05-07,13
2023,KCA,velazne01,2023-08-10,2023-09-30,40
2023,PIT,velasvi01,2023-04-02,2023-05-27,8
2023,KCA,venezan01,2023-09-26,2023-09-28,2
2023,BOS,verdual01,2023-03-30,2023-10-01,142
2023,SLN,verhadr01,2023-03-30,2023-09-30,60
2023,NYN,verlaju01,2023-05-04,2023-07-30,16
2023,HOU,verlaju01,2023-08-05,2023-09-30,11
2023,LAN,vesiaal01,2023-03-31,2023-09-27,56
2023,BAL,vespini01,2023-06-30,2023-08-20,9
2023,DET,vestwi01,2023-04-22,2023-10-01,48
2023,MIL,vieirth01,2023-09-08,2023-09-17,2
2023,NYN,vientma01,2023-05-17,2023-10-01,65
2023,DET,vierlma01,2023-03-30,2023-10-01,134
2023,SFN,villada01,2023-03-30,2023-07-24,46
2023,CLE,vilorme01,2023-04-02,2023-04-30,10
2023,ATL,vinesda01,2023-08-30,2023-09-27,5
2023,COL,vodnivi01,2023-09-09,2023-09-30,6
2023,NYN,vogelda01,2023-03-30,2023-09-22,104
2023,MIL,voitlu01,2023-04-01,2023-05-13,22
2023,NYA,volpean01,2023-03-30,2023-10-01,159
2023,CIN,vosleja01,2023-03-30,2023-04-23,20
2023,BAL,vothau01,2023-04-01,2023-08-30,25
2023,CIN,vottojo01,2023-06-19,2023-10-01,65
2023,SDN,wachami01,2023-04-01,2023-09-30,24
2023,SFN,wadela01,2023-03-30,2023-10-01,135
2023,OAK,wadety01,2023-04-14,2023-07-09,26
2023,SLN,wainwad01,2023-05-06,2023-10-01,23
2023,SFN,waiteco01,2023-05-07,2023-05-11,3
2023,OAK,waldike01,2023-04-02,2023-09-29,35
2023,SDN,waldrma01,2023-06-24,2023-09-27,8
2023,ARI,walkech02,2023-03-30,2023-09-30,157
2023,SLN,walkejo02,2023-03-30,2023-10-01,117
2023,NYN,walkejo03,2023-05-16,2023-08-12,14
2023,SFN,walkery01,2023-05-21,2023-09-30,49
2023,PHI,walketa01,2023-04-03,2023-09-30,31
2023,ANA,wallach01,2023-04-21,2023-09-23,65
2023,ATL,wallfo01,2023-07-22,2023-09-29,15
2023,MIN,wallnma01,2023-04-09,2023-10-01,76
2023,TBA,wallsta01,2023-03-30,2023-09-30,99
2023,ANA,walshja01,2023-05-20,2023-09-27,39
2023,BOS,waltebr01,2023-06-22,2023-09-14,9
2023,ANA,wantzan01,2023-04-02,2023-09-30,27
2023,ANA,wardta01,2023-03-30,2023-07-29,97
2023,WAS,wardth01,2023-04-01,2023-09-27,26
2023,ANA,warreau01,2023-04-22,2023-04-23,2
2023,KCA,waterdr01,2023-05-26,2023-09-30,98
2023,OAK,watkisp01,2023-08-15,2023-08-15,1
2023,SDN,weathry01,2023-04-03,2023-07-15,12
2023,MIA,weathry01,2023-08-05,2023-10-01,3
2023,CIN,weavelu01,2023-04-20,2023-08-13,21
2023,SEA,weavelu01,2023-08-23,2023-09-09,5
2023,NYA,weavelu01,2023-09-16,2023-09-28,3
2023,ANA,webbja01,2023-05-23,2023-08-04,29
2023,BAL,webbja01,2023-08-09,2023-09-30,25
2023,SFN,webblo01,2023-03-30,2023-09-25,33
2023,NYA,weberry01,2023-05-11,2023-06-02,8
2023,WAS,weemsjo01,2023-04-29,2023-09-30,51
2023,NYA,weissgr01,2023-04-18,2023-10-01,17
2023,ANA,weissza01,2023-05-19,2023-07-27,6
2023,BOS,weissza01,2023-09-09,2023-09-20,6
2023,NYA,wellsau01,2023-09-01,2023-10-01,19
2023,BAL,wellsty01,2023-04-03,2023-10-01,25
2023,MIA,wendljo01,2023-03-30,2023-10-01,112
2023,DET,wentzjo01,2023-04-02,2023-09-29,25
2023,CHN,wesneha01,2023-04-04,2023-09-30,34
2023,BAL,westbjo01,2023-06-26,2023-10-01,68
2023,PHI,wheelza01,2023-04-01,2023-09-28,32
2023,DET,whitebr01,2023-06-14,2023-09-08,33
2023,ATL,whiteel04,2023-04-09,2023-04-22,6
2023,BOS,whitlga01,2023-04-11,2023-09-29,22
2023,TOR,whitemi03,2023-06-10,2023-07-25,10
2023,TEX,whiteow01,2023-06-13,2023-07-26,2
2023,CHN,wicksjo01,2023-08-26,2023-09-30,7
2023,MIL,wiemejo01,2023-04-01,2023-09-16,132
2023,WAS,william01,2023-06-28,2023-09-16,18
2023,PIT,willial04,2023-07-25,2023-09-24,46
2023,CIN,willibr02,2023-05-16,2023-09-29,23
2023,MIL,willide03,2023-04-01,2023-09-30,61
2023,CLE,williga01,2023-06-21,2023-09-17,16
2023,LAN,willilu01,2023-04-18,2023-04-21,4
2023,ATL,willilu01,2023-08-19,2023-09-29,7
2023,WAS,willitr01,2023-04-03,2023-09-29,30
2023,MIL,wilsobr02,2023-04-03,2023-09-29,53
2023,SDN,wilsost02,2023-03-30,2023-08-27,52
2023,PHI,wilsowe01,2023-08-09,2023-10-01,8
2023,ATL,winanal01,2023-07-22,2023-09-29,6
2023,BOS,winckjo01,2023-03-30,2023-09-30,60
2023,MIN,windejo01,2023-04-30,2023-09-23,19
2023,DET,wingetr01,2023-04-01,2023-09-29,17
2023,MIL,winkeje01,2023-03-30,2023-07-24,61
2023,SFN,winnke01,2023-06-13,2023-09-29,9
2023,SLN,winnma01,2023-08-18,2023-10-01,37
2023,CHN,wisdopa01,2023-03-30,2023-10-01,97
2023,SFN,wiselbr01,2023-03-30,2023-07-28,51
2023,KCA,wittbo02,2023-03-30,2023-10-01,158
2023,KCA,wittgni01,2023-05-24,2023-08-14,27
2023,SDN,wolfja01,2023-07-22,2023-07-22,1
2023,BOS,wongco01,2023-03-30,2023-10-01,126
2023,CIN,wongja01,2023-06-26,2023-06-26,1
2023,SEA,wongko01,2023-03-30,2023-07-30,67
2023,LAN,wongko01,2023-09-01,2023-10-01,20
2023,SEA,woobr01,2023-06-03,2023-09-29,18
2023,SFN,woodal02,2023-04-06,2023-09-26,29
2023,MIL,woodrbr01,2023-04-01,2023-09-23,11
2023,SLN,woodfja01,2023-04-03,2023-09-29,15
2023,MIN,woodssi01,2023-04-22,2023-04-22,1
2023,ATL,wrighky01,2023-04-11,2023-09-28,9
2023,SFN,wynnsau01,2023-04-09,2023-04-09,1
2023,LAN,wynnsau01,2023-04-17,2023-04-26,5
2023,COL,wynnsau01,2023-05-05,2023-10-01,45
2023,CIN,wynnera01,2023-06-25,2023-06-25,1
2023,NYN,yacabji01,2023-04-16,2023-08-11,7
2023,KCA,yarbrry01,2023-04-01,2023-07-30,14
2023,LAN,yarbrry01,2023-08-05,2023-09-28,11
2023,SFN,yastrmi01,2023-03-30,2023-10-01,106
2023,ATL,yateski01,2023-04-01,2023-09-30,61
2023,MIL,yelicch01,2023-03-30,2023-10-01,144
2023,SLN,yepezju01,2023-04-04,2023-09-30,28
2023,BOS,yoshima02,2023-03-30,2023-10-01,140
2023,CIN,youngal01,2023-03-30,2023-10-01,63
2023,ATL,youngda02,2023-04-08,2023-05-15,8
2023,CHN,youngja02,2023-06-28,2023-10-01,16
2023,WAS,youngja03,2023-08-26,2023-10-01,33
2023,PIT,zastrro01,2023-03-30,2023-09-03,21
2023,CHA,zavalse01,2023-04-01,2023-08-02,66
2023,ARI,zavalse01,2023-09-10,2023-10-01,7
2023,KCA,zerpaan01,2023-08-02,2023-09-30,15
2023,BAL,zimmebr02,2023-06-03,2023-09-30,7
2023,SLN,zuniggu01,2023-05-02,2023-08-19,2
2023,CLE,zuninmi01,2023-03-30,2023-06-14,42
2024,CIN,abbotan01,2024-04-01,2024-08-18,25
2024,WAS,abramcj01,2024-03-28,2024-09-20,138
2024,HOU,abreubr01,2024-03-30,2024-09-27,78
2024,HOU,abreujo02,2024-03-28,2024-06-12,35
2024,BOS,abreuwi02,2024-03-30,2024-09-29,132
2024,NYN,acunajo01,2024-09-14,2024-09-30,14
2024,ATL,acunaro01,2024-03-29,2024-05-26,49
2024,OAK,adamsau02,2024-03-29,2024-08-13,56
2024,TBA,adamja01,2024-03-29,2024-07-26,47
2024,SDN,adamja01,2024-07-31,2024-09-27,27
2024,ANA,adamsjo03,2024-09-08,2024-09-26,11
2024,WAS,adamsri03,2024-04-01,2024-08-20,41
2024,MIL,adamewi01,2024-03-29,2024-09-29,161
2024,NYN,adcocty01,2024-06-29,2024-07-05,3
2024,ANA,adelljo01,2024-03-28,2024-09-06,130
2024,WAS,adonjo01,2024-04-09,2024-08-22,8
2024,ANA,adriaeh01,2024-04-22,2024-05-08,8
2024,CIN,aguiaju01,2024-08-19,2024-09-19,7
2024,SFN,ahmedni01,2024-03-28,2024-07-07,52
2024,LAN,ahmedni01,2024-07-24,2024-08-18,17
2024,SDN,ahmedni01,2024-09-28,2024-09-29,2
2024,BAL,akinke01,2024-03-28,2024-09-28,66
2024,ATL,albieoz01,2024-03-29,2024-09-30,99
2024,MIN,alcaljo01,2024-03-30,2024-09-29,54
2024,CHN,alcanke01,2024-09-25,2024-09-29,3
2024,ANA,aldegsa01,2024-08-30,2024-09-13,3
2024,ARI,alexabl01,2024-03-28,2024-08-18,61
2024,KCA,alexacj01,2024-06-24,2024-07-02,4
2024,OAK,alexasc01,2024-05-21,2024-09-28,45
2024,TBA,alexaty01,2024-03-31,2024-09-26,23
2024,PHI,allarko01,2024-07-28,2024-09-24,7
2024,ARI,allenlo01,2024-04-18,2024-06-08,12
2024,CLE,allenlo02,2024-03-29,2024-08-26,20
2024,OAK,allenni02,2024-03-28,2024-09-29,41
2024,CHN,almonye01,2024-03-28,2024-05-07,17
2024,NYN,alonspe01,2024-03-29,2024-09-30,162
2024,KCA,altavda01,2024-06-10,2024-06-19,5
2024,HOU,altuvjo01,2024-03-28,2024-09-27,153
2024,OAK,alvarar01,2024-06-22,2024-09-12,16
2024,NYN,alvared01,2024-09-09,2024-09-30,13
2024,NYN,alvarfr01,2024-03-29,2024-09-30,100
2024,PHI,alvarjo03,2024-03-29,2024-09-29,66
2024,ATL,alvarna01,2024-07-22,2024-07-30,8
2024,HOU,alvaryo01,2024-03-28,2024-09-22,147
2024,CHN,alzolad01,2024-03-28,2024-05-12,18
2024,COL,amadoad01,2024-06-09,2024-06-20,10
2024,HOU,amayaja01,2024-05-07,2024-05-07,1
2024,CHA,amayaja01,2024-08-30,2024-09-29,23
2024,CHN,amayami01,2024-03-28,2024-09-28,117
2024,ATL,anderbr06,2024-06-05,2024-06-12,3
2024,BOS,anderch01,2024-04-01,2024-07-27,27
2024,TEX,anderch01,2024-09-02,2024-09-11,2
2024,TEX,andergr01,2024-04-07,2024-09-04,23
2024,CHA,anderju01,2024-04-12,2024-09-25,56
2024,KCA,anderni01,2024-03-28,2024-07-13,37
2024,TEX,andersh01,2024-05-17,2024-05-24,2
2024,MIA,andersh01,2024-06-14,2024-09-27,4
2024,MIA,anderti01,2024-03-28,2024-06-30,65
2024,ANA,anderty01,2024-04-02,2024-09-26,31
2024,NYA,andrecl02,2024-05-21,2024-05-21,1
2024,MIA,andrima01,2024-04-07,2024-07-04,4
2024,OAK,andujmi01,2024-05-24,2024-08-24,75
2024,CIN,antonte01,2024-03-31,2024-04-07,4
2024,TBA,arandjo01,2024-05-14,2024-09-29,44
2024,ATL,arciaor01,2024-03-29,2024-09-30,157
2024,SLN,arenano01,2024-03-28,2024-09-27,152
2024,CLE,ariasga01,2024-03-30,2024-07-10,53
2024,TBA,armstsh01,2024-03-28,2024-07-28,38
2024,SLN,armstsh01,2024-08-02,2024-08-26,11
2024,CHN,armstsh01,2024-09-01,2024-09-19,8
2024,TBA,arozara01,2024-03-28,2024-07-25,100
2024,SEA,arozara01,2024-07-27,2024-09-29,54
2024,MIA,arraelu01,2024-03-28,2024-05-02,33
2024,SDN,arraelu01,2024-05-04,2024-09-29,117
2024,HOU,arrigsp01,2024-04-10,2024-09-27,29
2024,MIL,ashbyaa01,2024-04-08,2024-09-28,14
2024,CIN,ashcrgr01,2024-04-02,2024-07-07,15
2024,CHN,assadja01,2024-04-02,2024-09-25,29
2024,SFN,avilani01,2024-04-01,2024-05-24,8
2024,SDN,avilape01,2024-03-29,2024-04-08,4
2024,CLE,avilape01,2024-04-24,2024-09-27,50
2024,SDN,azocajo01,2024-03-20,2024-06-22,61
2024,MIA,bachala01,2024-09-08,2024-09-29,10
2024,DET,baddoak01,2024-05-12,2024-08-15,31
2024,NYN,baderha01,2024-03-29,2024-09-30,143
2024,PIT,baeji01,2024-05-21,2024-08-26,29
2024,DET,baezja01,2024-03-28,2024-08-22,80
2024,SFN,bailepa01,2024-03-28,2024-09-28,121
2024,BAL,bakerbr01,2024-06-13,2024-09-26,19
2024,WAS,bakerda02,2024-09-01,2024-09-29,9
2024,SLN,bakerlu01,2024-08-21,2024-09-29,21
2024,CHA,baldwbr01,2024-07-19,2024-09-03,33
2024,LAN,bandaan01,2024-05-19,2024-09-29,48
2024,CHA,banksta01,2024-03-31,2024-07-29,41
2024,PHI,banksta01,2024-07-31,2024-09-29,22
2024,BAL,banueda01,2024-04-16,2024-04-16,1
2024,TOR,bargead01,2024-04-24,2024-09-29,69
2024,CLE,barlosc01,2024-03-29,2024-09-07,63
2024,LAN,barneau01,2024-03-31,2024-09-29,54
2024,WAS,barneja01,2024-04-23,2024-09-26,63
2024,WAS,barnema01,2024-03-28,2024-05-02,14
2024,ARI,barnhtu01,2024-03-31,2024-06-30,31
2024,ARI,barrojo01,2024-04-01,2024-09-05,8
2024,PIT,bartjo01,2024-04-06,2024-09-29,80
2024,OAK,bassobr01,2024-05-31,2024-09-25,7
2024,TOR,bassich01,2024-03-29,2024-09-23,31
2024,SDN,battema01,2024-04-17,2024-04-17,1
2024,NYN,batybr01,2024-03-29,2024-06-09,50
2024,MIL,bauerja01,2024-03-29,2024-09-29,117
2024,BAL,baumami01,2024-03-28,2024-05-17,17
2024,SEA,baumami01,2024-05-23,2024-07-11,18
2024,SFN,baumami01,2024-07-26,2024-07-26,1
2024,ANA,baumami01,2024-07-31,2024-08-22,10
2024,MIA,baumami01,2024-08-27,2024-09-27,11
2024,TBA,bazsh01,2024-07-05,2024-09-28,14
2024,SEA,bazared01,2024-05-09,2024-09-29,23
2024,COL,beckjo01,2024-04-30,2024-09-29,55
2024,SFN,becktr01,2024-09-03,2024-09-28,7
2024,PIT,bednada01,2024-03-30,2024-09-28,62
2024,CLE,beedety01,2024-03-30,2024-05-02,13
2024,COL,beeksja01,2024-03-28,2024-07-22,45
2024,PIT,beeksja01,2024-07-31,2024-09-28,26
2024,NYA,beetecl01,2024-03-29,2024-09-28,3
2024,BOS,bellobr01,2024-03-28,2024-09-24,30
2024,CHN,bellico01,2024-03-28,2024-09-28,130
2024,MIA,belljo02,2024-03-28,2024-07-28,104
2024,ARI,belljo02,2024-08-02,2024-09-28,41
2024,MIA,bellova01,2024-06-26,2024-09-26,13
2024,MIA,bendean01,2024-03-28,2024-09-29,59
2024,CHA,beninan01,2024-03-28,2024-09-28,135
2024,CIN,bensowi01,2024-03-28,2024-09-27,128
2024,MIA,bermujo01,2024-08-27,2024-09-11,3
2024,BOS,bernabr01,2024-04-10,2024-09-10,57
2024,TOR,berrijo01,2024-03-28,2024-09-27,32
2024,CHA,berropr01,2024-04-30,2024-09-29,17
2024,TOR,berrost01,2024-06-23,2024-09-29,28
2024,NYA,bertijo01,2024-03-31,2024-09-29,25
2024,MIA,bethach01,2024-03-28,2024-06-18,38
2024,CHN,bethach01,2024-07-28,2024-09-29,24
2024,LAN,bettsmo01,2024-03-20,2024-09-29,116
2024,CLE,bibeeta01,2024-03-30,2024-09-24,31
2024,TOR,bichebo01,2024-03-28,2024-09-17,81
2024,NYA,bickfph01,2024-06-21,2024-09-04,8
2024,OAK,bidoos01,2024-05-08,2024-09-07,16
2024,CLE,biebesh01,2024-03-28,2024-04-02,2
2024,HOU,bielabr01,2024-03-29,2024-05-07,10
2024,OAK,bielabr01,2024-05-17,2024-09-21,6
2024,TOR,biggica01,2024-03-28,2024-06-06,44
2024,LAN,biggica01,2024-06-12,2024-08-04,30
2024,ATL,biggica01,2024-09-11,2024-09-19,4
2024,CHN,biggehu01,2024-07-09,2024-07-20,4
2024,TBA,biggehu01,2024-07-30,2024-09-29,15
2024,SFN,birdsha01,2024-06-26,2024-09-29,16
2024,COL,birdja01,2024-03-29,2024-09-28,35
2024,SFN,bivensp01,2024-06-16,2024-09-28,27
2024,COL,blackch02,2024-03-28,2024-09-29,124
2024,SFN,blackma01,2024-05-06,2024-09-25,9
2024,OAK,blackpa01,2024-03-31,2024-07-26,9
2024,NYN,blackpa01,2024-08-02,2024-08-23,5
2024,COL,blachty01,2024-04-22,2024-09-07,20
2024,MIL,blackty01,2024-04-30,2024-08-21,18
2024,MIL,blalobr01,2024-06-20,2024-06-20,1
2024,COL,blalobr01,2024-08-12,2024-09-10,6
2024,KCA,blancda02,2024-03-28,2024-09-28,88
2024,HOU,blancro01,2024-04-01,2024-09-27,30
2024,WAS,blanktr01,2024-07-30,2024-08-18,13
2024,OAK,bledajj01,2024-03-28,2024-09-29,159
2024,MIN,blewesc01,2024-08-12,2024-09-29,12
2024,SEA,blissry01,2024-05-27,2024-08-09,33
2024,HOU,blossja01,2024-06-21,2024-07-23,3
2024,SDN,bogaexa01,2024-03-20,2024-09-28,111
2024,PHI,bohmal01,2024-03-29,2024-09-29,143
2024,SEA,boltoco01,2024-03-28,2024-06-25,17
2024,BOS,booseca01,2024-04-19,2024-09-13,43
2024,PIT,borucry01,2024-03-28,2024-09-28,14
2024,CHN,boteda01,2024-06-02,2024-08-22,37
2024,COL,bouchse01,2024-04-17,2024-07-19,31
2024,MIN,boushca01,2024-05-20,2024-08-27,2
2024,KCA,bowlajo01,2024-04-29,2024-04-29,1
2024,MIN,bowmama01,2024-04-15,2024-04-26,5
2024,ARI,bowmama01,2024-05-03,2024-05-24,4
2024,SEA,bowmama01,2024-06-10,2024-06-10,1
2024,BAL,bowmama01,2024-08-22,2024-09-28,15
2024,CLE,boydma01,2024-08-13,2024-09-21,8
2024,OAK,boylejo01,2024-04-01,2024-09-29,13
2024,TEX,bradfco01,2024-03-30,2024-09-25,14
2024,BAL,bradiky01,2024-05-02,2024-06-14,8
2024,TBA,bradlta01,2024-05-10,2024-09-27,25
2024,TBA,brantro01,2024-08-20,2024-08-23,3
2024,LAN,brasiry01,2024-03-20,2024-09-27,29
2024,MIA,brazohu01,2024-06-01,2024-07-27,20
2024,NYN,brazohu01,2024-07-31,2024-09-30,19
2024,CHA,brebbjo01,2024-03-30,2024-08-24,54
2024,ATL,brebbjo01,2024-09-05,2024-09-19,5
2024,HOU,bregmal01,2024-03-28,2024-09-27,145
2024,CLE,brennwi02,2024-03-29,2024-09-28,114
2024,CHN,breweco01,2024-04-19,2024-07-06,16
2024,MIA,bridejo01,2024-03-28,2024-09-29,71
2024,DET,briesbe01,2024-05-15,2024-09-28,46
2024,SDN,britojh01,2024-03-20,2024-08-10,26
2024,PHI,brogdco01,2024-03-29,2024-04-01,3
2024,LAN,brogdco01,2024-04-09,2024-04-09,1
2024,OAK,brookaa01,2024-05-15,2024-06-24,5
2024,SFN,brooktr01,2024-05-28,2024-06-23,12
2024,CHN,brownbe02,2024-03-30,2024-06-08,15
2024,HOU,brownhu01,2024-03-30,2024-09-23,31
2024,OAK,brownse01,2024-03-28,2024-09-29,124
2024,PIT,bruihju01,2024-06-06,2024-06-24,7
2024,MIA,brujavi01,2024-03-28,2024-09-27,102
2024,COL,bryankr01,2024-03-28,2024-08-10,37
2024,WAS,brzykza01,2024-09-01,2024-09-18,6
2024,KCA,bubickr01,2024-07-07,2024-09-29,27
2024,CIN,buchada01,2024-08-31,2024-08-31,1
2024,LAN,buehlwa01,2024-05-06,2024-09-26,16
2024,MIL,bukaujb01,2024-04-03,2024-04-13,6
2024,ATL,bummeaa01,2024-03-29,2024-09-30,56
2024,NYA,burdini01,2024-03-29,2024-05-23,12
2024,MIA,burgeja01,2024-03-28,2024-09-29,137
2024,SFN,burgora01,2024-06-24,2024-06-24,1
2024,TEX,burkebr01,2024-03-30,2024-08-10,13
2024,ANA,burkebr01,2024-08-16,2024-09-28,21
2024,CHA,burkese01,2024-09-10,2024-09-28,4
2024,SLN,burleal01,2024-03-28,2024-09-29,152
2024,BAL,burneco01,2024-03-28,2024-09-26,32
2024,PIT,burromi01,2024-09-28,2024-09-28,1
2024,TOR,burrry01,2024-06-01,2024-09-29,34
2024,CHN,buschmi02,2024-03-28,2024-09-29,152
2024,CIN,busenal01,2024-08-23,2024-09-21,3
2024,CHA,bushky01,2024-08-05,2024-08-24,4
2024,OAK,butlela01,2024-03-28,2024-09-28,125
2024,NYN,buttojo01,2024-04-04,2024-09-27,30
2024,MIN,buxtoby01,2024-03-28,2024-09-27,102
2024,TBA,cabaljo01,2024-03-28,2024-09-29,139
2024,HOU,cabbatr01,2024-04-27,2024-08-21,45
2024,MIA,cabreed02,2024-04-15,2024-09-25,20
2024,TOR,cabrege01,2024-03-30,2024-09-28,69
2024,NYA,cabreos01,2024-03-28,2024-09-28,109
2024,ANA,calhowi01,2024-05-03,2024-08-14,68
2024,WAS,callal01,2024-04-27,2024-08-23,30
2024,MIN,camarja01,2024-04-16,2024-07-22,5
2024,OAK,camerda01,2024-05-23,2024-09-29,66
2024,TBA,caminju01,2024-08-13,2024-09-29,43
2024,ANA,campegu01,2024-09-15,2024-09-29,13
2024,BOS,campbis01,2024-03-28,2024-06-24,8
2024,SDN,campulu01,2024-03-20,2024-09-07,91
2024,CHN,canaral01,2024-04-15,2024-07-13,15
2024,CIN,candeje01,2024-03-28,2024-08-19,112
2024,DET,canhama01,2024-03-28,2024-07-29,93
2024,SFN,canhama01,2024-08-02,2024-09-28,32
2024,ANA,cannigr01,2024-03-30,2024-09-28,32
2024,CHA,cannojo02,2024-04-17,2024-09-29,23
2024,BAL,canoye01,2024-03-31,2024-09-28,70
2024,CLE,cantijo01,2024-07-28,2024-09-27,9
2024,SEA,canzodo01,2024-03-28,2024-08-26,67
2024,CIN,capelco01,2024-05-11,2024-05-16,5
2024,MIL,capravi01,2024-07-03,2024-07-09,3
2024,COL,carasma01,2024-05-24,2024-06-07,7
2024,HOU,caratvi01,2024-03-30,2024-09-28,87
2024,SLN,carlsdy01,2024-05-05,2024-07-27,59
2024,TBA,carlsdy01,2024-07-31,2024-09-29,37
2024,DET,carpeke01,2024-03-28,2024-09-29,87
2024,SLN,carpema01,2024-03-29,2024-09-29,59
2024,CLE,carraca01,2024-03-31,2024-08-07,21
2024,ARI,carroco02,2024-03-28,2024-09-29,158
2024,TEX,carteev01,2024-03-28,2024-05-26,45
2024,SFN,casalcu01,2024-05-15,2024-09-29,41
2024,BOS,casastr01,2024-03-28,2024-09-29,63
2024,LAN,caspabe01,2024-08-31,2024-09-27,3
2024,MIN,castidi01,2024-05-29,2024-09-28,7
2024,MIN,castidi02,2024-07-14,2024-07-23,4
2024,ARI,castehu01,2024-06-07,2024-07-22,7
2024,SEA,castilu02,2024-03-28,2024-09-08,30
2024,ARI,castrmi01,2024-03-28,2024-07-29,11
2024,PHI,casteni01,2024-03-29,2024-09-29,162
2024,MIN,castrwi01,2024-03-28,2024-09-28,158
2024,COL,caveja01,2024-03-28,2024-09-29,123
2024,SDN,ceasedy01,2024-03-30,2024-09-25,33
2024,ARI,ceccosl01,2024-04-21,2024-09-11,20
2024,DET,chafian01,2024-03-28,2024-07-28,41
2024,TEX,chafian01,2024-08-02,2024-09-27,21
2024,PIT,chapmar01,2024-03-28,2024-09-28,68
2024,WAS,chapaan01,2024-08-13,2024-09-22,33
2024,SFN,chapmma01,2024-03-28,2024-09-29,154
2024,MIA,chargjt01,2024-06-12,2024-07-25,15
2024,SEA,chargjt01,2024-08-03,2024-09-28,21
2024,ATL,chaveje01,2024-03-30,2024-09-17,46
2024,MIA,chiriyo01,2024-06-19,2024-07-22,6
2024,MIA,chishja01,2024-03-28,2024-07-26,101
2024,NYA,chishja01,2024-07-28,2024-09-28,46
2024,COL,chivian01,2024-06-03,2024-09-28,30
2024,MIL,chourja01,2024-03-29,2024-09-29,148
2024,TEX,churcma01,2024-09-28,2024-09-28,1
2024,ANA,cimbead01,2024-03-28,2024-06-14,28
2024,ANA,cisnejo01,2024-03-28,2024-08-17,15
2024,TBA,civalaa01,2024-03-29,2024-06-29,17
2024,MIL,civalaa01,2024-07-05,2024-09-26,14
2024,CLE,claseem01,2024-03-29,2024-09-28,74
2024,SEA,clasejo01,2024-04-15,2024-07-22,19
2024,TOR,clasejo01,2024-09-20,2024-09-29,7
2024,TBA,cleavga01,2024-03-28,2024-09-26,68
2024,TOR,clemeer01,2024-03-29,2024-09-29,139
2024,PHI,clemeko01,2024-04-22,2024-09-29,44
2024,CHA,clevimi01,2024-05-06,2024-05-23,4
2024,CLE,cobbal01,2024-08-09,2024-09-01,3
2024,CHA,colasos01,2024-04-10,2024-06-21,13
2024,HOU,colemdy01,2024-04-03,2024-04-03,1
2024,NYA,colege01,2024-06-19,2024-09-26,17
2024,MIL,colliis01,2024-09-08,2024-09-29,11
2024,SFN,confomi01,2024-03-28,2024-09-29,130
2024,MIA,coningr01,2024-08-26,2024-09-29,30
2024,HOU,contrlu01,2024-06-23,2024-07-05,5
2024,PIT,contrro01,2024-04-01,2024-05-10,12
2024,ANA,contrro01,2024-05-24,2024-09-29,37
2024,SLN,contrwi01,2024-03-28,2024-08-24,84
2024,MIL,contrwi02,2024-03-29,2024-09-28,155
2024,PIT,cookbi01,2024-09-08,2024-09-29,16
2024,CHN,coopega03,2024-03-28,2024-04-21,12
2024,BOS,coopega03,2024-04-30,2024-06-09,24
2024,WAS,corbipa01,2024-03-30,2024-09-26,32
2024,MIN,correca01,2024-03-28,2024-09-27,86
2024,NYA,cortene01,2024-03-28,2024-09-18,31
2024,SDN,cosgrto01,2024-03-20,2024-06-26,18
2024,BAL,couloda01,2024-03-30,2024-09-27,33
2024,NYA,cousija01,2024-04-02,2024-09-19,37
2024,BAL,cowseco01,2024-03-28,2024-09-29,153
2024,SLN,crawfbr01,2024-03-30,2024-08-10,29
2024,SEA,crawfjp01,2024-03-28,2024-09-29,105
2024,BOS,crawfku01,2024-03-30,2024-09-28,33
2024,WAS,crewsdy01,2024-08-26,2024-09-29,31
2024,BOS,criswco01,2024-04-13,2024-09-20,26
2024,COL,criswje01,2024-08-21,2024-09-28,13
2024,LAN,crismna01,2024-03-31,2024-05-14,5
2024,CHA,crochga01,2024-03-28,2024-09-27,32
2024,MIA,cronide01,2024-03-28,2024-09-25,56
2024,SDN,croneja01,2024-03-20,2024-09-29,155
2024,ANA,crousha01,2024-06-22,2024-09-08,25
2024,CHN,crowape01,2024-04-24,2024-09-29,123
2024,CIN,cruzfe01,2024-03-30,2024-09-29,69
2024,PIT,cruzon01,2024-03-28,2024-09-29,146
2024,KCA,cruzst01,2024-08-29,2024-09-21,5
2024,CHN,cuasjo01,2024-03-30,2024-05-22,9
2024,TOR,cuasjo01,2024-06-29,2024-07-30,4
2024,ANA,cuetojo01,2024-08-21,2024-08-27,2
2024,CLE,curryxz01,2024-04-15,2024-08-03,7
2024,MIA,curryxz01,2024-08-31,2024-09-28,9
2024,COL,curtijo02,2024-05-25,2024-08-01,3
2024,PHI,dahlda01,2024-06-03,2024-07-06,19
2024,BOS,dalbebo01,2024-03-29,2024-06-21,37
2024,ANA,danaca01,2024-09-01,2024-09-15,3
2024,ANA,danieda01,2024-06-27,2024-08-12,6
2024,ATL,darnatr01,2024-03-29,2024-09-30,99
2024,SDN,darviyu01,2024-03-20,2024-09-27,16
2024,SDN,davisau01,2024-06-28,2024-07-26,7
2024,PIT,davishe01,2024-03-28,2024-09-04,37
2024,OAK,davisjd01,2024-03-28,2024-06-16,39
2024,NYA,davisjd01,2024-06-25,2024-07-24,7
2024,COL,davisno01,2024-04-21,2024-08-29,9
2024,BAL,davidtu01,2024-09-28,2024-09-28,1
2024,SEA,degeubr01,2024-04-08,2024-04-20,4
2024,MIA,degeubr01,2024-08-09,2024-08-24,7
2024,TOR,degeubr01,2024-09-27,2024-09-29,2
2024,TEX,degroja01,2024-09-13,2024-09-27,3
2024,CHA,dejonpa01,2024-03-28,2024-07-29,102
2024,KCA,dejonpa01,2024-07-31,2024-09-28,37
2024,MIA,delacbr01,2024-03-28,2024-07-28,105
2024,PIT,delacbr01,2024-07-31,2024-09-27,44
2024,CIN,delacel01,2024-03-28,2024-09-29,160
2024,PIT,delayja01,2024-03-31,2024-06-26,7
2024,ARI,delcaad01,2024-08-07,2024-09-15,25
2024,SDN,delosen01,2024-03-20,2024-07-28,44
2024,NYA,delosen01,2024-08-02,2024-08-12,5
2024,CHA,delosen01,2024-08-23,2024-09-29,15
2024,TOR,deloslu03,2024-07-31,2024-09-29,13
2024,TBA,delucjo01,2024-05-03,2024-09-29,107
2024,ANA,detmere01,2024-03-31,2024-09-27,17
2024,TBA,devench02,2024-03-29,2024-06-24,19
2024,MIA,deverjo01,2024-09-01,2024-09-10,3
2024,BOS,deverra01,2024-03-28,2024-09-20,138
2024,HOU,dezenza01,2024-08-06,2024-09-28,19
2024,OAK,diazal02,2024-05-29,2024-06-30,12
2024,HOU,diazal02,2024-07-22,2024-07-23,2
2024,CIN,diazal03,2024-03-30,2024-09-28,60
2024,COL,diazel01,2024-03-28,2024-08-13,84
2024,SDN,diazel01,2024-09-04,2024-09-29,12
2024,NYN,diazed04,2024-03-30,2024-09-30,55
2024,SEA,diazjh01,2024-06-11,2024-09-17,5
2024,HOU,diazmi02,2024-04-05,2024-04-05,1
2024,TBA,diazya01,2024-03-28,2024-09-28,145
2024,HOU,diazya02,2024-03-28,2024-09-27,148
2024,ARI,diazyi01,2024-07-08,2024-09-24,7
2024,NYN,diekmja01,2024-03-30,2024-07-28,43
2024,DET,dingldi01,2024-07-29,2024-09-28,27
2024,MIN,dobnara01,2024-07-31,2024-09-29,5
2024,ATL,dodddy01,2024-08-07,2024-08-07,1
2024,NYA,dominja01,2024-08-18,2024-09-29,18
2024,PHI,dominse01,2024-03-30,2024-07-22,38
2024,BAL,dominse01,2024-07-26,2024-09-29,25
2024,SLN,donovbr01,2024-03-28,2024-09-29,153
2024,SFN,dovalca01,2024-03-30,2024-09-28,62
2024,COL,doylebr02,2024-03-28,2024-09-27,149
2024,TBA,drisclo01,2024-09-03,2024-09-29,15
2024,ANA,drurybr01,2024-03-28,2024-09-29,97
2024,MIN,duartda01,2024-03-31,2024-04-03,2
2024,HOU,dubinsh01,2024-04-13,2024-09-28,31
2024,HOU,dubonma01,2024-03-28,2024-09-28,137
2024,TEX,duffyma01,2024-09-24,2024-09-28,4
2024,KCA,duffety01,2024-04-22,2024-05-20,9
2024,CIN,dunnbl01,2024-06-04,2024-09-29,19
2024,TEX,dunnida01,2024-04-01,2024-09-28,26
2024,MIL,dunnol01,2024-03-30,2024-06-12,41
2024,ATL,dunshpa01,2024-08-08,2024-08-08,1
2024,TEX,duranez01,2024-03-28,2024-09-29,92
2024,BOS,duranja01,2024-03-28,2024-09-29,160
2024,MIN,duranjh01,2024-04-30,2024-09-26,58
2024,ATL,duvalad01,2024-03-29,2024-09-19,104
2024,CHA,ederja01,2024-09-17,2024-09-17,1
2024,LAN,edmanto01,2024-08-19,2024-09-29,37
2024,SDN,edwarca01,2024-08-08,2024-08-08,1
2024,MIA,edwarxa01,2024-06-07,2024-09-29,70
2024,NYA,effrosc01,2024-09-01,2024-09-27,3
2024,TBA,eflinza01,2024-03-28,2024-07-24,19
2024,BAL,eflinza01,2024-07-29,2024-09-25,9
2024,TOR,eiserbr01,2024-06-17,2024-09-29,3
2024,ATL,elderbr01,2024-04-22,2024-08-06,10
2024,CHA,ellarfr01,2024-07-30,2024-09-29,25
2024,CHA,ellisdu01,2024-06-04,2024-06-11,8
2024,NYA,ellisdu01,2024-09-03,2024-09-08,3
2024,MIA,emanuke01,2024-04-03,2024-09-01,12
2024,CIN,encarch01,2024-03-28,2024-05-07,29
2024,SFN,encarje01,2024-08-02,2024-09-29,35
2024,DET,englema01,2024-05-23,2024-08-28,12
2024,TEX,eovalna01,2024-03-28,2024-09-29,29
2024,OAK,erceglu01,2024-03-30,2024-07-26,38
2024,KCA,erceglu01,2024-07-31,2024-09-26,23
2024,TOR,espinpa01,2024-04-07,2024-07-31,3
2024,CIN,espinsa01,2024-03-30,2024-09-28,118
2024,ANA,estevca01,2024-03-31,2024-07-24,34
2024,PHI,estevca01,2024-07-30,2024-09-25,20
2024,OAK,estesjo01,2024-05-11,2024-09-28,25
2024,SDN,estraje01,2024-03-20,2024-09-27,62
2024,SFN,estrath01,2024-03-28,2024-08-29,96
2024,TEX,fabiasa01,2024-09-06,2024-09-25,3
2024,DET,faedoal01,2024-03-30,2024-08-20,37
2024,TBA,fairbpe01,2024-03-30,2024-08-18,46
2024,CIN,faircst01,2024-03-30,2024-08-25,94
2024,PIT,falteba01,2024-03-31,2024-09-29,28
2024,CIN,farmebu01,2024-03-31,2024-09-29,61
2024,MIN,farmeky01,2024-03-28,2024-09-29,107
2024,MIA,fauchca01,2024-04-13,2024-09-04,53
2024,CHA,feddeer01,2024-03-31,2024-07-27,21
2024,SLN,feddeer01,2024-08-02,2024-09-25,10
2024,LAN,feduchu01,2024-07-31,2024-09-21,5
2024,PIT,feiglbr01,2024-08-26,2024-08-26,1
2024,COL,feltnry01,2024-03-31,2024-09-29,30
2024,NYA,ferguca01,2024-03-29,2024-07-28,42
2024,HOU,ferguca01,2024-08-03,2024-09-25,20
2024,OAK,ferguty01,2024-05-07,2024-09-28,48
2024,KCA,fermifr01,2024-03-31,2024-09-29,111
2024,SLN,fermijo01,2024-04-30,2024-09-29,45
2024,SLN,fernary01,2024-04-03,2024-09-26,62
2024,WAS,ferrejo01,2024-07-19,2024-09-28,31
2024,MIN,festada01,2024-06-27,2024-09-26,14
2024,NYN,festama01,2024-06-30,2024-06-30,1
2024,TEX,festama01,2024-08-11,2024-09-27,18
2024,LAN,feyerjo01,2024-03-21,2024-06-17,10
2024,WAS,finneky01,2024-03-30,2024-09-28,65
2024,BOS,fittsri01,2024-09-08,2024-09-25,4
2024,SFN,fitzgty01,2024-03-31,2024-09-29,96
2024,DET,flaheja01,2024-03-31,2024-07-24,18
2024,LAN,flaheja01,2024-08-03,2024-09-25,10
2024,PIT,flemijo01,2024-03-28,2024-07-21,25
2024,ATL,fletcda02,2024-04-17,2024-04-24,5
2024,CHA,fletcdo01,2024-03-30,2024-09-29,72
2024,CHA,flexech01,2024-04-01,2024-09-26,33
2024,WAS,florody01,2024-03-28,2024-07-28,51
2024,ARI,florody01,2024-08-02,2024-09-14,15
2024,CLE,flories01,2024-03-29,2024-05-27,36
2024,SFN,florewi01,2024-03-28,2024-07-23,71
2024,DET,foleyja01,2024-03-28,2024-09-27,69
2024,CIN,fordmi01,2024-05-08,2024-05-28,17
2024,MIA,forteni01,2024-03-28,2024-09-29,110
2024,TEX,foscuju01,2024-04-05,2024-09-25,15
2024,CHA,fostema01,2024-08-16,2024-09-11,6
2024,CIN,fraleja01,2024-03-28,2024-09-29,116
2024,TOR,francbo01,2024-04-01,2024-09-24,27
2024,HOU,francjp01,2024-03-31,2024-04-23,5
2024,SEA,francty01,2024-03-28,2024-07-21,88
2024,CIN,francty01,2024-07-31,2024-09-29,52
2024,KCA,fraziad01,2024-03-28,2024-09-28,104
2024,LAN,freemfr01,2024-03-20,2024-09-26,147
2024,COL,freelky01,2024-03-28,2024-09-26,22
2024,CLE,freemty01,2024-03-28,2024-09-13,118
2024,MIL,frelisa01,2024-03-30,2024-09-27,145
2024,ARI,friaslu01,2024-03-28,2024-04-16,7
2024,TOR,friaslu01,2024-09-07,2024-09-17,4
2024,ATL,friedma01,2024-03-30,2024-09-27,29
2024,CIN,friedtj01,2024-05-07,2024-09-29,85
2024,CLE,fryda01,2024-03-28,2024-09-27,122
2024,ANA,fulmeca01,2024-04-09,2024-09-29,37
2024,MIN,fundeko01,2024-03-31,2024-09-27,27
2024,CLE,gaddihu01,2024-03-29,2024-09-28,78
2024,SLN,gallegi01,2024-03-29,2024-07-27,21
2024,WAS,gallojo01,2024-03-28,2024-09-29,76
2024,ARI,galleza01,2024-03-28,2024-09-25,28
2024,NYN,gamelbe01,2024-06-26,2024-08-15,18
2024,HOU,gamelbe01,2024-08-22,2024-09-14,20
2024,TEX,garabge01,2024-05-26,2024-09-28,18
2024,MIA,garciav01,2024-03-28,2024-04-27,18
2024,TEX,garciad02,2024-03-28,2024-09-28,154
2024,PHI,garciar01,2024-09-08,2024-09-13,3
2024,CHA,garcide01,2024-03-28,2024-04-27,14
2024,ANA,garcilu03,2024-03-30,2024-07-28,45
2024,BOS,garcilu03,2024-06-26,2024-09-28,15
2024,WAS,garcilu04,2024-03-28,2024-09-29,140
2024,KCA,garcima01,2024-03-28,2024-09-29,157
2024,WAS,garciro04,2024-03-28,2024-09-27,72
2024,TOR,garciyi01,2024-03-30,2024-07-24,29
2024,SEA,garciyi01,2024-07-27,2024-08-19,10
2024,ANA,garream01,2024-04-30,2024-05-14,6
2024,MIA,garrebr01,2024-05-12,2024-06-17,7
2024,NYN,garrere01,2024-04-04,2024-09-28,53
2024,WAS,garrest01,2024-09-27,2024-09-29,2
2024,SEA,garvemi01,2024-03-28,2024-09-29,114
2024,BOS,gaspemi01,2024-08-12,2024-09-29,13
2024,MIL,gassero01,2024-05-10,2024-06-01,5
2024,TOR,gausmke01,2024-03-31,2024-09-25,31
2024,OAK,gelofza01,2024-03-28,2024-09-29,138
2024,KCA,gentrty01,2024-08-25,2024-08-30,3
2024,PIT,germado01,2024-08-09,2024-09-04,7
2024,CIN,gibauia01,2024-09-24,2024-09-29,2
2024,SLN,gibsoky01,2024-04-01,2024-09-26,30
2024,NYA,gillu01,2024-04-01,2024-09-28,29
2024,COL,gilbrlu01,2024-08-16,2024-08-25,3
2024,SEA,gilbelo01,2024-03-30,2024-09-29,33
2024,PHI,gilbety01,2024-08-23,2024-09-27,6
2024,CLE,gillico01,2024-08-04,2024-08-26,3
2024,SDN,gillalo01,2024-04-19,2024-08-24,9
2024,CLE,gimenan01,2024-03-28,2024-09-28,152
2024,ARI,ginkeke01,2024-03-29,2024-09-28,72
2024,OAK,ginnjt01,2024-08-21,2024-09-26,8
2024,LAN,glasnty01,2024-03-20,2024-08-11,22
2024,SLN,goldspa01,2024-03-28,2024-09-29,154
2024,COL,gombeau01,2024-03-30,2024-09-25,30
2024,CHN,gomesya01,2024-03-28,2024-06-18,34
2024,NYA,gomezyo01,2024-05-24,2024-07-29,5
2024,PIT,gonzama02,2024-04-01,2024-08-07,7
2024,PIT,gonzani01,2024-05-10,2024-09-29,94
2024,BOS,gonzaro01,2024-04-09,2024-09-28,89
2024,NYA,gonzavi02,2024-03-29,2024-06-20,27
2024,COL,goodmhu01,2024-04-24,2024-09-28,70
2024,TBA,goodrni01,2024-04-13,2024-05-01,9
2024,ANA,goodrni01,2024-05-10,2024-05-13,4
2024,MIA,gordoni01,2024-03-28,2024-08-03,95
2024,COL,gordota01,2024-07-07,2024-09-11,8
2024,WAS,gorema01,2024-04-01,2024-09-28,32
2024,SLN,gormano01,2024-03-28,2024-08-20,107
2024,CLE,gosean01,2024-08-07,2024-09-08,3
2024,SLN,gracego01,2024-06-29,2024-07-10,2
2024,PIT,grandya01,2024-05-04,2024-09-28,72
2024,LAN,gratebr01,2024-08-06,2024-09-24,7
2024,TEX,grayjo02,2024-03-31,2024-08-30,24
2024,WAS,grayjo03,2024-03-28,2024-04-04,2
2024,SLN,grayso01,2024-04-09,2024-09-18,28
2024,MIA,graytr01,2024-05-12,2024-06-09,7
2024,OAK,graytr01,2024-09-01,2024-09-08,8
2024,TOR,greench03,2024-03-31,2024-09-25,53
2024,CIN,greenhu01,2024-03-30,2024-09-29,26
2024,DET,greenri02,2024-03-28,2024-09-29,137
2024,ARI,grichra01,2024-04-06,2024-09-29,106
2024,NYA,grishtr01,2024-03-30,2024-09-29,76
2024,BOS,grissva01,2024-05-03,2024-09-29,31
2024,CHA,grossro01,2024-04-05,2024-05-06,25
2024,TEX,grossro01,2024-05-08,2024-08-30,46
2024,KCA,grossro01,2024-09-04,2024-09-28,16
2024,LAN,grovemi01,2024-03-21,2024-09-17,39
2024,DET,guentse01,2024-08-01,2024-09-28,17
2024,BOS,guerrlu01,2024-09-08,2024-09-29,9
2024,TOR,guerrvl02,2024-03-28,2024-09-29,159
2024,ATL,guilllu01,2024-04-11,2024-05-04,10
2024,ANA,guilllu01,2024-05-09,2024-08-14,51
2024,ARI,guilllu01,2024-08-21,2024-09-17,18
2024,ARI,gurrilo01,2024-03-28,2024-09-29,133
2024,KCA,gourryu01,2024-09-01,2024-09-29,18
2024,MIA,gutievl01,2024-03-31,2024-03-31,1
2024,MIL,haaseer01,2024-07-01,2024-09-29,30
2024,HOU,haderjo01,2024-03-28,2024-09-27,71
2024,SEA,haggesa01,2024-04-29,2024-05-14,8
2024,MIL,halldl01,2024-03-30,2024-09-29,13
2024,COL,halvose01,2024-08-30,2024-09-29,12
2024,BOS,hamilda03,2024-04-07,2024-08-28,98
2024,NYA,hamilia01,2024-03-28,2024-09-29,35
2024,KCA,hampsga01,2024-03-30,2024-09-28,113
2024,SEA,hancoem01,2024-04-01,2024-09-28,12
2024,DET,hanifbr01,2024-08-01,2024-09-27,21
2024,SEA,hanigmi01,2024-03-28,2024-09-29,121
2024,CHN,happia01,2024-03-28,2024-09-29,153
2024,PHI,harpebr03,2024-03-29,2024-09-28,145
2024,OAK,harribr02,2024-05-03,2024-07-30,36
2024,TEX,harridu01,2024-09-28,2024-09-29,2
2024,OAK,harriho03,2024-05-07,2024-09-27,21
2024,SFN,harriky01,2024-03-29,2024-09-03,24
2024,ATL,harrimi04,2024-03-29,2024-09-30,110
2024,COL,hartlge01,2024-06-09,2024-06-21,5
2024,NYN,hartwgr01,2024-04-17,2024-05-17,4
2024,WAS,harvehu01,2024-03-30,2024-07-12,43
2024,KCA,harvehu01,2024-07-20,2024-08-04,6
2024,PIT,hayeske01,2024-03-28,2024-08-17,96
2024,BAL,haysau01,2024-03-28,2024-07-25,63
2024,PHI,haysau01,2024-07-27,2024-09-27,22
2024,MIN,headrbr01,2024-09-22,2024-09-22,1
2024,TEX,heanean01,2024-04-02,2024-09-28,32
2024,BAL,heasljo01,2024-04-02,2024-05-23,4
2024,CLE,hedgeau01,2024-03-28,2024-09-22,66
2024,TEX,heimjo01,2024-03-28,2024-09-29,131
2024,BOS,heinety01,2024-04-21,2024-06-24,2
2024,TOR,heinety01,2024-09-19,2024-09-29,6
2024,PIT,hellebe01,2024-06-06,2024-08-27,8
2024,MIN,helmami01,2024-09-03,2024-09-29,9
2024,SLN,helslry01,2024-03-30,2024-09-27,65
2024,BAL,hendegu01,2024-03-28,2024-09-29,159
2024,CHN,hendrky01,2024-03-30,2024-09-28,29
2024,HOU,henlebl01,2024-04-08,2024-04-08,1
2024,LAN,henried01,2024-09-24,2024-09-29,3
2024,MIN,henriro01,2024-04-22,2024-09-20,16
2024,ARI,henryto01,2024-03-30,2024-06-22,9
2024,MIA,henslda01,2024-07-30,2024-09-15,23
2024,CLE,hentgsa01,2024-05-06,2024-07-10,25
2024,ATL,hergeji01,2024-05-25,2024-08-17,8
2024,MIL,hergeke01,2024-05-08,2024-09-21,7
2024,KCA,hernaca04,2024-05-24,2024-09-29,27
2024,ATL,hernada03,2024-05-20,2024-09-30,16
2024,OAK,hernada04,2024-03-28,2024-09-29,48
2024,LAN,hernaen02,2024-03-20,2024-09-29,126
2024,LAN,hernael01,2024-05-15,2024-05-29,5
2024,MIL,hernael01,2024-06-09,2024-06-18,4
2024,TEX,hernajo02,2024-04-24,2024-07-28,26
2024,SEA,hernajo02,2024-08-04,2024-08-07,3
2024,PIT,hernajo03,2024-03-28,2024-05-23,7
2024,HOU,hernani01,2024-06-05,2024-09-08,5
2024,LAN,hernate01,2024-03-20,2024-09-29,154
2024,SLN,herreiv01,2024-03-30,2024-09-27,72
2024,ARI,herrejo04,2024-06-22,2024-09-24,42
2024,CLE,herriti01,2024-03-28,2024-09-28,75
2024,WAS,herzdj01,2024-06-04,2024-09-25,19
2024,LAN,heywaja01,2024-03-20,2024-08-20,63
2024,HOU,heywaja01,2024-08-29,2024-09-28,24
2024,ANA,hicksaa01,2024-03-28,2024-04-28,18
2024,MIL,hicklbr01,2024-09-01,2024-09-06,3
2024,SFN,hicksjo03,2024-03-30,2024-09-14,29
2024,SDN,higasky01,2024-03-30,2024-09-28,84
2024,TEX,hillde01,2024-05-21,2024-07-19,16
2024,SFN,hillde01,2024-07-25,2024-07-30,5
2024,MIA,hillde01,2024-08-05,2024-09-26,32
2024,COL,hillja01,2024-09-07,2024-09-27,9
2024,BOS,hillri01,2024-08-29,2024-09-04,4
2024,COL,hillisa01,2024-06-22,2024-09-29,58
2024,CHA,hillti01,2024-03-30,2024-06-11,27
2024,NYA,hillti01,2024-06-20,2024-09-28,35
2024,CIN,hindsre01,2024-07-08,2024-09-25,24
2024,ANA,hiurake01,2024-07-05,2024-07-21,10
2024,SFN,hjellse01,2024-04-21,2024-09-28,58
2024,CHN,hodgepo01,2024-05-22,2024-09-28,39
2024,MIA,hoeinbr01,2024-03-29,2024-07-27,16
2024,SDN,hoeinbr01,2024-07-31,2024-09-28,18
2024,CHN,hoernni01,2024-03-28,2024-09-29,151
2024,PHI,hoffmje02,2024-03-29,2024-09-28,68
2024,PIT,holdeco01,2024-04-11,2024-09-29,55
2024,CHN,holloga01,2024-09-23,2024-09-23,1
2024,BAL,hollija01,2024-04-10,2024-09-29,60
2024,NYA,holmecl01,2024-03-28,2024-09-29,67
2024,ATL,holmegr01,2024-06-16,2024-09-30,26
2024,OAK,holmagr01,2024-08-17,2024-09-25,18
2024,DET,holtoty01,2024-03-30,2024-09-27,66
2024,PIT,honeybr01,2024-07-08,2024-07-10,2
2024,LAN,honeybr01,2024-07-14,2024-09-24,18
2024,BOS,hornba01,2024-06-29,2024-09-17,18
2024,TOR,horwisp01,2024-06-08,2024-09-29,97
2024,MIL,hoskirh01,2024-03-29,2024-09-28,131
2024,BOS,houckta01,2024-04-01,2024-09-23,30
2024,NYN,housead01,2024-04-04,2024-07-24,23
2024,SFN,howarsp01,2024-05-28,2024-06-29,7
2024,CLE,howarsp01,2024-07-11,2024-07-20,2
2024,MIL,hudsobr01,2024-03-31,2024-09-02,43
2024,LAN,hudsoda01,2024-03-20,2024-09-27,65
2024,COL,hudsoda02,2024-04-01,2024-08-10,18
2024,NYN,hudsojo03,2024-06-21,2024-06-21,1
2024,TEX,huffsa01,2024-04-20,2024-06-17,3
2024,ARI,hughebr01,2024-04-30,2024-09-24,15
2024,HOU,hummeco01,2024-06-15,2024-06-29,6
2024,DET,hurtebr01,2024-08-04,2024-09-27,10
2024,CIN,hurtuja01,2024-05-13,2024-06-19,29
2024,LAN,hurtky01,2024-03-21,2024-04-16,3
2024,DET,ibanean01,2024-03-28,2024-09-29,99
2024,NYN,iglesjo01,2024-05-31,2024-09-30,85
2024,ATL,iglesra01,2024-03-30,2024-09-30,66
2024,CHN,imanash01,2024-04-01,2024-09-22,29
2024,CIN,indiajo01,2024-03-28,2024-09-29,151
2024,CHA,iriarja01,2024-09-03,2024-09-26,6
2024,BAL,irvinco01,2024-04-02,2024-09-09,25
2024,MIN,irvinco01,2024-09-17,2024-09-24,4
2024,WAS,irvinja01,2024-03-31,2024-09-29,33
2024,KCA,isbelky01,2024-03-28,2024-09-29,136
2024,TBA,jacksal02,2024-05-03,2024-08-30,58
2024,MIN,jacksja01,2024-03-31,2024-06-20,20
2024,SFN,jackslu01,2024-03-28,2024-07-26,36
2024,ATL,jackslu01,2024-08-01,2024-09-29,16
2024,SDN,jacobal01,2024-07-28,2024-09-14,7
2024,BOS,jacqujo01,2024-04-18,2024-04-18,1
2024,ARI,jacqujo01,2024-07-05,2024-07-05,1
2024,TEX,jankotr01,2024-03-28,2024-09-29,104
2024,TOR,janseda01,2024-04-16,2024-07-26,62
2024,BOS,janseda01,2024-06-26,2024-09-28,30
2024,BOS,janseke01,2024-03-28,2024-09-22,54
2024,ARI,jarvibr01,2024-03-30,2024-07-30,44
2024,HOU,javiecr01,2024-03-29,2024-05-21,7
2024,MIN,jaxgr01,2024-03-28,2024-09-26,72
2024,NYN,jayty01,2024-04-11,2024-07-01,3
2024,MIL,jayty01,2024-07-27,2024-07-30,2
2024,SFN,jeffeda01,2024-03-31,2024-05-01,2
2024,PIT,jeffeda01,2024-06-21,2024-07-05,4
2024,MIN,jeffery01,2024-03-28,2024-09-28,122
2024,OAK,jimenda02,2024-03-30,2024-08-23,25
2024,CHA,jimenel02,2024-03-28,2024-07-29,65
2024,BAL,jimenel02,2024-08-01,2024-09-21,33
2024,ATL,jimenjo02,2024-03-29,2024-09-30,69
2024,TOR,jimenle01,2024-06-26,2024-09-27,63
2024,DET,jobeja01,2024-09-25,2024-09-28,2
2024,PIT,joeco01,2024-03-28,2024-09-27,123
2024,SDN,johnsbr03,2024-06-24,2024-09-01,47
2024,BAL,johnsda07,2024-09-21,2024-09-21,1
2024,ATL,johnspi01,2024-03-29,2024-09-30,58
2024,PHI,johnsse01,2024-09-08,2024-09-08,1
2024,COL,jonesgr02,2024-06-06,2024-06-17,6
2024,NYA,jonesja08,2024-03-29,2024-07-27,33
2024,PIT,jonesja09,2024-03-30,2024-09-27,22
2024,COL,jonesno01,2024-03-28,2024-09-29,79
2024,CIN,jordale01,2024-06-24,2024-06-30,7
2024,ANA,joycebe01,2024-06-05,2024-09-03,31
2024,NYA,judgeaa01,2024-03-28,2024-09-28,158
2024,MIN,julieed01,2024-03-28,2024-09-29,94
2024,CHA,julksco01,2024-05-17,2024-09-15,66
2024,TEX,jungjo01,2024-03-28,2024-09-18,46
2024,DET,jungja01,2024-08-16,2024-09-29,34
2024,MIL,junisja01,2024-04-02,2024-07-28,10
2024,CIN,junisja01,2024-07-31,2024-09-25,14
2024,MIL,junkja01,2024-04-27,2024-07-27,5
2024,OAK,junkja01,2024-09-04,2024-09-04,1
2024,COL,justiev01,2024-09-01,2024-09-01,1
2024,NYA,kahnlto01,2024-05-22,2024-09-27,50
2024,ANA,kavadni01,2024-08-16,2024-09-29,30
2024,MIN,keirsda01,2024-09-05,2024-09-29,6
2024,DET,keithco01,2024-03-28,2024-09-29,148
2024,ATL,kelenja01,2024-03-29,2024-09-30,131
2024,CHA,kellebr01,2024-04-29,2024-05-18,5
2024,BOS,kellebr01,2024-05-27,2024-08-26,11
2024,CIN,kellyca01,2024-08-24,2024-08-28,2
2024,DET,kellyca02,2024-03-30,2024-07-28,60
2024,TEX,kellyca02,2024-07-31,2024-09-28,31
2024,LAN,kellyjo05,2024-03-20,2024-09-27,35
2024,TBA,kellyke02,2024-04-10,2024-09-28,68
2024,ARI,kellyme01,2024-03-29,2024-09-27,13
2024,PIT,kellemi03,2024-03-28,2024-09-26,31
2024,OAK,kellymi03,2024-03-28,2024-06-01,28
2024,BOS,kellyza01,2024-04-24,2024-09-13,49
2024,BAL,kempto01,2024-03-30,2024-04-09,5
2024,DET,kennebu01,2024-04-20,2024-04-27,6
2024,PHI,kennebu01,2024-09-06,2024-09-29,8
2024,MIN,keplema01,2024-03-28,2024-09-01,105
2024,PHI,kerkeor01,2024-04-14,2024-09-28,64
2024,ATL,kerrra01,2024-05-08,2024-06-15,10
2024,LAN,kershcl01,2024-07-25,2024-08-30,7
2024,HOU,kessigr01,2024-04-01,2024-09-28,23
2024,MIL,keuchda01,2024-06-26,2024-07-13,4
2024,TOR,kiermke01,2024-03-28,2024-07-29,82
2024,LAN,kiermke01,2024-08-02,2024-09-28,34
2024,TOR,kikucyu01,2024-03-30,2024-07-26,22
2024,HOU,kikucyu01,2024-08-02,2024-09-25,10
2024,CHN,kiliaca01,2024-09-23,2024-09-29,2
2024,SDN,kimha01,2024-03-20,2024-08-18,121
2024,BAL,kimbrcr01,2024-04-01,2024-09-17,57
2024,TOR,kineris01,2024-03-28,2024-06-30,83
2024,PIT,kineris01,2024-08-03,2024-09-28,50
2024,HOU,kingbr02,2024-06-23,2024-09-23,28
2024,SLN,kingjo01,2024-03-31,2024-09-27,56
2024,SDN,kingmi01,2024-03-21,2024-09-24,31
2024,COL,kinlety01,2024-03-29,2024-09-18,67
2024,SEA,kirbyge01,2024-03-29,2024-09-25,33
2024,MIN,kirilal01,2024-03-28,2024-06-11,57
2024,TOR,kirkal01,2024-03-28,2024-09-28,103
2024,MIA,kitchau01,2024-07-30,2024-09-06,4
2024,SLN,kittran01,2024-03-30,2024-09-27,74
2024,BAL,kjershe01,2024-04-23,2024-09-29,39
2024,KCA,kleinwi01,2024-04-28,2024-06-09,5
2024,OAK,kleinwi01,2024-08-03,2024-08-14,3
2024,SLN,kloffad01,2024-06-20,2024-06-20,1
2024,LAN,knackla01,2024-04-17,2024-09-29,15
2024,SFN,knappan01,2024-08-23,2024-08-28,3
2024,TEX,kniznan01,2024-03-30,2024-07-27,37
2024,PIT,kochgr01,2024-05-29,2024-06-02,3
2024,ANA,kochaja01,2024-07-11,2024-09-29,11
2024,COL,kochma01,2024-05-22,2024-05-23,2
2024,MIL,koenija01,2024-04-15,2024-09-28,55
2024,SDN,kolekst01,2024-03-21,2024-07-30,42
2024,CHA,kopecmi01,2024-03-28,2024-07-25,43
2024,LAN,kopecmi01,2024-07-31,2024-09-29,24
2024,CIN,kraveev01,2024-08-28,2024-08-28,1
2024,DET,kreidry01,2024-06-11,2024-09-11,35
2024,BAL,kremede01,2024-04-01,2024-09-24,24
2024,ANA,kristza01,2024-04-28,2024-04-28,1
2024,BAL,krookma01,2024-06-30,2024-06-30,1
2024,CHA,kuhlch01,2024-06-16,2024-09-20,31
2024,HOU,kuhnejo01,2024-04-12,2024-04-12,1
2024,TBA,kuhnejo01,2024-07-31,2024-08-24,5
2024,CLE,kwanst01,2024-03-28,2024-09-27,122
2024,COL,lambepe01,2024-03-30,2024-08-22,28
2024,LAN,lametdi01,2024-04-01,2024-04-05,3
2024,DET,langeal01,2024-03-30,2024-05-22,21
2024,OAK,langesh01,2024-03-28,2024-09-28,137
2024,TEX,langfwy01,2024-03-28,2024-09-29,134
2024,MIN,larnatr01,2024-04-16,2024-09-26,112
2024,WAS,lasorjo01,2024-08-17,2024-09-29,16
2024,TEX,latzja01,2024-03-31,2024-08-02,46
2024,CLE,laurera01,2024-03-28,2024-05-19,31
2024,ATL,laurera01,2024-06-15,2024-09-30,67
2024,WAS,lawde01,2024-03-30,2024-09-29,75
2024,COL,lawreju01,2024-03-30,2024-09-28,56
2024,PHI,lazarma01,2024-08-10,2024-09-13,11
2024,SLN,leahyky01,2024-04-30,2024-09-28,33
2024,CHA,leasujo01,2024-03-30,2024-07-14,33
2024,ANA,leblach01,2024-08-04,2024-09-18,11
2024,TEX,leclejo01,2024-03-28,2024-09-29,64
2024,MIN,leebr02,2024-07-03,2024-09-29,50
2024,ATL,leedy01,2024-03-30,2024-09-30,52
2024,SFN,leeju01,2024-03-28,2024-05-12,37
2024,CHA,leeko01,2024-03-30,2024-09-29,125
2024,CIN,legumca01,2024-04-22,2024-09-18,6
2024,CIN,leibrbr01,2024-08-29,2024-09-19,2
2024,TEX,leiteja01,2024-04-18,2024-09-26,9
2024,CHN,leitema02,2024-03-28,2024-07-28,39
2024,NYA,leitema02,2024-07-30,2024-09-29,21
2024,NYA,lemahdj01,2024-05-28,2024-09-03,67
2024,CHA,leonedo01,2024-03-28,2024-08-14,23
2024,HOU,leonpe01,2024-08-03,2024-08-18,7
2024,MIN,lewisro02,2024-03-28,2024-09-29,82
2024,SLN,liberma01,2024-03-28,2024-09-28,60
2024,NYN,lindofr01,2024-03-29,2024-09-30,152
2024,WAS,lipsctr01,2024-03-30,2024-09-29,61
2024,TOR,littlbr02,2024-04-26,2024-09-28,49
2024,CHN,littllu01,2024-03-30,2024-07-12,30
2024,TBA,litteza01,2024-03-30,2024-09-25,29
2024,CLE,livelbe01,2024-04-17,2024-09-28,29
2024,NYA,loaisjo01,2024-03-28,2024-04-03,3
2024,SDN,lockrbr01,2024-09-13,2024-09-29,12
2024,SEA,locklty01,2024-06-09,2024-07-29,16
2024,CIN,lodolni01,2024-04-13,2024-08-22,21
2024,KCA,loftini01,2024-03-30,2024-08-31,57
2024,LAN,logueza01,2024-09-18,2024-09-19,2
2024,KCA,longsa01,2024-05-21,2024-09-28,43
2024,NYN,lopezjo02,2024-03-29,2024-05-29,28
2024,CHN,lopezjo02,2024-06-28,2024-09-19,24
2024,ANA,lopezja03,2024-08-16,2024-09-29,27
2024,TBA,lopezja04,2024-04-19,2024-08-25,4
2024,HOU,loperjo01,2024-04-30,2024-07-28,38
2024,TOR,loperjo01,2024-06-26,2024-09-29,43
2024,CHA,lopezni01,2024-03-28,2024-09-27,124
2024,MIA,lopezot01,2024-04-15,2024-09-29,117
2024,MIN,lopezpa01,2024-03-28,2024-09-27,32
2024,ATL,lopezre01,2024-04-02,2024-09-30,26
2024,TEX,lorenmi01,2024-04-15,2024-07-28,19
2024,KCA,lorenmi01,2024-08-03,2024-09-28,7
2024,SLN,loutory01,2024-06-01,2024-07-31,3
2024,CHN,lovelri01,2024-04-28,2024-05-12,7
2024,TBA,lovelri01,2024-05-20,2024-09-29,28
2024,CIN,lowderh01,2024-08-30,2024-09-28,6
2024,TBA,lowebr01,2024-03-28,2024-09-28,107
2024,TBA,lowejo01,2024-05-06,2024-09-29,106
2024,TEX,lowena01,2024-04-20,2024-09-29,140
2024,OAK,lucasea01,2024-05-08,2024-05-13,3
2024,DET,lucasea01,2024-07-22,2024-07-28,3
2024,TOR,lucasea01,2024-09-24,2024-09-27,2
2024,NYN,lucchjo01,2024-05-15,2024-09-30,2
2024,SFN,luciama01,2024-05-14,2024-09-20,27
2024,KCA,lugose01,2024-03-30,2024-09-28,33
2024,TOR,lukesna01,2024-08-30,2024-09-29,22
2024,LAN,luxga01,2024-03-20,2024-09-28,139
2024,MIA,luzarje01,2024-03-28,2024-06-16,12
2024,KCA,lylesjo01,2024-03-31,2024-04-12,5
2024,KCA,lynchda02,2024-05-05,2024-09-28,16
2024,SLN,lynnla01,2024-03-30,2024-09-17,23
2024,SDN,machama01,2024-03-20,2024-09-28,152
2024,NYA,maciejo01,2024-04-08,2024-07-20,4
2024,DET,maddety01,2024-08-26,2024-09-28,6
2024,DET,madribl01,2024-07-21,2024-08-16,21
2024,CHN,madrini01,2024-03-28,2024-06-01,51
2024,DET,maedake01,2024-03-30,2024-09-29,29
2024,TEX,mahlety01,2024-08-06,2024-08-18,3
2024,CIN,mailelu01,2024-03-30,2024-09-29,55
2024,MIA,maldoan01,2024-04-26,2024-09-26,16
2024,CHA,maldoma01,2024-03-28,2024-07-13,48
2024,DET,malloju02,2024-06-03,2024-09-28,71
2024,NYN,manaese01,2024-04-01,2024-09-27,32
2024,DET,mannima01,2024-04-04,2024-05-19,5
2024,TOR,manoaal01,2024-05-05,2024-05-29,5
2024,ARI,mantijo01,2024-03-29,2024-09-29,75
2024,CLE,manzaky01,2024-05-06,2024-09-28,53
2024,PHI,marchra01,2024-06-12,2024-07-14,17
2024,MIN,margoma01,2024-03-28,2024-09-29,129
2024,NYA,marinro01,2024-04-13,2024-09-04,16
2024,SEA,marloca01,2024-07-23,2024-08-06,8
2024,COL,marquge01,2024-07-14,2024-07-14,1
2024,KCA,marshal01,2024-04-02,2024-09-29,26
2024,PHI,marshbr02,2024-03-29,2024-09-29,135
2024,MIN,martiau01,2024-03-30,2024-09-29,93
2024,CLE,martian02,2024-06-22,2024-09-27,43
2024,BOS,martich02,2024-03-28,2024-09-29,45
2024,CHA,martida03,2024-07-27,2024-09-25,11
2024,NYN,martijd02,2024-04-26,2024-09-30,120
2024,ANA,martejo01,2024-06-16,2024-08-07,14
2024,ARI,martiju01,2024-04-17,2024-09-28,64
2024,ATL,martijp01,2024-06-02,2024-06-16,7
2024,ARI,marteke01,2024-03-28,2024-09-29,136
2024,CIN,martini01,2024-03-31,2024-09-27,42
2024,CIN,martini02,2024-03-28,2024-07-06,52
2024,CIN,marteno01,2024-06-27,2024-09-29,66
2024,TOR,martior01,2024-06-21,2024-06-21,1
2024,NYN,martest01,2024-03-29,2024-09-30,94
2024,HOU,martise01,2024-03-28,2024-09-23,44
2024,PHI,marteyu01,2024-03-29,2024-08-30,23
2024,KCA,massemi02,2024-04-19,2024-09-29,100
2024,CHN,mastrmi01,2024-03-28,2024-09-23,50
2024,BAL,mateojo01,2024-03-28,2024-07-23,68
2024,SFN,matoslu02,2024-03-31,2024-09-29,45
2024,BAL,matonni01,2024-06-20,2024-09-13,5
2024,TBA,matonph01,2024-03-28,2024-07-06,40
2024,NYN,matonph01,2024-07-11,2024-09-30,31
2024,SDN,matsuyu01,2024-03-20,2024-09-29,64
2024,PIT,mattsis01,2024-09-20,2024-09-29,3
2024,MIN,matthze01,2024-08-13,2024-09-28,9
2024,SLN,matzst01,2024-03-31,2024-09-29,12
2024,ATL,matzety01,2024-03-30,2024-05-04,11
2024,BAL,mayoco01,2024-08-02,2024-09-20,17
2024,TOR,mayzati01,2024-03-28,2024-06-28,35
2024,NYA,mayzati01,2024-08-17,2024-09-29,15
2024,SDN,mazurad01,2024-06-04,2024-07-26,8
2024,KCA,mcartja01,2024-03-30,2024-09-16,57
2024,MIA,mccauda01,2024-05-04,2024-09-28,10
2024,CLE,mccauda01,2024-06-23,2024-06-28,2
2024,BAL,mccanja02,2024-03-30,2024-09-29,66
2024,ARI,mccarja02,2024-03-28,2024-09-29,142
2024,OAK,mccanky01,2024-03-30,2024-09-29,54
2024,HOU,mccorch01,2024-03-28,2024-09-10,94
2024,SDN,mccoyma01,2024-08-21,2024-09-14,19
2024,SFN,mccragr01,2024-08-14,2024-09-29,37
2024,PIT,mccutan01,2024-03-28,2024-09-27,120
2024,BAL,mcderch01,2024-07-24,2024-07-24,1
2024,SFN,mcdontr01,2024-09-29,2024-09-29,1
2024,OAK,mcfartj01,2024-03-28,2024-09-28,79
2024,ARI,mcgousc01,2024-03-28,2024-09-28,26
2024,SLN,mcgremi01,2024-07-31,2024-09-29,4
2024,BOS,mcguire01,2024-03-29,2024-07-24,53
2024,BAL,mckenry01,2024-04-26,2024-05-11,9
2024,SFN,mckenry01,2024-05-21,2024-05-26,4
2024,CLE,mckentr01,2024-04-01,2024-06-28,16
2024,PIT,mckinbi01,2024-08-19,2024-09-05,10
2024,DET,mckinza01,2024-03-30,2024-09-29,118
2024,COL,mcmahry01,2024-03-28,2024-09-29,153
2024,MIA,mcmiljo01,2024-08-10,2024-09-11,10
2024,NYN,mcneije01,2024-03-29,2024-09-06,129
2024,TBA,meadcu01,2024-03-30,2024-08-12,38
2024,DET,meadopa01,2024-03-28,2024-09-29,82
2024,BAL,meansjo01,2024-05-04,2024-05-22,4
2024,COL,mearsni01,2024-03-28,2024-07-22,41
2024,MIL,mearsni01,2024-07-29,2024-09-28,13
2024,ANA,medervi01,2024-08-19,2024-09-07,4
2024,OAK,medinlu02,2024-06-02,2024-07-11,8
2024,MIL,meekeja01,2024-06-07,2024-06-07,1
2024,MIL,megiltr01,2024-03-29,2024-09-27,48
2024,NYN,megilty01,2024-03-31,2024-09-30,16
2024,KCA,melenmj01,2024-03-28,2024-09-29,135
2024,ARI,menacr01,2024-07-03,2024-07-03,1
2024,CHA,mendida01,2024-04-22,2024-07-12,47
2024,WAS,menesjo01,2024-03-28,2024-07-04,76
2024,PHI,mercami01,2024-06-24,2024-08-28,5
2024,CHN,merryju01,2024-03-28,2024-08-25,15
2024,SDN,merrija01,2024-03-20,2024-09-29,156
2024,PHI,merriwh01,2024-03-30,2024-07-10,53
2024,ATL,merriwh01,2024-07-25,2024-09-30,42
2024,CHN,mervima01,2024-04-23,2024-05-03,9
2024,HOU,meyerja02,2024-03-28,2024-09-28,148
2024,MIA,meyerma01,2024-04-01,2024-09-03,11
2024,SLN,mikolmi01,2024-03-28,2024-09-27,32
2024,MIL,mileywa01,2024-04-10,2024-04-16,2
2024,SEA,millebr04,2024-03-31,2024-09-23,31
2024,LAN,millebo06,2024-03-29,2024-09-17,13
2024,WAS,milladr01,2024-04-10,2024-09-29,20
2024,SFN,milleer01,2024-03-28,2024-09-28,73
2024,OAK,millema03,2024-03-30,2024-09-28,55
2024,MIL,milleow01,2024-04-16,2024-05-30,14
2024,ANA,millery01,2024-08-27,2024-09-28,13
2024,DET,millesh01,2024-03-28,2024-09-17,51
2024,SEA,millety01,2024-04-08,2024-05-09,9
2024,CHN,millety01,2024-05-14,2024-09-28,49
2024,MIL,milneho01,2024-03-30,2024-09-29,61
2024,ATL,minteaj01,2024-03-29,2024-08-11,39
2024,MIN,miranjo01,2024-04-08,2024-09-24,121
2024,NYA,misiean01,2024-06-19,2024-06-19,1
2024,TBA,misneka01,2024-08-02,2024-08-22,8
2024,MIL,mitchga01,2024-07-01,2024-09-29,69
2024,DET,mizeca01,2024-04-04,2024-09-29,22
2024,PIT,mlodzca01,2024-05-17,2024-09-29,40
2024,COL,molinan01,2024-03-28,2024-09-27,35
2024,CIN,mollsa01,2024-04-23,2024-09-07,48
2024,MIL,monasan01,2024-03-29,2024-09-29,59
2024,CHA,moncayo01,2024-03-28,2024-09-18,12
2024,ANA,moniami01,2024-03-28,2024-09-26,124
2024,COL,monteel01,2024-03-28,2024-06-29,67
2024,CIN,montafr01,2024-03-28,2024-07-24,19
2024,MIL,montafr01,2024-08-02,2024-09-27,11
2024,ARI,montgjo01,2024-04-19,2024-09-22,25
2024,DET,monteke01,2024-05-29,2024-09-29,19
2024,TBA,montgma01,2024-09-05,2024-09-29,9
2024,HOU,montera01,2024-03-28,2024-07-28,41
2024,SEA,mooredy01,2024-03-28,2024-09-29,135
2024,ANA,moorema02,2024-04-01,2024-08-25,51
2024,SDN,morejad01,2024-03-20,2024-09-27,60
2024,CHN,morelch01,2024-03-28,2024-07-28,103
2024,TBA,morelch01,2024-07-30,2024-09-29,49
2024,ARI,morenga01,2024-03-28,2024-09-29,97
2024,CLE,morgael01,2024-03-28,2024-09-27,32
2024,ATL,mortoch02,2024-04-01,2024-09-29,30
2024,BAL,mountry01,2024-03-28,2024-09-29,124
2024,BAL,mullice01,2024-03-28,2024-09-29,147
2024,OAK,mulleky01,2024-03-28,2024-09-29,21
2024,LAN,muncyma01,2024-03-20,2024-09-29,73
2024,SEA,munozan01,2024-03-29,2024-09-24,60
2024,MIA,munozro01,2024-04-20,2024-08-27,18
2024,ATL,murphse01,2024-03-29,2024-09-30,72
2024,SFN,murphto04,2024-03-30,2024-05-04,13
2024,SDN,musgrjo01,2024-03-21,2024-09-26,19
2024,HOU,mushipa01,2024-03-29,2024-06-04,10
2024,MIA,myersda01,2024-04-28,2024-09-29,44
2024,MIL,myersto01,2024-04-23,2024-09-28,27
2024,TOR,nanceto01,2024-08-10,2024-09-24,20
2024,MIA,nardian01,2024-03-28,2024-08-21,59
2024,NYA,narvaca01,2024-07-20,2024-08-10,6
2024,NYN,narvaom01,2024-03-31,2024-05-30,28
2024,CHA,nastrni01,2024-04-15,2024-09-09,9
2024,CLE,naylobo01,2024-03-29,2024-09-28,123
2024,CLE,naylojo01,2024-03-28,2024-09-28,152
2024,CHN,neelyja01,2024-08-21,2024-09-17,6
2024,ARI,nelsoky01,2024-03-28,2024-04-22,11
2024,PHI,nelsoni01,2024-04-01,2024-09-06,4
2024,ARI,nelsory01,2024-04-01,2024-09-29,28
2024,CHN,nerishe01,2024-03-28,2024-08-18,46
2024,HOU,nerishe01,2024-08-25,2024-09-28,16
2024,ANA,netoza01,2024-03-28,2024-09-26,155
2024,OAK,nevinty01,2024-04-01,2024-09-29,87
2024,OAK,newcose01,2024-06-04,2024-06-30,7
2024,ARI,newmake01,2024-04-07,2024-09-29,111
2024,PIT,nicolky01,2024-04-28,2024-09-16,51
2024,NYN,nidoto01,2024-04-20,2024-06-04,32
2024,CHN,nidoto01,2024-06-21,2024-07-24,17
2024,NYN,nimmobr01,2024-03-29,2024-09-30,151
2024,OAK,nittovi01,2024-06-05,2024-06-20,7
2024,BAL,nittovi01,2024-07-13,2024-07-23,2
2024,OAK,nodary01,2024-03-28,2024-09-22,36
2024,CLE,noeljh01,2024-06-26,2024-09-28,67
2024,PHI,nolaaa01,2024-03-30,2024-09-29,33
2024,SLN,nootbla01,2024-04-12,2024-09-29,109
2024,BAL,norbyco01,2024-06-03,2024-07-29,9
2024,MIA,norbyco01,2024-08-19,2024-09-29,36
2024,NYN,nunezde01,2024-04-09,2024-08-24,25
2024,WAS,nunezna01,2024-03-30,2024-09-29,51
2024,MIN,oberba01,2024-03-31,2024-09-29,31
2024,SLN,obrieri01,2024-03-28,2024-09-14,8
2024,BAL,ohearry01,2024-03-28,2024-09-29,142
2024,ANA,ohopplo01,2024-03-28,2024-09-28,136
2024,LAN,ohtansh01,2024-03-20,2024-09-29,159
2024,MIN,okertst01,2024-03-30,2024-08-23,44
2024,PIT,olivaed02,2024-03-28,2024-07-07,55
2024,MIA,ollerad01,2024-08-19,2024-09-27,8
2024,OAK,olougja01,2024-05-26,2024-07-06,4
2024,ATL,olsonma02,2024-03-29,2024-09-30,162
2024,DET,olsonre01,2024-04-01,2024-09-26,22
2024,BOS,oneilty01,2024-03-28,2024-09-28,113
2024,TEX,orneljo01,2024-05-07,2024-09-28,18
2024,HOU,ortka01,2024-07-06,2024-09-23,22
2024,CHA,ortegra01,2024-04-26,2024-05-14,14
2024,MIL,ortizjo06,2024-03-29,2024-09-29,142
2024,PHI,ortizlu02,2024-03-30,2024-03-30,1
2024,PIT,ortizlu03,2024-03-28,2024-09-25,37
2024,NYN,orzeer01,2024-07-08,2024-07-26,2
2024,OAK,otanemi01,2024-06-10,2024-09-26,36
2024,NYN,ottavad01,2024-03-30,2024-09-30,60
2024,LAN,outmaja01,2024-03-20,2024-09-29,53
2024,ATL,ozunama01,2024-03-29,2024-09-30,162
2024,PHI,pachecr01,2024-03-31,2024-07-23,50
2024,BAL,pachecr01,2024-07-26,2024-07-31,3
2024,MIA,pachecr01,2024-08-03,2024-09-22,35
2024,MIN,paddach01,2024-04-03,2024-07-14,17
2024,CIN,paganem01,2024-03-28,2024-09-25,38
2024,LAN,pagesan01,2024-04-16,2024-09-29,116
2024,SLN,pagespe02,2024-04-07,2024-09-29,68
2024,PIT,palacjo01,2024-07-04,2024-09-29,23
2024,TBA,palacri01,2024-03-28,2024-09-29,92
2024,CHN,palenda01,2024-04-07,2024-09-17,10
2024,SLN,pallaan01,2024-03-28,2024-09-28,29
2024,MIL,pareden01,2024-05-26,2024-09-19,17
2024,CHN,pareden01,2024-09-24,2024-09-24,1
2024,TBA,paredis01,2024-03-28,2024-07-28,101
2024,CHN,paredis01,2024-07-30,2024-09-29,52
2024,ANA,parisky01,2024-05-09,2024-06-07,21
2024,WAS,parkemi01,2024-04-15,2024-09-24,29
2024,TOR,parsowe01,2024-03-29,2024-04-03,2
2024,CLE,parsowe01,2024-04-13,2024-04-17,2
2024,KCA,pasquvi01,2024-03-28,2024-08-29,131
2024,SDN,paulegr01,2024-03-20,2024-05-01,13
2024,LAN,paxtoja01,2024-04-01,2024-07-21,18
2024,BOS,paxtoja01,2024-07-30,2024-08-11,3
2024,MIL,payamjo01,2024-03-29,2024-09-28,68
2024,TOR,pearsna01,2024-03-28,2024-07-25,41
2024,CHN,pearsna01,2024-07-29,2024-09-29,19
2024,ARI,pederjo01,2024-03-29,2024-09-28,132
2024,MIL,pegueel01,2024-03-30,2024-09-11,52
2024,PIT,pegueli01,2024-09-25,2024-09-29,3
2024,HOU,penaje02,2024-03-28,2024-09-28,157
2024,KCA,penniwa01,2024-07-05,2024-07-05,1
2024,TEX,penniwa01,2024-08-04,2024-09-21,15
2024,BOS,penroza01,2024-09-14,2024-09-27,7
2024,TBA,pepiory01,2024-04-01,2024-09-29,26
2024,SDN,peralda01,2024-05-22,2024-09-29,91
2024,MIL,peralfr01,2024-03-29,2024-09-25,32
2024,COL,perallu01,2024-08-24,2024-09-29,15
2024,NYA,perazos02,2024-08-16,2024-08-21,4
2024,CHA,peralsa01,2024-06-09,2024-08-28,9
2024,SDN,peralwa01,2024-03-20,2024-09-28,46
2024,ARI,perdoge01,2024-03-28,2024-09-29,98
2024,BAL,perezci01,2024-03-30,2024-09-28,62
2024,MIA,peredjh01,2024-04-17,2024-09-28,20
2024,PIT,perezma02,2024-03-29,2024-07-24,16
2024,SDN,perezma02,2024-08-03,2024-09-29,10
2024,KCA,perezsa02,2024-03-28,2024-09-28,158
2024,DET,perezwe01,2024-04-08,2024-09-29,112
2024,MIL,perkibl01,2024-03-29,2024-09-29,121
2024,NYN,peterda01,2024-05-29,2024-09-29,21
2024,ARI,peterja01,2024-03-28,2024-04-18,14
2024,LAN,petermi01,2024-06-18,2024-09-04,11
2024,MIA,petermi01,2024-09-13,2024-09-26,5
2024,ARI,pfaadbr01,2024-03-31,2024-09-29,32
2024,CHA,phamth01,2024-04-26,2024-07-28,70
2024,SLN,phamth01,2024-07-30,2024-08-28,23
2024,KCA,phamth01,2024-09-01,2024-09-29,23
2024,LAN,phillev01,2024-03-20,2024-09-29,61
2024,PHI,phillty01,2024-07-07,2024-09-03,8
2024,CHA,pillake01,2024-03-28,2024-04-25,17
2024,ANA,pillake01,2024-05-01,2024-09-29,83
2024,PHI,pintori01,2024-04-02,2024-04-23,6
2024,TBA,pintore02,2024-03-28,2024-04-29,19
2024,COL,pintri01,2024-06-29,2024-08-14,4
2024,BOS,pivetni01,2024-03-29,2024-09-27,27
2024,ANA,plesaza01,2024-06-17,2024-06-28,3
2024,TBA,pocheco01,2024-03-30,2024-09-27,43
2024,SEA,polanjo01,2024-03-28,2024-09-29,118
2024,TOR,popza01,2024-04-30,2024-09-23,58
2024,NYA,poteeco01,2024-04-13,2024-09-25,5
2024,BAL,povicca01,2024-06-06,2024-09-27,16
2024,KCA,prattni01,2024-06-11,2024-06-11,1
2024,HOU,pressry01,2024-03-28,2024-09-28,59
2024,PIT,priesqu01,2024-04-19,2024-07-27,10
2024,BOS,priesqu01,2024-09-29,2024-09-29,1
2024,SDN,profaju01,2024-03-20,2024-09-28,158
2024,TEX,pruitau01,2024-04-13,2024-04-20,4
2024,MIA,pukaj01,2024-03-29,2024-07-23,32
2024,ARI,pukaj01,2024-07-27,2024-09-28,30
2024,COL,quantca01,2024-03-29,2024-09-27,29
2024,ANA,quijajo01,2024-07-24,2024-09-28,22
2024,NYN,quintjo01,2024-03-29,2024-09-28,31
2024,BOS,rafaece01,2024-03-28,2024-09-29,152
2024,KCA,raganco01,2024-03-28,2024-09-24,32
2024,WAS,raineta01,2024-03-28,2024-09-27,50
2024,NYN,raleybr01,2024-03-31,2024-04-19,8
2024,SEA,raleica01,2024-03-28,2024-09-29,153
2024,SEA,raleylu01,2024-03-28,2024-09-29,137
2024,TBA,ramirer02,2024-04-21,2024-08-30,13
2024,MIA,ramirem01,2024-04-28,2024-08-24,15
2024,TBA,ramirha02,2024-03-28,2024-06-05,48
2024,WAS,ramirha02,2024-06-24,2024-08-09,25
2024,CLE,ramirjo01,2024-03-28,2024-09-28,158
2024,LAN,ramirni01,2024-04-14,2024-09-09,8
2024,NYN,ramiryo01,2024-03-30,2024-05-14,5
2024,BAL,ramiryo01,2024-04-13,2024-05-01,5
2024,LAN,ramiryo01,2024-05-21,2024-07-24,27
2024,BOS,ramiryo01,2024-07-30,2024-07-30,1
2024,CHA,ramosbr01,2024-05-04,2024-09-29,32
2024,SFN,ramoshe02,2024-05-08,2024-09-28,121
2024,TBA,rasmudr01,2024-08-07,2024-09-28,16
2024,SFN,rayro02,2024-07-24,2024-08-25,7
2024,MIL,reaco01,2024-03-31,2024-09-29,32
2024,PHI,realmjt01,2024-03-29,2024-09-28,99
2024,SFN,reetzja01,2024-05-05,2024-08-08,6
2024,BOS,refsnro01,2024-04-18,2024-09-19,93
2024,NYN,reidfse01,2024-04-22,2024-06-19,23
2024,CHA,remilza01,2024-04-12,2024-06-02,15
2024,ANA,rendoan01,2024-03-28,2024-09-07,57
2024,KCA,renfrhu01,2024-03-28,2024-09-29,120
2024,ANA,rengilu01,2024-03-28,2024-08-02,78
2024,OAK,reyesge01,2024-07-31,2024-08-06,3
2024,BOS,reyespa01,2024-03-28,2024-04-27,21
2024,NYN,reyespa01,2024-09-01,2024-09-01,1
2024,PIT,reynobr01,2024-03-28,2024-09-29,156
2024,SDN,reynose01,2024-07-14,2024-08-30,9
2024,WAS,ribalor01,2024-08-13,2024-09-01,4
2024,NYA,ricebe01,2024-06-18,2024-09-29,50
2024,CIN,richaly01,2024-07-30,2024-07-30,1
2024,TOR,richatr01,2024-03-28,2024-07-29,45
2024,MIN,richatr01,2024-08-02,2024-08-26,10
2024,ATL,rileyau01,2024-03-29,2024-08-18,110
2024,CIN,riosed01,2024-07-06,2024-07-14,5
2024,SEA,rivasle01,2024-04-28,2024-09-29,43
2024,MIA,riverem01,2024-04-06,2024-08-18,97
2024,BAL,riverem01,2024-08-24,2024-09-29,27
2024,NYA,rizzoan01,2024-03-28,2024-09-28,92
2024,TEX,roberda08,2024-03-28,2024-09-29,68
2024,TEX,roberda11,2024-07-10,2024-09-27,4
2024,CHN,roberet01,2024-06-30,2024-09-29,21
2024,CHA,roberlu01,2024-03-28,2024-09-29,100
2024,SLN,roberni01,2024-04-23,2024-05-19,8
2024,TOR,roberni01,2024-09-28,2024-09-28,1
2024,CHA,robinch03,2024-07-20,2024-09-28,26
2024,WAS,roblevi01,2024-03-30,2024-05-26,14
2024,SEA,roblevi01,2024-06-05,2024-09-29,77
2024,CLE,rocchbr01,2024-03-28,2024-09-28,143
2024,TEX,rockeku01,2024-09-12,2024-09-26,3
2024,COL,rodgebr02,2024-03-28,2024-09-27,135
2024,NYA,rodonca01,2024-03-29,2024-09-27,32
2024,MIL,rodrica02,2024-06-11,2024-06-22,3
2024,ARI,rodried05,2024-08-07,2024-09-28,10
2024,BAL,rodrigr01,2024-03-30,2024-07-31,20
2024,BOS,rodrijo04,2024-03-28,2024-08-25,14
2024,SEA,rodriju01,2024-03-28,2024-09-29,143
2024,CLE,rodrijo10,2024-05-21,2024-06-25,13
2024,TBA,rodrima01,2024-04-28,2024-09-27,40
2024,SFN,rodrira02,2024-05-04,2024-09-29,35
2024,TEX,rodriye01,2024-03-31,2024-05-22,12
2024,TOR,rodriye01,2024-07-29,2024-08-07,4
2024,TOR,rodriya01,2024-04-13,2024-09-28,21
2024,COL,rogerjo01,2024-05-27,2024-08-11,6
2024,DET,rogerja03,2024-03-28,2024-09-29,102
2024,SFN,rogerta01,2024-03-30,2024-09-29,64
2024,SFN,rogerty01,2024-03-29,2024-09-28,77
2024,MIA,rogertr01,2024-03-31,2024-07-26,21
2024,BAL,rogertr01,2024-08-01,2024-08-19,4
2024,SEA,rojasjo01,2024-03-28,2024-09-29,143
2024,PHI,rojasjo03,2024-03-29,2024-09-24,120
2024,LAN,rojasmi02,2024-03-28,2024-09-25,103
2024,MIL,rollech01,2024-05-15,2024-05-15,1
2024,TOR,romanjo03,2024-04-16,2024-05-29,15
2024,SLN,romerjo01,2024-03-29,2024-09-21,65
2024,COL,romodr01,2024-08-17,2024-09-29,16
2024,OAK,rookebr01,2024-03-28,2024-09-29,145
2024,TBA,rortvbe01,2024-03-29,2024-09-28,112
2024,TBA,rosaram01,2024-03-28,2024-07-28,76
2024,LAN,rosaram01,2024-08-02,2024-08-11,5
2024,CIN,rosaram01,2024-08-22,2024-09-24,22
2024,WAS,rosared01,2024-03-28,2024-06-28,67
2024,ATL,rosared01,2024-07-08,2024-08-06,24
2024,SDN,rosareg01,2024-03-21,2024-07-02,30
2024,ANA,rosenke01,2024-07-11,2024-09-26,7
2024,MIL,rossjo01,2024-04-03,2024-09-27,25
2024,SFN,rouppla01,2024-03-29,2024-09-27,23
2024,SLN,roycrch01,2024-05-07,2024-09-28,27
2024,OAK,ruizes01,2024-03-28,2024-05-22,29
2024,PHI,ruizjo01,2024-05-04,2024-09-29,52
2024,WAS,ruizke01,2024-03-28,2024-09-28,127
2024,WAS,rutleja01,2024-05-14,2024-09-29,3
2024,BAL,rutscad01,2024-03-28,2024-09-29,148
2024,MIN,ryanjo04,2024-03-30,2024-08-07,23
2024,PIT,ryanry01,2024-03-29,2024-08-18,15
2024,LAN,ryanri01,2024-07-22,2024-08-10,4
2024,ARI,saalfan01,2024-04-24,2024-04-29,2
2024,SFN,sabolbl01,2024-05-04,2024-05-17,11
2024,CLE,sabroer01,2024-09-04,2024-09-27,8
2024,SLN,saggeth01,2024-09-10,2024-09-29,18
2024,HOU,salazce01,2024-06-15,2024-09-25,12
2024,LAN,salazed01,2024-05-15,2024-05-15,1
2024,WAS,salazed01,2024-07-14,2024-09-27,25
2024,ATL,salech01,2024-03-31,2024-09-19,29
2024,DET,sammobr01,2024-07-29,2024-08-25,6
2024,MIA,sanchal04,2024-06-22,2024-08-31,31
2024,PHI,sanchcr01,2024-04-01,2024-09-25,31
2024,MIL,sanchga02,2024-03-29,2024-09-29,89
2024,MIA,sanchje02,2024-03-28,2024-09-29,149
2024,MIA,sanchsi01,2024-03-28,2024-05-31,14
2024,MIN,sandsco01,2024-03-31,2024-09-29,62
2024,CLE,sandlni01,2024-03-28,2024-09-27,68
2024,ANA,sandopa02,2024-03-28,2024-06-21,16
2024,MIA,sanojja01,2024-09-07,2024-09-28,15
2024,ANA,sanomi01,2024-03-28,2024-07-05,28
2024,BAL,santaan02,2024-03-28,2024-09-28,155
2024,MIN,santaca01,2024-03-28,2024-09-29,150
2024,NYA,santade01,2024-04-05,2024-06-08,23
2024,PIT,santade01,2024-06-13,2024-09-28,39
2024,SEA,santogr01,2024-07-09,2024-09-29,8
2024,CIN,santito01,2024-07-13,2024-09-29,29
2024,SEA,sauceta01,2024-03-28,2024-09-28,53
2024,KCA,sauerma01,2024-03-31,2024-05-19,14
2024,TEX,sborzjo01,2024-03-28,2024-09-24,17
2024,ANA,schanno01,2024-03-28,2024-09-25,147
2024,TEX,scherma01,2024-06-23,2024-09-14,9
2024,NYA,schmicl01,2024-03-31,2024-09-29,16
2024,SFN,schmica01,2024-05-10,2024-09-29,40
2024,TOR,schneda03,2024-03-31,2024-09-29,135
2024,CLE,schneda04,2024-06-02,2024-09-27,73
2024,KCA,schrejo01,2024-03-30,2024-09-29,59
2024,COL,schunaa01,2024-06-29,2024-09-29,39
2024,OAK,schuema01,2024-04-12,2024-09-29,133
2024,PHI,schwaky01,2024-03-29,2024-09-29,150
2024,ATL,schwesp01,2024-05-29,2024-09-30,21
2024,NYN,scottch01,2024-05-04,2024-07-21,9
2024,MIA,scottta01,2024-03-28,2024-07-26,44
2024,SDN,scottta01,2024-08-03,2024-09-26,28
2024,HOU,scottta02,2024-03-28,2024-09-16,62
2024,SLN,scottvi01,2024-03-28,2024-09-26,53
2024,TEX,seageco01,2024-03-28,2024-09-02,123
2024,OAK,searsjp01,2024-03-30,2024-09-27,32
2024,KCA,selbyco01,2024-05-03,2024-05-04,2
2024,BAL,selbyco01,2024-08-19,2024-09-29,3
2024,TEX,semiema01,2024-03-28,2024-09-29,159
2024,NYN,sengako01,2024-07-26,2024-07-26,1
2024,COL,senzaan01,2024-09-16,2024-09-28,3
2024,WAS,senzeni01,2024-04-15,2024-07-05,64
2024,CHA,senzeni01,2024-07-19,2024-08-19,10
2024,TOR,servebr01,2024-03-30,2024-09-15,28
2024,NYN,severlu01,2024-03-30,2024-09-24,31
2024,ARI,sewalpa01,2024-05-07,2024-09-08,42
2024,CHA,shawbr01,2024-04-01,2024-04-10,5
2024,CHA,sheetga01,2024-03-30,2024-09-27,139
2024,TBA,shentau01,2024-03-31,2024-09-18,19
2024,CHA,shewmbr01,2024-03-30,2024-05-15,29
2024,NYN,shortza01,2024-03-30,2024-04-21,10
2024,BOS,shortza01,2024-05-02,2024-05-05,2
2024,ATL,shortza01,2024-05-12,2024-07-24,30
2024,COL,shrevch01,2024-08-07,2024-08-07,1
2024,BOS,shugach01,2024-08-15,2024-09-28,6
2024,CHA,shustja01,2024-04-08,2024-09-27,39
2024,SLN,sianimi01,2024-03-30,2024-09-29,124
2024,ANA,silsech01,2024-04-01,2024-04-07,2
2024,CIN,simslu01,2024-03-30,2024-07-29,43
2024,BOS,simslu01,2024-07-31,2024-09-28,15
2024,KCA,singebr01,2024-03-31,2024-09-27,32
2024,HOU,singljo02,2024-03-28,2024-09-28,119
2024,TBA,sirijo01,2024-03-28,2024-09-28,130
2024,PIT,skenepa01,2024-05-11,2024-09-28,23
2024,DET,skubata01,2024-03-28,2024-09-24,31
2024,SFN,slateau01,2024-03-29,2024-07-07,43
2024,CIN,slateau01,2024-07-10,2024-07-28,8
2024,BAL,slateau01,2024-08-01,2024-09-29,33
2024,BOS,slateju01,2024-03-30,2024-09-29,44
2024,ATL,smithaj01,2024-05-23,2024-05-23,1
2024,MIA,smithbu03,2024-03-29,2024-06-12,25
2024,BAL,smithbu03,2024-07-12,2024-09-17,25
2024,CLE,smithca06,2024-03-30,2024-09-28,74
2024,BOS,smithdo02,2024-05-01,2024-08-15,84
2024,CIN,smithdo02,2024-08-22,2024-09-01,9
2024,NYN,smithdr01,2024-03-29,2024-06-23,19
2024,TEX,smithjo09,2024-03-30,2024-09-29,149
2024,NYA,smithke05,2024-04-14,2024-05-26,2
2024,ARI,smithpa04,2024-04-19,2024-09-27,60
2024,KCA,smithwi04,2024-03-30,2024-08-25,45
2024,LAN,smithwi05,2024-03-20,2024-09-28,128
2024,CHN,smylydr01,2024-03-28,2024-09-29,50
2024,SEA,sneadki01,2024-05-08,2024-06-10,11
2024,SFN,snellbl01,2024-04-08,2024-09-22,20
2024,SEA,snideco01,2024-03-31,2024-09-28,42
2024,OAK,soderty01,2024-05-08,2024-09-29,61
2024,BOS,sogarni01,2024-08-02,2024-09-29,31
2024,SDN,solando01,2024-05-06,2024-09-29,96
2024,SFN,solerjo01,2024-03-28,2024-07-28,93
2024,ATL,solerjo01,2024-07-31,2024-09-30,49
2024,MIA,soriage01,2024-03-28,2024-09-19,22
2024,ANA,soriajo02,2024-03-31,2024-08-16,22
2024,CHA,sorokmi01,2024-03-30,2024-09-28,25
2024,PHI,sosaed01,2024-03-30,2024-09-29,90
2024,CHA,sosale01,2024-04-06,2024-09-29,100
2024,PHI,sotogr01,2024-03-30,2024-07-29,43
2024,BAL,sotogr01,2024-08-02,2024-09-29,23
2024,NYA,sotoju01,2024-03-28,2024-09-28,157
2024,CIN,sotoli01,2024-06-26,2024-06-26,1
2024,BAL,sotoli01,2024-08-27,2024-09-21,12
2024,HOU,speasal01,2024-05-31,2024-05-31,1
2024,SEA,speiega01,2024-03-29,2024-09-29,29
2024,OAK,spencmi01,2024-03-29,2024-09-29,35
2024,CIN,spierca01,2024-04-09,2024-09-24,22
2024,TOR,springe01,2024-03-28,2024-09-28,145
2024,TBA,sprinje01,2024-07-30,2024-09-03,7
2024,COL,stallja01,2024-03-28,2024-09-27,82
2024,NYA,stantmi03,2024-03-28,2024-09-29,114
2024,SEA,stanery01,2024-03-29,2024-07-22,46
2024,NYN,stanery01,2024-07-28,2024-09-28,17
2024,MIN,staumjo01,2024-05-09,2024-07-29,25
2024,CHN,steelju01,2024-03-28,2024-09-24,24
2024,CIN,steersp01,2024-03-28,2024-09-29,158
2024,ANA,stefami01,2024-06-08,2024-09-29,40
2024,ATL,stephja01,2024-05-04,2024-05-15,3
2024,CIN,stephty01,2024-03-28,2024-09-29,138
2024,TBA,sternju01,2024-05-31,2024-06-04,2
2024,PHI,steveca01,2024-08-10,2024-09-21,18
2024,MIN,stewabr01,2024-03-28,2024-07-29,16
2024,NYN,stewadj01,2024-03-29,2024-09-10,74
2024,LAN,stonega01,2024-03-31,2024-08-31,25
2024,BOS,storytr01,2024-03-28,2024-09-28,26
2024,PHI,stottbr01,2024-03-29,2024-09-29,148
2024,BAL,stoweky01,2024-05-15,2024-07-19,19
2024,MIA,stoweky01,2024-07-31,2024-09-27,50
2024,KCA,stratch01,2024-03-28,2024-09-13,57
2024,PIT,strathu01,2024-03-28,2024-08-24,36
2024,PHI,strahma01,2024-03-29,2024-09-29,66
2024,CLE,strawmy01,2024-09-17,2024-09-24,7
2024,ANA,strichu01,2024-04-08,2024-09-28,72
2024,OAK,stripro01,2024-03-29,2024-09-28,22
2024,ATL,stridsp01,2024-03-29,2024-04-05,2
2024,NYA,stromma01,2024-03-30,2024-09-25,30
2024,CLE,strzepe01,2024-04-09,2024-08-12,10
2024,PHI,stubbga01,2024-04-02,2024-09-29,56
2024,BAL,suareal01,2024-04-17,2024-09-29,32
2024,ARI,suareeu01,2024-03-28,2024-09-29,158
2024,ANA,suarejo01,2024-03-28,2024-09-25,22
2024,PHI,suarera01,2024-03-31,2024-09-27,27
2024,SDN,suarero01,2024-03-21,2024-09-27,65
2024,HOU,suerowa01,2024-04-09,2024-04-09,1
2024,SDN,sullibr01,2024-04-10,2024-07-10,7
2024,NYN,sulseco01,2024-04-08,2024-05-07,4
2024,TBA,sulseco01,2024-08-12,2024-09-15,6
2024,CIN,suterbr01,2024-03-28,2024-09-29,47
2024,PIT,suwinja01,2024-03-28,2024-07-28,88
2024,CHN,suzukse01,2024-03-28,2024-09-29,132
2024,CHN,swansda01,2024-03-28,2024-09-28,149
2024,TOR,swanser01,2024-04-17,2024-09-28,45
2024,DET,sweentr01,2024-08-16,2024-09-29,36
2024,CHN,taillja01,2024-04-19,2024-09-27,28
2024,BAL,tatedi01,2024-03-28,2024-07-10,29
2024,TOR,tatedi01,2024-09-19,2024-09-29,4
2024,SDN,tatisfe02,2024-03-20,2024-09-29,102
2024,CHN,tauchmi01,2024-03-31,2024-09-29,109
2024,TEX,taverle01,2024-03-28,2024-09-29,151
2024,LAN,tayloch03,2024-03-28,2024-09-29,87
2024,PIT,taylomi02,2024-03-28,2024-09-19,113
2024,SEA,taylosa04,2024-04-05,2024-04-07,3
2024,NYN,tayloty01,2024-03-30,2024-09-30,130
2024,SEA,taylotr01,2024-08-11,2024-09-29,21
2024,NYN,teherju01,2024-04-08,2024-04-08,1
2024,PIT,tellero01,2024-03-28,2024-09-22,132
2024,CLE,tenajo01,2024-06-28,2024-07-03,3
2024,WAS,tenajo01,2024-08-10,2024-09-29,41
2024,SFN,tengka01,2024-03-31,2024-04-19,4
2024,ANA,teodobr01,2024-09-07,2024-09-14,5
2024,ANA,thaisma01,2024-04-01,2024-09-29,57
2024,MIN,thielca01,2024-04-14,2024-09-27,59
2024,ARI,thomaal01,2024-03-28,2024-09-29,39
2024,CIN,thompbu01,2024-03-30,2024-05-04,17
2024,CHN,thompke02,2024-04-12,2024-09-29,24
2024,WAS,thomala02,2024-03-28,2024-07-28,77
2024,CLE,thomala02,2024-07-30,2024-09-28,53
2024,ARI,thompry02,2024-03-29,2024-09-28,67
2024,SLN,thompza02,2024-03-29,2024-04-23,5
2024,CHA,thorpdr01,2024-06-11,2024-07-31,9
2024,SEA,thorntr01,2024-03-30,2024-09-28,71
2024,TEX,tinocje01,2024-05-23,2024-06-15,9
2024,CHN,tinocje01,2024-07-19,2024-07-26,2
2024,MIA,tinocje01,2024-07-31,2024-09-26,21
2024,COL,toglimi01,2024-03-28,2024-09-29,116
2024,NYN,tonkimi01,2024-03-29,2024-04-21,5
2024,MIN,tonkimi01,2024-04-12,2024-09-27,13
2024,NYA,tonkimi01,2024-04-26,2024-08-24,39
2024,MIN,topaju01,2024-09-25,2024-09-28,3
2024,DET,torkesp01,2024-03-28,2024-09-29,92
2024,OAK,toroab01,2024-03-29,2024-08-24,94
2024,NYA,torregl01,2024-03-28,2024-09-29,154
2024,NYN,torrelu01,2024-06-02,2024-09-30,48
2024,CHA,toussto01,2024-07-31,2024-09-02,11
2024,COL,tovarez01,2024-03-28,2024-09-29,157
2024,LAN,trammta01,2024-04-05,2024-04-15,5
2024,NYA,trammta01,2024-04-20,2024-05-03,5
2024,LAN,treinbl01,2024-05-05,2024-09-26,50
2024,COL,trejoal01,2024-04-02,2024-06-23,28
2024,NYA,trevijo01,2024-03-28,2024-09-29,74
2024,PIT,triolja01,2024-03-28,2024-09-29,125
2024,ATL,trompch01,2024-03-31,2024-05-25,19
2024,ANA,troutmi01,2024-03-28,2024-04-29,29
2024,ANA,tuckeco01,2024-04-29,2024-06-16,25
2024,HOU,tuckeky01,2024-03-28,2024-09-28,78
2024,MIL,turanbr02,2024-03-29,2024-09-29,155
2024,TOR,turneju01,2024-03-28,2024-07-29,91
2024,SEA,turneju01,2024-07-30,2024-09-29,48
2024,PHI,turnbsp01,2024-04-02,2024-06-26,17
2024,PHI,turnetr01,2024-03-29,2024-09-29,121
2024,MIA,tylerky01,2024-04-26,2024-08-08,8
2024,TBA,ucetaed01,2024-05-06,2024-09-27,30
2024,TEX,urenajo01,2024-03-31,2024-09-13,33
2024,SEA,uriaslu01,2024-03-28,2024-09-29,41
2024,BAL,uriasra01,2024-03-28,2024-09-29,100
2024,MIL,uribeab01,2024-03-29,2024-05-01,14
2024,DET,urshegi01,2024-03-28,2024-08-15,92
2024,ATL,urshegi01,2024-08-20,2024-09-30,36
2024,BOS,uwasana01,2024-05-02,2024-05-03,2
2024,BOS,valdeen01,2024-03-28,2024-09-29,76
2024,HOU,valdefr01,2024-03-28,2024-09-24,28
2024,LAN,vanasri01,2024-04-15,2024-07-13,2
2024,DET,vanasri01,2024-09-05,2024-09-07,2
2024,WAS,vargail01,2024-03-28,2024-09-27,97
2024,LAN,vargami01,2024-05-18,2024-07-27,30
2024,CHA,vargami01,2024-07-30,2024-09-29,42
2024,LAN,varlagu01,2024-03-21,2024-05-14,7
2024,CHA,varlagu01,2024-08-17,2024-09-29,19
2024,MIN,varlalo01,2024-04-02,2024-09-28,16
2024,TOR,varshda01,2024-03-28,2024-09-11,136
2024,SDN,vasqura02,2024-04-20,2024-09-28,20
2024,CHA,vaughan01,2024-03-28,2024-09-29,149
2024,MIN,vazquch01,2024-03-30,2024-09-29,93
2024,CHN,vazqulu01,2024-05-22,2024-09-29,11
2024,KCA,velazne01,2024-03-28,2024-06-23,64
2024,KCA,venezan01,2024-04-20,2024-04-21,2
2024,MIA,venezan01,2024-09-05,2024-09-27,10
2024,NYA,verdual01,2024-03-28,2024-09-29,149
2024,HOU,verlaju01,2024-04-19,2024-09-28,17
2024,LAN,vesiaal01,2024-03-21,2024-09-29,67
2024,BAL,vespini01,2024-05-22,2024-08-22,11
2024,DET,vestwi01,2024-03-30,2024-09-27,69
2024,MIL,vieirth01,2024-04-03,2024-05-19,16
2024,BAL,vieirth01,2024-05-27,2024-05-27,1
2024,ARI,vieirth01,2024-06-07,2024-07-13,11
2024,NYN,vientma01,2024-04-27,2024-09-30,111
2024,DET,vierlma01,2024-03-28,2024-09-29,144
2024,DET,viladry01,2024-05-07,2024-08-10,17
2024,SFN,villada01,2024-06-22,2024-07-30,11
2024,MIA,villael02,2024-05-05,2024-05-10,3
2024,ATL,vinesda01,2024-04-15,2024-07-29,4
2024,COL,vodnivi01,2024-03-28,2024-09-29,64
2024,TOR,vogelda01,2024-03-29,2024-06-12,31
2024,NYA,volpean01,2024-03-28,2024-09-29,160
2024,SEA,vosleja01,2024-07-23,2024-08-04,10
2024,SEA,vothau01,2024-03-28,2024-09-28,68
2024,KCA,wachami01,2024-04-01,2024-09-26,29
2024,SFN,wadela01,2024-03-28,2024-09-29,117
2024,SDN,wadety01,2024-03-20,2024-09-29,90
2024,ANA,wagamer01,2024-09-10,2024-09-29,18
2024,TOR,wagnewi01,2024-06-26,2024-09-13,24
2024,TBA,wagueja01,2024-03-31,2024-04-12,4
2024,ATL,waldrhu01,2024-06-09,2024-06-16,2
2024,SDN,waldrma01,2024-04-01,2024-09-29,27
2024,ARI,walkech02,2024-03-28,2024-09-29,130
2024,SLN,walkejo02,2024-03-28,2024-09-29,51
2024,NYN,walkejo03,2024-04-22,2024-06-01,10
2024,SFN,walkery01,2024-03-28,2024-09-28,76
2024,PHI,walketa01,2024-04-28,2024-09-24,19
2024,ATL,wallfo01,2024-04-05,2024-07-04,13
2024,MIA,wallfo01,2024-07-28,2024-08-02,3
2024,MIN,wallnma01,2024-03-28,2024-09-24,75
2024,TBA,wallsta01,2024-06-07,2024-09-28,84
2024,ARI,walstbl01,2024-05-01,2024-09-24,7
2024,TEX,walshja01,2024-03-28,2024-04-16,17
2024,CLE,waltean01,2024-09-12,2024-09-28,9
2024,SFN,waltodo01,2024-09-13,2024-09-29,9
2024,ANA,wantzan01,2024-06-30,2024-06-30,1
2024,ANA,wardta01,2024-03-28,2024-09-29,156
2024,SFN,warreau01,2024-08-28,2024-09-27,6
2024,NYA,warrewi01,2024-07-30,2024-09-28,6
2024,KCA,waterdr01,2024-06-11,2024-07-24,7
2024,MIA,weathry01,2024-03-30,2024-09-29,16
2024,NYA,weavelu01,2024-03-29,2024-09-29,62
2024,BAL,webbja01,2024-03-30,2024-09-29,60
2024,SFN,webblo01,2024-03-28,2024-09-24,33
2024,WAS,weemsjo01,2024-03-30,2024-08-11,41
2024,BOS,weissgr01,2024-03-30,2024-09-28,62
2024,NYA,wellsau01,2024-03-29,2024-09-29,115
2024,BAL,wellsty01,2024-03-31,2024-04-12,3
2024,TEX,wendzda01,2024-04-09,2024-06-30,27
2024,NYN,wendljo01,2024-04-01,2024-05-14,18
2024,DET,wentzjo01,2024-04-04,2024-08-29,38
2024,PIT,wentzjo01,2024-09-05,2024-09-29,8
2024,CHN,wesneha01,2024-04-17,2024-09-29,28
2024,BAL,westbjo01,2024-03-28,2024-09-29,107
2024,BOS,westbja02,2024-06-02,2024-07-29,21
2024,PHI,wheelza01,2024-03-29,2024-09-28,32
2024,ATL,whiteel04,2024-07-05,2024-09-30,35
2024,HOU,whitlfo01,2024-04-16,2024-09-04,3
2024,BOS,whitlga01,2024-03-31,2024-04-16,4
2024,TOR,whitemi03,2024-03-31,2024-04-12,4
2024,SFN,whitemi03,2024-04-24,2024-05-04,3
2024,MIL,whitemi03,2024-05-13,2024-05-29,6
2024,TEX,whiteow01,2024-05-08,2024-09-11,3
2024,HOU,whitcsh01,2024-08-17,2024-09-25,20
2024,CHN,wicksjo01,2024-03-31,2024-09-17,11
2024,MIL,wiemejo01,2024-04-14,2024-05-22,19
2024,CIN,wiemejo01,2024-08-04,2024-08-05,2
2024,WAS,william01,2024-07-14,2024-07-14,1
2024,PIT,willial04,2024-03-31,2024-09-09,37
2024,CIN,willibr02,2024-09-01,2024-09-17,4
2024,MIL,willide03,2024-07-28,2024-09-28,22
2024,CLE,williga01,2024-07-03,2024-09-22,16
2024,ATL,willilu01,2024-04-24,2024-09-10,37
2024,WAS,willitr01,2024-04-03,2024-09-27,13
2024,MIL,wilsobr02,2024-03-30,2024-09-01,34
2024,CIN,wilsoju10,2024-03-30,2024-09-28,60
2024,OAK,wilsoja05,2024-07-19,2024-09-28,28
2024,CHA,wilsost02,2024-03-30,2024-08-14,40
2024,PHI,wilsowe01,2024-06-09,2024-09-29,41
2024,ATL,winanal01,2024-04-11,2024-07-24,2
2024,BOS,winckjo01,2024-03-29,2024-09-29,40
2024,MIN,windejo01,2024-07-05,2024-08-13,4
2024,BOS,wingetr01,2024-07-09,2024-07-29,2
2024,CHN,wingetr01,2024-09-06,2024-09-22,5
2024,WAS,winkeje01,2024-03-28,2024-07-27,101
2024,NYN,winkeje01,2024-07-28,2024-09-27,44
2024,TEX,winnco01,2024-04-14,2024-06-17,13
2024,SFN,winnke01,2024-04-01,2024-06-20,12
2024,SLN,winnma01,2024-03-28,2024-09-28,150
2024,CHN,wisdopa01,2024-04-19,2024-09-28,75
2024,SFN,wiselbr01,2024-05-12,2024-09-29,91
2024,KCA,wittbo02,2024-03-28,2024-09-29,161
2024,BOS,wongco01,2024-03-28,2024-09-29,126
2024,SEA,woobr01,2024-05-10,2024-09-27,22
2024,OAK,woodal02,2024-03-28,2024-05-12,9
2024,CHA,woodfja01,2024-05-28,2024-06-06,2
2024,PIT,woodfja01,2024-07-31,2024-09-18,7
2024,WAS,woodja03,2024-07-01,2024-09-29,79
2024,MIN,woodssi01,2024-04-13,2024-09-25,28
2024,LAN,wroblju01,2024-07-07,2024-09-28,8
2024,CIN,wynnsau01,2024-06-29,2024-07-28,7
2024,LAN,yamamyo01,2024-03-21,2024-09-28,18
2024,CIN,yanger01,2024-07-31,2024-07-31,1
2024,LAN,yarbrry01,2024-03-21,2024-07-26,32
2024,TOR,yarbrry01,2024-06-26,2024-09-29,12
2024,SFN,yastrmi01,2024-03-28,2024-09-29,140
2024,TEX,yateski01,2024-03-28,2024-09-28,61
2024,MIL,yelicch01,2024-03-29,2024-07-23,73
2024,WAS,yepezju01,2024-07-05,2024-09-29,62
2024,PIT,yorkeni01,2024-09-16,2024-09-29,11
2024,BOS,yoshima02,2024-03-28,2024-09-27,108
2024,CIN,youngal01,2024-05-28,2024-06-01,3
2024,NYN,youngal01,2024-07-23,2024-09-27,14
2024,NYN,youngda02,2024-05-02,2024-09-28,42
2024,WAS,youngja03,2024-04-04,2024-09-29,150
2024,MIL,zastrro01,2024-07-01,2024-07-24,9
2024,SEA,zavalse01,2024-03-31,2024-06-13,18
2024,ANA,zeferry01,2024-08-25,2024-09-28,12
2024,KCA,zerpaan01,2024-03-28,2024-09-29,60
2024,TBA,zuberty01,2024-07-22,2024-07-28,2
2024,CIN,zulueyo01,2024-06-25,2024-09-24,12
2024,ANA,zuniggu01,2024-03-28,2024-09-29,15
2025,CIN,abbotan01,2025-04-12,2025-09-27,29
2025,PHI,abelmi01,2025-05-18,2025-07-02,7
2025,MIN,abelmi01,2025-08-23,2025-09-27,4
2025,ARI,abnerph01,2025-09-19,2025-09-28,5
2025,WAS,abramcj01,2025-03-27,2025-09-28,144
2025,HOU,abreubr01,2025-03-27,2025-09-26,70
2025,BOS,abreuwi02,2025-03-27,2025-09-28,115
2025,MIA,acostma02,2025-08-18,2025-09-14,19
2025,TBA,actonga01,2025-09-14,2025-09-14,1
2025,NYN,acunajo01,2025-03-27,2025-09-27,95
2025,ATL,acunaro01,2025-05-23,2025-09-28,95
2025,SDN,adamja01,2025-03-27,2025-09-01,65
2025,BAL,adamsjo03,2025-05-31,2025-08-10,10
2025,WAS,adamsri03,2025-03-29,2025-09-28,83
2025,MIN,adamstr01,2025-07-05,2025-09-28,18
2025,SFN,adamewi01,2025-03-27,2025-09-28,160
2025,NYN,adcocty01,2025-05-01,2025-06-18,3
2025,ANA,adelljo01,2025-03-27,2025-09-28,152
2025,COL,agnosza01,2025-04-20,2025-09-28,30
2025,TEX,ahmedni01,2025-04-23,2025-05-01,5
2025,BAL,akinke01,2025-03-27,2025-09-28,64
2025,ATL,albieoz01,2025-03-27,2025-09-22,157
2025,MIN,alcaljo01,2025-03-29,2025-06-10,22
2025,BOS,alcaljo01,2025-06-17,2025-08-04,19
2025,SLN,alcaljo01,2025-08-12,2025-09-27,15
2025,CHN,alcanke01,2025-09-02,2025-09-28,10
2025,MIA,alcansa01,2025-03-27,2025-09-26,31
2025,SFN,alcanse01,2025-07-04,2025-07-04,1
2025,ANA,aldegsa01,2025-06-04,2025-09-28,4
2025,ARI,alexabl01,2025-06-27,2025-09-27,74
2025,OAK,alexacj01,2025-05-23,2025-06-02,6
2025,OAK,alexaja01,2025-04-11,2025-05-15,4
2025,HOU,alexaja01,2025-06-17,2025-09-26,14
2025,COL,alexasc01,2025-03-29,2025-05-21,19
2025,SFN,alexasc01,2025-07-08,2025-07-09,2
2025,MIL,alexaty01,2025-03-27,2025-05-31,21
2025,CHA,alexaty01,2025-06-08,2025-09-28,31
2025,WAS,alfarjo01,2025-09-03,2025-09-27,14
2025,CLE,allarko01,2025-04-26,2025-09-28,33
2025,BAL,allengr01,2025-08-08,2025-08-15,7
2025,CLE,allenlo02,2025-04-01,2025-09-28,30
2025,ATL,allenni02,2025-03-28,2025-09-28,135
2025,NYN,alonspe01,2025-03-27,2025-09-28,162
2025,CHA,altavda01,2025-05-30,2025-09-09,28
2025,HOU,altuvjo01,2025-03-27,2025-09-27,155
2025,WAS,alvaran01,2025-09-01,2025-09-24,5
2025,OAK,alvarel01,2025-05-09,2025-09-28,37
2025,NYN,alvarfr01,2025-04-25,2025-09-28,76
2025,PHI,alvarjo03,2025-03-27,2025-09-10,28
2025,ATL,alvarna01,2025-07-12,2025-09-28,58
2025,HOU,alvaryo01,2025-03-27,2025-09-15,48
2025,COL,amadoad01,2025-04-13,2025-08-13,41
2025,CHA,amayaja01,2025-03-27,2025-08-09,37
2025,CHN,amayami01,2025-03-18,2025-08-13,28
2025,MIL,andergr01,2025-03-31,2025-09-27,66
2025,ANA,anderia01,2025-04-01,2025-04-22,7
2025,COL,anderni01,2025-07-26,2025-08-27,12
2025,ANA,andersh01,2025-05-09,2025-08-11,7
2025,ANA,anderti01,2025-03-27,2025-05-25,31
2025,ANA,anderty01,2025-03-31,2025-08-29,26
2025,OAK,andujmi01,2025-03-27,2025-07-30,60
2025,CIN,andujmi01,2025-08-02,2025-09-28,34
2025,BOS,anthoro01,2025-06-09,2025-09-02,71
2025,TBA,arandjo01,2025-03-28,2025-09-28,106
2025,ATL,arciaor01,2025-03-27,2025-05-22,14
2025,COL,arciaor01,2025-05-28,2025-09-24,62
2025,SLN,arenano01,2025-03-27,2025-09-27,107
2025,CLE,ariasga01,2025-03-27,2025-09-28,129
2025,MIA,ariaslu01,2025-03-31,2025-09-03,7
2025,TEX,armstsh01,2025-03-27,2025-09-27,71
2025,SEA,arozara01,2025-03-27,2025-09-28,160
2025,SDN,arraelu01,2025-03-27,2025-09-27,154
2025,HOU,arrigsp01,2025-03-29,2025-08-30,7
2025,MIL,ashbyaa01,2025-05-24,2025-09-28,43
2025,PIT,ashcrbr01,2025-05-26,2025-09-25,26
2025,CIN,ashcrgr01,2025-03-29,2025-09-27,62
2025,CHN,assadja01,2025-08-12,2025-09-28,8
2025,OAK,avansdr01,2025-05-27,2025-06-05,7
2025,MIL,avansdr01,2025-06-15,2025-06-15,1
2025,KCA,avilalu02,2025-08-13,2025-09-28,13
2025,NYN,azocajo01,2025-04-19,2025-05-23,12
2025,ATL,azocajo01,2025-06-06,2025-06-15,2
2025,MIA,bachala01,2025-03-27,2025-09-27,53
2025,ANA,bachmsa01,2025-06-14,2025-09-28,23
2025,ARI,backhky01,2025-06-08,2025-09-14,32
2025,DET,baddoak01,2025-05-14,2025-05-23,7
2025,MIN,baderha01,2025-03-27,2025-07-30,96
2025,PHI,baderha01,2025-08-01,2025-09-28,50
2025,PIT,baeji01,2025-03-29,2025-09-14,13
2025,DET,baezja01,2025-03-27,2025-09-28,126
2025,SFN,bailepa01,2025-03-27,2025-09-28,135
2025,BAL,bakerbr01,2025-03-27,2025-07-08,42
2025,TBA,bakerbr01,2025-07-10,2025-09-28,31
2025,SLN,bakerlu01,2025-03-31,2025-05-07,19
2025,CHA,baldwbr01,2025-03-29,2025-09-28,103
2025,ATL,baldwdr01,2025-03-27,2025-09-28,124
2025,CHN,ballemo01,2025-05-13,2025-09-28,20
2025,LAN,bandaan01,2025-03-18,2025-09-26,71
2025,CIN,banfiwi01,2025-08-23,2025-09-03,7
2025,PHI,banksta01,2025-03-29,2025-09-28,69
2025,BAL,banueda01,2025-07-13,2025-07-13,1
2025,PIT,barcohu01,2025-09-23,2025-09-28,2
2025,TOR,bargead01,2025-04-15,2025-09-28,135
2025,CIN,barlosc01,2025-03-27,2025-09-28,75
2025,LAN,barneau01,2025-03-28,2025-05-10,13
2025,TOR,barneja01,2025-03-27,2025-04-19,6
2025,OAK,barnema02,2025-08-30,2025-09-26,5
2025,TEX,barnhtu01,2025-05-01,2025-05-30,8
2025,ARI,barrojo01,2025-04-23,2025-09-28,33
2025,PIT,bartjo01,2025-03-27,2025-09-28,93
2025,BAL,basalsa01,2025-08-17,2025-09-27,31
2025,OAK,bassobr01,2025-08-27,2025-09-28,11
2025,TOR,bassich01,2025-03-30,2025-09-18,32
2025,NYN,batybr01,2025-03-28,2025-09-26,130
2025,MIL,bauerja01,2025-03-27,2025-09-28,86
2025,BAL,bautife01,2025-03-29,2025-07-20,35
2025,TBA,bazsh01,2025-04-01,2025-09-24,31
2025,SEA,bazared01,2025-03-28,2025-09-28,73
2025,BAL,beavedy01,2025-08-16,2025-09-28,35
2025,COL,beckjo01,2025-03-28,2025-09-28,148
2025,SFN,becktr01,2025-05-24,2025-09-28,31
2025,PIT,bednada01,2025-03-27,2025-07-28,42
2025,NYA,bednada01,2025-08-01,2025-09-28,22
2025,ARI,beeksja01,2025-03-27,2025-09-25,61
2025,NYA,beetecl01,2025-07-03,2025-07-10,2
2025,WAS,beetecl01,2025-08-05,2025-09-27,24
2025,BOS,bellobr01,2025-04-22,2025-09-25,29
2025,NYA,bellico01,2025-03-27,2025-09-28,152
2025,WAS,belljo02,2025-03-27,2025-09-28,140
2025,MIA,bellova01,2025-03-29,2025-09-24,32
2025,MIA,bendean01,2025-03-29,2025-08-17,51
2025,CHA,beninan01,2025-03-27,2025-09-21,116
2025,CIN,bensowi01,2025-04-09,2025-09-27,90
2025,SDN,bergery01,2025-04-26,2025-07-29,11
2025,KCA,bergery01,2025-08-05,2025-09-13,8
2025,BOS,bernabr01,2025-03-28,2025-09-06,55
2025,COL,bernawa01,2025-07-26,2025-09-28,40
2025,TOR,berrijo01,2025-03-27,2025-09-24,31
2025,MIL,berrost01,2025-08-15,2025-08-16,2
2025,CHN,bertijo01,2025-03-18,2025-08-10,53
2025,LAN,bettsmo01,2025-03-27,2025-09-28,150
2025,CLE,bibeeta01,2025-03-30,2025-09-24,31
2025,TOR,bichebo01,2025-03-27,2025-09-06,139
2025,OAK,bidoos01,2025-03-29,2025-09-28,26
2025,TOR,biebesh01,2025-08-22,2025-09-26,7
2025,KCA,biggica01,2025-03-27,2025-05-25,37
2025,TBA,biggehu01,2025-03-28,2025-05-01,13
2025,SFN,birdsha01,2025-04-02,2025-07-21,21
2025,COL,birdja01,2025-03-30,2025-07-28,45
2025,NYA,birdja01,2025-08-01,2025-08-04,3
2025,SFN,bivensp01,2025-03-29,2025-09-28,54
2025,SFN,blackma01,2025-07-04,2025-07-04,1
2025,NYN,blackpa01,2025-06-02,2025-08-13,7
2025,NYA,blackpa01,2025-08-23,2025-09-27,8
2025,MIL,blackty01,2025-07-22,2025-08-17,5
2025,COL,blalobr01,2025-03-31,2025-09-25,14
2025,KCA,blancda02,2025-03-27,2025-06-01,9
2025,HOU,blancro01,2025-03-31,2025-05-17,9
2025,OAK,bledajj01,2025-03-27,2025-09-28,98
2025,MIN,blewesc01,2025-04-07,2025-04-11,2
2025,BAL,blewesc01,2025-04-15,2025-07-12,13
2025,ATL,blewesc01,2025-04-22,2025-06-05,11
2025,SEA,blissry01,2025-03-27,2025-04-08,11
2025,HOU,blubaaj01,2025-04-30,2025-09-27,11
2025,SDN,bogaexa01,2025-03-27,2025-09-28,136
2025,PHI,bohmal01,2025-03-27,2025-09-28,120
2025,CLE,boltoco01,2025-04-28,2025-04-28,1
2025,CHA,booseca01,2025-03-27,2025-09-27,39
2025,PIT,borucry01,2025-03-27,2025-08-12,35
2025,TOR,borucry01,2025-09-03,2025-09-14,4
2025,COL,bouchse01,2025-03-29,2025-06-07,32
2025,TEX,boushca01,2025-04-12,2025-09-06,25
2025,OAK,bowdebe01,2025-07-25,2025-08-21,11
2025,KCA,bowlajo01,2025-04-27,2025-09-27,34
2025,BAL,bowmama01,2025-03-30,2025-08-22,20
2025,CHN,boydma01,2025-03-30,2025-09-24,31
2025,TBA,boylejo01,2025-04-13,2025-09-27,13
2025,BAL,bradiky01,2025-08-26,2025-09-28,6
2025,TBA,bradlta01,2025-03-30,2025-07-23,21
2025,MIN,bradlta01,2025-08-24,2025-09-24,6
2025,MIA,brantro01,2025-04-13,2025-04-20,3
2025,SEA,brashma01,2025-05-03,2025-09-25,53
2025,CHN,brasiry01,2025-03-18,2025-08-21,28
2025,NYN,brazohu01,2025-03-27,2025-09-28,52
2025,DET,brebbjo01,2025-03-27,2025-06-14,19
2025,ATL,brebbjo01,2025-08-31,2025-09-06,3
2025,BOS,bregmal01,2025-03-27,2025-09-26,114
2025,CLE,brennwi02,2025-05-12,2025-05-19,6
2025,MIA,bridejo01,2025-03-27,2025-04-13,12
2025,MIN,bridejo01,2025-04-19,2025-06-29,33
2025,DET,briesbe01,2025-03-27,2025-06-11,22
2025,ARI,brighje01,2025-05-30,2025-06-09,4
2025,ANA,brogdco01,2025-05-07,2025-09-28,43
2025,SDN,brooktr01,2025-06-16,2025-07-25,25
2025,CHN,brownbe02,2025-03-18,2025-09-09,25
2025,HOU,brownhu01,2025-03-28,2025-09-24,31
2025,COL,brownmc01,2025-08-24,2025-09-28,7
2025,OAK,brownse01,2025-03-28,2025-06-11,38
2025,NYA,brubajt01,2025-06-21,2025-08-03,12
2025,SFN,brubajt01,2025-09-03,2025-09-24,5
2025,TOR,bruihju01,2025-06-18,2025-09-27,15
2025,CHN,brujavi01,2025-03-19,2025-07-29,36
2025,BAL,brujavi01,2025-08-06,2025-08-06,1
2025,ATL,brujavi01,2025-08-09,2025-09-21,24
2025,COL,bryankr01,2025-03-28,2025-04-12,11
2025,WAS,brzykza01,2025-05-06,2025-08-03,26
2025,KCA,bubickr01,2025-03-31,2025-07-26,20
2025,BOS,buehlwa01,2025-03-29,2025-08-24,23
2025,PHI,buehlwa01,2025-09-12,2025-09-25,3
2025,ATL,bummeaa01,2025-03-27,2025-08-23,42
2025,BOS,burdini01,2025-05-16,2025-06-02,4
2025,TEX,burgeja01,2025-03-27,2025-09-28,103
2025,SEA,burgoju01,2025-07-01,2025-07-20,4
2025,ARI,burgoju01,2025-08-09,2025-09-01,9
2025,ANA,burkebr01,2025-03-30,2025-09-26,69
2025,CHA,burkese01,2025-03-27,2025-09-27,28
2025,SLN,burleal01,2025-03-27,2025-09-27,139
2025,ARI,burneco01,2025-04-01,2025-06-01,11
2025,CIN,burnsch01,2025-06-24,2025-09-28,13
2025,PIT,burromi01,2025-05-22,2025-09-26,23
2025,TOR,burrry01,2025-07-06,2025-07-09,2
2025,CHN,buschmi02,2025-03-18,2025-09-28,155
2025,OAK,butlela01,2025-03-27,2025-09-27,152
2025,NYN,buttojo01,2025-03-29,2025-07-29,34
2025,SFN,buttojo01,2025-08-01,2025-09-28,21
2025,MIN,buxtoby01,2025-03-27,2025-09-27,126
2025,TBA,cabaljo01,2025-03-28,2025-07-31,86
2025,NYA,cabaljo01,2025-08-01,2025-09-28,40
2025,MIA,cabreed02,2025-04-11,2025-09-28,26
2025,NYN,cabrege01,2025-05-01,2025-05-23,6
2025,CHN,cabrege01,2025-05-30,2025-06-20,9
2025,PIT,cabrege01,2025-06-27,2025-08-02,9
2025,MIN,cabrege01,2025-08-17,2025-09-28,16
2025,NYA,cabreos01,2025-03-27,2025-05-12,34
2025,KCA,caglija01,2025-06-03,2025-09-28,62
2025,CHN,caissow01,2025-08-14,2025-09-13,12
2025,WAS,callal01,2025-04-01,2025-07-28,72
2025,LAN,callal01,2025-08-01,2025-09-27,38
2025,CIN,callity01,2025-04-30,2025-05-05,4
2025,MIL,camerda01,2025-04-26,2025-06-23,21
2025,KCA,camerno01,2025-04-30,2025-09-26,24
2025,TBA,caminju01,2025-03-28,2025-09-28,154
2025,ANA,campegu01,2025-04-30,2025-08-11,28
2025,BOS,campbis01,2025-07-09,2025-08-16,6
2025,BOS,campbkr01,2025-03-27,2025-06-18,67
2025,SDN,campulu01,2025-05-03,2025-07-13,10
2025,PIT,canaral01,2025-04-04,2025-09-28,87
2025,CIN,candeje01,2025-03-27,2025-04-27,22
2025,KCA,canhama01,2025-03-27,2025-07-07,46
2025,NYN,cannigr01,2025-03-29,2025-06-26,16
2025,CHA,cannojo02,2025-03-29,2025-09-28,22
2025,BAL,canoye01,2025-03-29,2025-09-26,65
2025,CLE,cantijo01,2025-03-30,2025-09-27,34
2025,SEA,canzodo01,2025-04-08,2025-09-27,82
2025,MIL,capravi01,2025-03-27,2025-05-07,24
2025,CHA,capravi01,2025-05-21,2025-07-02,23
2025,HOU,caratvi01,2025-03-29,2025-09-28,114
2025,BAL,carlsdy01,2025-03-31,2025-09-26,83
2025,DET,carpeke01,2025-03-27,2025-09-28,130
2025,NYN,carrial01,2025-07-08,2025-07-18,3
2025,NYA,carraca01,2025-03-29,2025-05-04,8
2025,ATL,carraca01,2025-07-31,2025-08-13,3
2025,ARI,carroco02,2025-03-27,2025-09-26,143
2025,TEX,carteev01,2025-05-06,2025-08-21,63
2025,BOS,casastr01,2025-03-27,2025-05-02,29
2025,LAN,caspabe01,2025-03-18,2025-09-05,46
2025,SEA,castabl01,2025-05-28,2025-05-28,1
2025,ARI,castijo03,2025-05-02,2025-05-11,5
2025,NYN,castijo03,2025-05-19,2025-08-29,16
2025,SEA,castijo03,2025-09-07,2025-09-11,3
2025,BAL,castijo03,2025-09-18,2025-09-26,5
2025,SEA,castilu02,2025-03-28,2025-09-24,32
2025,SEA,castilu03,2025-04-04,2025-04-09,2
2025,CHA,castrmi01,2025-05-16,2025-05-28,6
2025,PHI,casteni01,2025-03-27,2025-09-28,147
2025,MIN,castrwi01,2025-03-27,2025-07-30,86
2025,CHN,castrwi01,2025-08-02,2025-09-28,34
2025,WAS,cavalca01,2025-08-06,2025-09-26,10
2025,SDN,ceasedy01,2025-03-28,2025-09-24,32
2025,CLE,ceccosl01,2025-05-17,2025-09-26,23
2025,WAS,chafian01,2025-05-03,2025-07-29,26
2025,ANA,chafian01,2025-08-01,2025-09-10,16
2025,PIT,chandbu01,2025-08-22,2025-09-27,7
2025,BOS,chapmar01,2025-03-27,2025-09-26,67
2025,WAS,chapaan01,2025-06-10,2025-09-28,34
2025,SFN,chapmma01,2025-03-27,2025-09-28,128
2025,ATL,chaveje01,2025-03-31,2025-07-13,4
2025,PIT,chengts01,2025-04-09,2025-04-13,3
2025,NYA,chishja01,2025-03-27,2025-09-28,130
2025,COL,chivian01,2025-03-28,2025-09-24,43
2025,MIL,chourja01,2025-03-27,2025-09-28,131
2025,TEX,churcma01,2025-03-28,2025-04-11,5
2025,SLN,churcna01,2025-08-17,2025-09-28,27
2025,MIL,civalaa01,2025-03-30,2025-06-09,5
2025,CHA,civalaa01,2025-06-15,2025-08-27,13
2025,CHN,civalaa01,2025-09-01,2025-09-24,5
2025,OAK,clarkde02,2025-05-23,2025-07-20,47
2025,KCA,clarkta01,2025-05-02,2025-09-26,51
2025,CLE,claseem01,2025-03-27,2025-07-26,48
2025,TOR,clasejo01,2025-04-27,2025-06-30,34
2025,TBA,cleavga01,2025-03-29,2025-09-27,67
2025,TOR,clemeer01,2025-03-27,2025-09-28,157
2025,PHI,clemeko01,2025-03-29,2025-04-21,7
2025,MIN,clemeko01,2025-04-28,2025-09-28,112
2025,CHA,clevimi01,2025-03-27,2025-04-15,8
2025,HOU,coleza01,2025-09-12,2025-09-28,15
2025,MIL,colliis01,2025-03-27,2025-09-28,130
2025,LAN,confomi01,2025-03-18,2025-09-28,138
2025,MIA,coningr01,2025-03-27,2025-09-27,24
2025,HOU,contrlu01,2025-03-28,2025-07-30,9
2025,BAL,contrro01,2025-08-27,2025-08-27,1
2025,COL,contrro01,2025-09-06,2025-09-17,4
2025,SLN,contrwi01,2025-03-27,2025-09-15,135
2025,MIL,contrwi02,2025-03-27,2025-09-26,150
2025,PIT,cookbi01,2025-06-19,2025-06-20,3
2025,TEX,corbipa01,2025-04-08,2025-09-28,31
2025,TEX,cornijo01,2025-09-28,2025-09-28,1
2025,HOU,coronke01,2025-07-07,2025-07-12,3
2025,MIN,correca01,2025-03-27,2025-07-29,93
2025,HOU,correca01,2025-08-01,2025-09-27,51
2025,OAK,corteca01,2025-07-23,2025-09-28,42
2025,MIL,cortene01,2025-03-29,2025-04-03,2
2025,SDN,cortene01,2025-08-06,2025-09-03,6
2025,CHN,cosgrto01,2025-04-29,2025-05-09,2
2025,MIN,couloda01,2025-03-29,2025-07-27,40
2025,TEX,couloda01,2025-08-01,2025-09-28,15
2025,BAL,cowseco01,2025-03-27,2025-09-28,92
2025,ATL,coxau01,2025-06-22,2025-08-28,13
2025,SEA,crawfjp01,2025-03-27,2025-09-28,157
2025,WAS,crewsdy01,2025-03-27,2025-09-28,85
2025,TEX,crimbl01,2025-05-02,2025-05-09,5
2025,COL,crimbl01,2025-09-12,2025-09-28,15
2025,BOS,criswco01,2025-03-31,2025-08-01,7
2025,ARI,crismna01,2025-08-17,2025-09-25,8
2025,BOS,crochga01,2025-03-27,2025-09-24,32
2025,SDN,croneja01,2025-03-27,2025-09-28,135
2025,SLN,crookji01,2025-08-29,2025-09-28,15
2025,CHN,crowape01,2025-03-18,2025-09-28,157
2025,NYA,cruzfe01,2025-03-30,2025-09-28,49
2025,PIT,cruzon01,2025-03-27,2025-09-28,135
2025,SDN,cruzom01,2025-04-01,2025-04-05,2
2025,KCA,cruzst01,2025-04-11,2025-09-28,47
2025,MIA,curryxz01,2025-03-30,2025-04-08,3
2025,ARI,curtijo02,2025-06-29,2025-09-28,30
2025,TEX,curvelu01,2025-07-31,2025-09-28,17
2025,CHA,dalbebo01,2025-04-21,2025-05-02,7
2025,ANA,danaca01,2025-04-04,2025-09-27,7
2025,ATL,danieda01,2025-04-27,2025-07-22,3
2025,COL,darnedu01,2025-08-01,2025-08-21,9
2025,ANA,darnatr01,2025-03-30,2025-09-11,69
2025,ANA,darremi01,2025-04-11,2025-05-04,6
2025,PIT,darremi01,2025-06-24,2025-06-24,1
2025,SDN,darviyu01,2025-07-07,2025-09-26,15
2025,PIT,davishe01,2025-04-12,2025-09-27,87
2025,ANA,davisjd01,2025-04-10,2025-04-27,5
2025,OAK,davidlo01,2025-05-24,2025-06-07,9
2025,ANA,davidlo01,2025-09-05,2025-09-18,10
2025,LAN,davisno01,2025-04-22,2025-07-04,5
2025,MIN,davisno01,2025-07-30,2025-09-04,4
2025,LAN,deanju01,2025-08-08,2025-09-08,18
2025,PHI,degeubr01,2025-05-29,2025-05-29,1
2025,TEX,degroja01,2025-03-30,2025-09-24,30
2025,WAS,dejonpa01,2025-03-27,2025-09-26,57
2025,ATL,delacbr01,2025-03-29,2025-04-16,16
2025,CIN,delacel01,2025-03-27,2025-09-28,162
2025,ARI,delcaad01,2025-07-18,2025-09-27,44
2025,BOS,deleojo03,2025-09-28,2025-09-28,1
2025,ATL,delosen01,2025-03-29,2025-07-29,43
2025,HOU,delosen01,2025-08-11,2025-09-27,22
2025,NYA,delosye01,2025-04-27,2025-08-25,25
2025,TBA,delucjo01,2025-03-28,2025-08-06,20
2025,ARI,desclan01,2025-06-15,2025-09-14,13
2025,ANA,detmere01,2025-03-31,2025-09-10,61
2025,PIT,devanca01,2025-08-31,2025-09-28,14
2025,NYN,devench02,2025-04-30,2025-09-19,13
2025,BOS,deverra01,2025-03-27,2025-06-15,73
2025,SFN,deverra01,2025-06-17,2025-09-28,90
2025,HOU,dezenza01,2025-03-29,2025-05-31,34
2025,CIN,diazal03,2025-04-15,2025-04-30,6
2025,LAN,diazal03,2025-07-22,2025-08-17,9
2025,ATL,diazal03,2025-09-09,2025-09-15,3
2025,SDN,diazel01,2025-03-27,2025-09-27,106
2025,NYN,diazed04,2025-03-28,2025-09-28,62
2025,SEA,diazjh01,2025-04-01,2025-04-01,1
2025,TBA,diazya01,2025-03-28,2025-09-27,150
2025,HOU,diazya02,2025-03-27,2025-09-28,143
2025,ARI,diazyi01,2025-04-25,2025-04-25,1
2025,DET,dingldi01,2025-03-28,2025-09-27,126
2025,BOS,dobbihu01,2025-04-06,2025-07-11,13
2025,MIN,dobnara01,2025-03-30,2025-03-30,1
2025,ATL,dodddy01,2025-05-29,2025-09-26,28
2025,COL,dollach01,2025-04-06,2025-09-08,21
2025,NYA,dominja01,2025-03-27,2025-09-27,123
2025,BAL,dominse01,2025-03-27,2025-07-27,43
2025,TOR,dominse01,2025-07-29,2025-09-27,24
2025,SLN,donovbr01,2025-03-27,2025-09-24,118
2025,SFN,dovalca01,2025-03-30,2025-07-30,47
2025,NYA,dovalca01,2025-08-01,2025-09-26,22
2025,COL,doylebr02,2025-03-28,2025-09-28,138
2025,LAN,dreyeja01,2025-03-19,2025-09-27,67
2025,HOU,dubinsh01,2025-05-11,2025-08-22,23
2025,BAL,dubinsh01,2025-08-28,2025-09-12,7
2025,HOU,dubonma01,2025-03-29,2025-09-28,133
2025,CIN,dunnbl01,2025-03-27,2025-05-08,30
2025,TEX,dunnida01,2025-04-29,2025-07-10,5
2025,ATL,dunnida01,2025-07-20,2025-09-17,7
2025,MIL,dunnol01,2025-03-29,2025-04-16,14
2025,OAK,duranca01,2025-05-22,2025-05-22,1
2025,TEX,duranez01,2025-03-29,2025-09-28,90
2025,BOS,duranja01,2025-03-27,2025-09-28,157
2025,MIN,duranjh01,2025-03-29,2025-07-28,49
2025,PHI,duranjh01,2025-08-01,2025-09-26,23
2025,MIL,durbica01,2025-04-18,2025-09-28,136
2025,BOS,earlyco01,2025-09-09,2025-09-27,4
2025,BOS,eatonna01,2025-06-17,2025-09-28,41
2025,ANA,ederja01,2025-04-27,2025-07-23,8
2025,LAN,edmanto01,2025-03-18,2025-09-27,97
2025,ANA,edwarca01,2025-04-23,2025-04-25,2
2025,TEX,edwarca01,2025-09-15,2025-09-16,2
2025,MIA,edwarxa01,2025-03-27,2025-09-28,139
2025,NYA,effrosc01,2025-06-17,2025-07-25,11
2025,BAL,eflinza01,2025-03-27,2025-07-28,14
2025,CHA,eiserbr01,2025-03-31,2025-09-27,72
2025,ATL,elderbr01,2025-04-02,2025-09-24,28
2025,SFN,eldribr01,2025-09-15,2025-09-28,10
2025,CHA,elkoti01,2025-05-10,2025-09-02,23
2025,CHA,ellarfr01,2025-03-30,2025-09-26,18
2025,CIN,encarch01,2025-03-27,2025-07-08,36
2025,SFN,encarje01,2025-06-02,2025-09-27,19
2025,TBA,englema01,2025-03-31,2025-09-03,30
2025,ARI,englitr01,2025-07-09,2025-07-30,7
2025,DET,ennsdi01,2025-06-26,2025-07-27,7
2025,BAL,ennsdi01,2025-08-03,2025-09-24,17
2025,CLE,enrigni01,2025-05-25,2025-09-02,27
2025,TEX,eovalna01,2025-03-27,2025-08-22,22
2025,KCA,erceglu01,2025-03-27,2025-09-17,61
2025,NYA,escarjc01,2025-03-29,2025-08-12,40
2025,BAL,espadjo01,2025-09-20,2025-09-20,1
2025,CIN,espinsa01,2025-03-29,2025-09-24,114
2025,KCA,estevca01,2025-03-27,2025-09-27,67
2025,OAK,estesjo01,2025-03-31,2025-08-24,3
2025,SDN,estraje01,2025-03-27,2025-09-27,77
2025,TOR,estrala01,2025-07-05,2025-07-29,2
2025,COL,estrath01,2025-05-30,2025-08-05,39
2025,SEA,evanslo01,2025-04-27,2025-09-27,16
2025,TBA,fairbpe01,2025-03-28,2025-09-27,61
2025,ATL,faircst01,2025-04-02,2025-07-08,28
2025,PIT,falteba01,2025-03-29,2025-07-29,22
2025,KCA,falteba01,2025-08-04,2025-08-22,4
2025,COL,farmeky01,2025-03-28,2025-09-23,97
2025,ANA,farrimi01,2025-09-02,2025-09-25,5
2025,MIA,fauchca01,2025-03-29,2025-09-28,65
2025,SLN,feddeer01,2025-03-29,2025-07-22,20
2025,ATL,feddeer01,2025-07-29,2025-08-22,5
2025,MIL,feddeer01,2025-08-27,2025-09-24,7
2025,LAN,feduchu01,2025-04-07,2025-04-08,2
2025,TBA,feduchu01,2025-08-02,2025-09-28,36
2025,COL,feltnry01,2025-03-30,2025-04-28,6
2025,PIT,ferguca01,2025-03-27,2025-07-27,45
2025,SEA,ferguca01,2025-07-31,2025-09-28,25
2025,OAK,ferguty01,2025-03-27,2025-09-28,56
2025,KCA,fermifr01,2025-03-27,2025-07-30,67
2025,SDN,fermifr01,2025-08-02,2025-09-28,42
2025,SLN,fermijo01,2025-06-25,2025-09-28,30
2025,ANA,fermijo02,2025-04-26,2025-09-26,40
2025,LAN,fernaju02,2025-07-07,2025-07-07,1
2025,WAS,fernaju02,2025-09-23,2025-09-27,3
2025,SLN,fernary01,2025-03-29,2025-09-28,32
2025,COL,fernaya01,2025-07-02,2025-09-28,52
2025,WAS,ferrejo01,2025-03-27,2025-09-27,72
2025,MIN,festada01,2025-04-11,2025-07-21,11
2025,CLE,festama01,2025-05-02,2025-09-28,63
2025,ARI,feyerjo01,2025-04-19,2025-04-24,2
2025,LAN,feyerjo01,2025-05-06,2025-05-13,2
2025,WAS,finneky01,2025-03-27,2025-07-28,40
2025,DET,finneky01,2025-08-02,2025-09-26,16
2025,TOR,fishebr02,2025-05-11,2025-09-28,52
2025,BOS,fittsri01,2025-03-30,2025-08-25,11
2025,MIN,fitzgry01,2025-05-16,2025-09-28,24
2025,SFN,fitzgty01,2025-03-27,2025-08-22,72
2025,DET,flaheja01,2025-03-28,2025-09-24,31
2025,CHA,fletcdo01,2025-09-05,2025-09-28,12
2025,CHN,flexech01,2025-05-02,2025-07-28,21
2025,PIT,florera03,2025-09-17,2025-09-28,7
2025,SFN,florewi01,2025-03-27,2025-09-28,125
2025,TOR,fluhama01,2025-04-01,2025-09-28,55
2025,SEA,fordha01,2025-09-05,2025-09-28,8
2025,MIA,forteni01,2025-03-27,2025-07-27,59
2025,TBA,forteni01,2025-07-29,2025-09-27,38
2025,TEX,foscuju01,2025-06-23,2025-07-20,4
2025,CIN,fraleja01,2025-03-27,2025-08-16,67
2025,ATL,fraleja01,2025-08-27,2025-09-09,9
2025,TOR,francbo01,2025-03-31,2025-06-14,14
2025,HOU,francjp01,2025-09-14,2025-09-27,2
2025,MIN,francty01,2025-03-27,2025-07-30,101
2025,TOR,francty01,2025-08-01,2025-09-21,37
2025,PIT,fraziad01,2025-03-27,2025-07-12,78
2025,KCA,fraziad01,2025-07-18,2025-09-28,56
2025,LAN,freelal01,2025-07-30,2025-09-03,29
2025,CHA,freemca01,2025-05-05,2025-06-04,5
2025,TEX,freemco01,2025-07-18,2025-09-28,36
2025,LAN,freemfr01,2025-03-27,2025-09-28,147
2025,COL,freelky01,2025-03-28,2025-09-27,31
2025,COL,freemty01,2025-03-30,2025-09-20,110
2025,MIL,frelisa01,2025-03-27,2025-09-28,142
2025,NYA,friedma01,2025-03-29,2025-09-24,32
2025,CIN,friedtj01,2025-03-27,2025-09-28,152
2025,CLE,fryda01,2025-06-01,2025-09-23,66
2025,ATL,fuentdi01,2025-06-20,2025-07-08,4
2025,COL,fulfobr01,2025-04-16,2025-09-26,38
2025,ANA,fulmeca01,2025-07-10,2025-08-23,13
2025,BOS,fulmemi01,2025-04-14,2025-04-14,1
2025,CHN,fulmemi01,2025-06-23,2025-06-25,2
2025,MIN,fundeko01,2025-04-12,2025-09-27,39
2025,CLE,gaddihu01,2025-03-27,2025-09-27,73
2025,DET,gagema01,2025-06-13,2025-06-25,6
2025,SFN,gagema01,2025-07-18,2025-09-24,27
2025,ARI,galleza01,2025-03-27,2025-09-26,33
2025,TEX,garabge01,2025-03-29,2025-04-07,3
2025,TEX,garciad02,2025-03-27,2025-09-28,135
2025,ARI,garciar01,2025-06-07,2025-06-21,2
2025,SEA,garcibr02,2025-07-21,2025-07-23,2
2025,ARI,garcibr02,2025-07-27,2025-09-28,12
2025,SLN,garcijo02,2025-04-30,2025-06-22,22
2025,BOS,garcijh01,2025-08-22,2025-08-28,5
2025,LAN,garcilu03,2025-03-19,2025-06-28,28
2025,WAS,garcilu03,2025-07-09,2025-07-28,10
2025,ANA,garcilu03,2025-08-01,2025-09-24,20
2025,WAS,garcilu04,2025-03-27,2025-09-28,139
2025,HOU,garcilu05,2025-09-01,2025-09-09,2
2025,KCA,garcima01,2025-03-27,2025-09-28,160
2025,NYN,garciri01,2025-07-06,2025-08-02,8
2025,NYA,garciri01,2025-07-18,2025-07-18,1
2025,BAL,garciri01,2025-08-12,2025-09-28,20
2025,TEX,garciro04,2025-03-27,2025-09-27,71
2025,TOR,garciyi01,2025-03-28,2025-07-02,22
2025,NYN,garrere01,2025-03-28,2025-09-14,58
2025,SEA,garvemi01,2025-03-28,2025-09-28,87
2025,NYN,garzaju01,2025-06-10,2025-06-20,5
2025,MIN,gaspemi01,2025-03-29,2025-09-20,45
2025,MIL,gassero01,2025-09-21,2025-09-27,2
2025,TOR,gausmke01,2025-03-28,2025-09-28,32
2025,OAK,gelofza01,2025-07-04,2025-09-19,30
2025,TBA,gerbejo01,2025-09-11,2025-09-16,2
2025,TBA,gervapa01,2025-06-21,2025-07-07,5
2025,LAN,gervapa01,2025-08-20,2025-08-20,1
2025,CIN,gibauia01,2025-03-27,2025-06-28,25
2025,MIA,gibsoca01,2025-04-20,2025-09-28,44
2025,BAL,gibsoky01,2025-04-29,2025-05-17,4
2025,NYA,gillu01,2025-08-03,2025-09-28,11
2025,SFN,gilbedr01,2025-08-08,2025-09-28,39
2025,COL,gilbrlu01,2025-08-22,2025-08-22,1
2025,SEA,gilbelo01,2025-03-27,2025-09-27,25
2025,CHA,gilbety01,2025-04-08,2025-09-27,46
2025,MIA,gillico01,2025-03-28,2025-04-26,6
2025,SDN,gillalo01,2025-04-06,2025-04-26,3
2025,TOR,gimenan01,2025-03-27,2025-09-28,101
2025,ARI,ginkeke01,2025-04-30,2025-08-02,29
2025,OAK,ginnjt01,2025-04-12,2025-09-25,23
2025,BOS,giolilu01,2025-04-30,2025-09-23,26
2025,DET,gipsosa01,2025-06-04,2025-09-11,8
2025,LAN,glasnty01,2025-03-31,2025-09-27,18
2025,NYA,goldspa01,2025-03-27,2025-09-28,146
2025,COL,gombeau01,2025-06-15,2025-08-19,12
2025,NYA,gomezyo01,2025-03-29,2025-04-21,6
2025,LAN,gomezyo01,2025-04-27,2025-05-05,3
2025,CHA,gomezyo01,2025-05-15,2025-09-26,12
2025,LAN,gonsoto01,2025-04-30,2025-06-04,7
2025,PIT,gonzani01,2025-03-27,2025-09-28,96
2025,SDN,gonzaos01,2025-04-08,2025-05-07,21
2025,BOS,gonzaro01,2025-03-29,2025-09-26,96
2025,CHA,gonzawi02,2025-06-20,2025-09-20,16
2025,COL,goodmhu01,2025-03-28,2025-09-28,144
2025,HOU,gordoco01,2025-05-14,2025-09-28,20
2025,COL,gordota01,2025-05-08,2025-09-24,15
2025,WAS,gorema01,2025-03-27,2025-09-22,30
2025,SLN,gormano01,2025-03-30,2025-09-28,111
2025,PIT,gorskma01,2025-04-24,2025-05-16,15
2025,SLN,gracego01,2025-04-06,2025-09-26,26
2025,SLN,granian01,2025-06-12,2025-09-05,14
2025,ARI,graveke01,2025-05-13,2025-08-10,19
2025,TEX,grayjo02,2025-07-23,2025-08-16,6
2025,SLN,grayso01,2025-03-27,2025-09-24,32
2025,TBA,graytr01,2025-07-26,2025-09-28,30
2025,TOR,greench03,2025-03-27,2025-07-29,45
2025,CIN,greenhu01,2025-03-27,2025-09-24,19
2025,DET,greenri02,2025-03-27,2025-09-27,157
2025,ARI,grichra01,2025-03-27,2025-07-26,70
2025,KCA,grichra01,2025-07-27,2025-09-27,43
2025,NYA,grishtr01,2025-03-27,2025-09-28,143
2025,DET,guentse01,2025-04-26,2025-05-22,9
2025,BOS,guerrlu01,2025-04-24,2025-06-27,13
2025,TOR,guerrvl02,2025-03-27,2025-09-28,156
2025,HOU,guilllu01,2025-06-14,2025-06-29,12
2025,ARI,gurrilo01,2025-03-27,2025-09-01,129
2025,SDN,gourryu01,2025-03-27,2025-04-27,16
2025,HOU,gustory01,2025-03-31,2025-07-30,24
2025,MIA,gustory01,2025-08-09,2025-08-27,3
2025,ANA,guzmade01,2025-09-13,2025-09-28,13
2025,MIL,haaseer01,2025-03-29,2025-07-27,30
2025,HOU,haderjo01,2025-03-27,2025-08-08,48
2025,NYN,hagenju01,2025-04-16,2025-09-09,9
2025,TEX,haggesa01,2025-05-09,2025-08-16,64
2025,SEA,hahnje01,2025-04-05,2025-05-22,3
2025,MIL,halldl01,2025-05-26,2025-09-28,20
2025,CLE,halpipe01,2025-09-20,2025-09-28,6
2025,COL,halvose01,2025-03-29,2025-08-02,42
2025,NYN,hameldo01,2025-09-17,2025-09-17,1
2025,BOS,hamilda03,2025-03-27,2025-09-28,91
2025,NYA,hamilia01,2025-04-08,2025-07-28,36
2025,ARI,hampsga01,2025-03-29,2025-05-10,18
2025,CIN,hampsga01,2025-05-26,2025-06-21,9
2025,SLN,hampsga01,2025-06-25,2025-09-06,35
2025,SEA,hancoem01,2025-03-31,2025-09-25,22
2025,BAL,handlma01,2025-04-29,2025-06-22,16
2025,DET,hanifbr01,2025-03-27,2025-09-11,54
2025,CHN,happia01,2025-03-18,2025-09-28,150
2025,PHI,harpebr03,2025-03-27,2025-09-28,132
2025,OAK,harribr02,2025-08-15,2025-09-28,32
2025,TEX,harridu01,2025-04-11,2025-09-13,19
2025,OAK,harriho03,2025-03-29,2025-09-27,48
2025,ATL,harriha01,2025-09-02,2025-09-07,3
2025,SFN,harriky01,2025-05-06,2025-06-10,8
2025,BOS,harriky01,2025-09-10,2025-09-26,3
2025,ATL,harrimi04,2025-03-27,2025-09-28,160
2025,PIT,harrito03,2025-04-01,2025-08-01,3
2025,NYA,hartlge01,2025-07-01,2025-07-08,2
2025,DET,hartlge01,2025-07-24,2025-07-25,2
2025,SDN,hartky01,2025-03-31,2025-09-26,20
2025,KCA,harvehu01,2025-03-27,2025-08-09,12
2025,WAS,hassero02,2025-05-22,2025-09-28,70
2025,KCA,hatchto01,2025-08-01,2025-08-01,1
2025,MIN,hatchto01,2025-08-06,2025-09-20,11
2025,PIT,hayeske01,2025-03-27,2025-07-29,100
2025,CIN,hayeske01,2025-07-31,2025-09-28,52
2025,CIN,haysau01,2025-04-15,2025-09-28,103
2025,NYA,headrbr01,2025-03-29,2025-08-13,17
2025,PIT,heanean01,2025-03-30,2025-08-25,26
2025,LAN,heanean01,2025-09-27,2025-09-27,1
2025,CLE,hedgeau01,2025-03-31,2025-09-27,70
2025,TEX,heimjo01,2025-03-28,2025-09-28,124
2025,TOR,heinety01,2025-03-30,2025-09-25,64
2025,TEX,helmami01,2025-06-27,2025-09-28,38
2025,SLN,helslry01,2025-03-27,2025-07-25,36
2025,NYN,helslry01,2025-08-01,2025-09-28,22
2025,BAL,hendegu01,2025-04-04,2025-09-28,154
2025,ANA,hendrky01,2025-04-01,2025-09-26,31
2025,BOS,hendrli01,2025-04-20,2025-05-27,14
2025,MIL,hendelo01,2025-04-20,2025-08-03,5
2025,WAS,henryco01,2025-04-13,2025-09-13,57
2025,LAN,henried01,2025-07-22,2025-09-27,22
2025,MIA,henriro01,2025-03-29,2025-09-28,69
2025,ARI,henryto01,2025-05-05,2025-06-05,2
2025,COL,hergeji01,2025-03-29,2025-09-27,59
2025,NYN,hergeke01,2025-04-29,2025-09-26,6
2025,ATL,hergeke01,2025-07-01,2025-07-01,1
2025,PHI,hernaca04,2025-03-29,2025-06-10,25
2025,DET,hernaca04,2025-06-19,2025-07-23,11
2025,CLE,hernaca04,2025-08-03,2025-08-16,5
2025,ATL,hernada03,2025-03-28,2025-09-06,39
2025,OAK,hernada04,2025-07-29,2025-09-28,51
2025,LAN,hernaen02,2025-03-18,2025-09-28,93
2025,MIA,hernahe01,2025-05-30,2025-09-28,87
2025,HOU,hernani01,2025-06-18,2025-09-25,10
2025,LAN,hernate01,2025-03-18,2025-09-28,134
2025,SLN,herreiv01,2025-03-27,2025-09-28,107
2025,ARI,herrejo04,2025-03-28,2025-08-19,58
2025,CLE,herriti01,2025-03-27,2025-09-25,54
2025,TEX,heuerco01,2025-06-03,2025-06-03,1
2025,DET,heuerco01,2025-08-09,2025-08-12,2
2025,SDN,heywaja01,2025-03-27,2025-05-23,34
2025,DET,hicklbr01,2025-05-08,2025-05-08,1
2025,SFN,hicksjo03,2025-03-31,2025-06-01,13
2025,BOS,hicksjo03,2025-06-30,2025-09-03,21
2025,MIA,hicksli01,2025-03-28,2025-09-27,119
2025,TEX,higasky01,2025-03-27,2025-09-27,94
2025,MIA,hillde01,2025-03-27,2025-09-01,53
2025,CHA,hillde01,2025-09-25,2025-09-28,4
2025,COL,hillja01,2025-04-22,2025-09-28,28
2025,KCA,hillri01,2025-07-22,2025-07-28,2
2025,COL,hillisa01,2025-05-30,2025-06-29,20
2025,NYA,hillti01,2025-03-27,2025-09-26,70
2025,CIN,hindsre01,2025-05-07,2025-07-29,15
2025,BAL,hiralya01,2025-05-27,2025-09-27,18
2025,COL,hiurake01,2025-06-01,2025-06-13,8
2025,SFN,hjellse01,2025-06-04,2025-07-27,12
2025,CHN,hodgepo01,2025-03-19,2025-09-19,36
2025,SDN,hoeinbr01,2025-06-23,2025-07-20,7
2025,CHN,hoernni01,2025-03-27,2025-09-28,156
2025,KCA,hoffman01,2025-05-30,2025-07-21,3
2025,ARI,hoffman01,2025-08-04,2025-09-27,8
2025,TOR,hoffmje02,2025-03-29,2025-09-26,71
2025,PHI,hoffmno01,2025-08-18,2025-08-18,1
2025,OAK,hoglugu01,2025-05-02,2025-05-31,6
2025,PIT,holdeco01,2025-03-27,2025-09-11,24
2025,CHN,holloga01,2025-04-22,2025-08-18,7
2025,BAL,hollija01,2025-03-27,2025-09-28,149
2025,NYN,holmecl01,2025-03-27,2025-09-27,33
2025,ATL,holmegr01,2025-03-27,2025-07-26,22
2025,OAK,holmagr01,2025-04-24,2025-06-11,22
2025,DET,holtoty01,2025-03-28,2025-09-27,70
2025,DET,hornba01,2025-04-22,2025-09-17,10
2025,CHN,hortoca01,2025-05-10,2025-09-23,23
2025,PIT,horwisp01,2025-05-17,2025-09-28,108
2025,MIL,hoskirh01,2025-03-27,2025-09-24,90
2025,BOS,houckta01,2025-03-28,2025-05-12,9
2025,CHA,housead01,2025-05-20,2025-07-25,11
2025,TBA,housead01,2025-08-04,2025-09-26,10
2025,WAS,housebr01,2025-06-16,2025-09-28,73
2025,MIL,hudsobr01,2025-03-27,2025-05-12,12
2025,CHA,hudsobr01,2025-08-05,2025-09-02,4
2025,SFN,huffsa01,2025-03-30,2025-05-31,20
2025,BAL,hummeco01,2025-05-30,2025-05-30,1
2025,HOU,hummeco01,2025-06-14,2025-08-03,36
2025,DET,hurtebr01,2025-03-29,2025-09-27,43
2025,CIN,hurtuja01,2025-03-27,2025-05-08,12
2025,DET,ibanean01,2025-03-27,2025-09-28,91
2025,SDN,iglesjo01,2025-03-29,2025-09-28,112
2025,ATL,iglesra01,2025-03-31,2025-09-28,70
2025,CHN,imanash01,2025-03-18,2025-09-25,25
2025,KCA,indiajo01,2025-03-27,2025-09-28,136
2025,WAS,irvinja01,2025-03-29,2025-09-27,33
2025,KCA,isbelky01,2025-03-27,2025-09-17,135
2025,BAL,jacksal02,2025-07-08,2025-09-25,37
2025,BAL,jacksje02,2025-08-01,2025-09-27,48
2025,TEX,jackslu01,2025-03-27,2025-07-22,39
2025,DET,jackslu01,2025-07-27,2025-08-05,3
2025,SEA,jackslu01,2025-09-02,2025-09-28,10
2025,SDN,jacobal01,2025-03-27,2025-09-08,29
2025,ARI,jamesdr01,2025-04-20,2025-04-26,3
2025,CHA,jankotr01,2025-03-27,2025-04-04,7
2025,TBA,jankotr01,2025-04-26,2025-05-14,14
2025,NYN,jankotr01,2025-06-26,2025-07-08,5
2025,TBA,janseda01,2025-03-28,2025-07-26,73
2025,MIL,janseda01,2025-07-30,2025-09-28,25
2025,ANA,janseke01,2025-03-29,2025-09-26,62
2025,ARI,jarvibr01,2025-03-27,2025-09-28,12
2025,HOU,javiecr01,2025-08-11,2025-09-23,8
2025,MIN,jaxgr01,2025-03-27,2025-07-30,50
2025,TBA,jaxgr01,2025-08-03,2025-09-27,23
2025,MIN,jeffery01,2025-03-27,2025-09-28,119
2025,KCA,jenseca01,2025-09-02,2025-09-28,20
2025,TOR,jimenle01,2025-07-01,2025-07-30,18
2025,DET,jobeja01,2025-03-31,2025-05-28,10
2025,SDN,joeco01,2025-04-15,2025-04-27,7
2025,CIN,joeco01,2025-05-10,2025-07-30,35
2025,SDN,johnsbr03,2025-06-17,2025-09-28,55
2025,SFN,johnsda07,2025-06-04,2025-07-01,14
2025,BAL,johnsda07,2025-08-12,2025-09-10,17
2025,ATL,johnspi01,2025-03-28,2025-09-26,65
2025,ANA,johnsry01,2025-03-27,2025-05-08,14
2025,PHI,johnsse01,2025-06-05,2025-08-04,10
2025,MIA,johnstr02,2025-07-29,2025-09-27,44
2025,CHA,jonesgr02,2025-04-13,2025-04-16,3
2025,DET,jonesja08,2025-06-06,2025-09-27,72
2025,CLE,jonesno01,2025-03-29,2025-09-19,136
2025,ANA,joycebe01,2025-03-29,2025-04-08,5
2025,NYA,judgeaa01,2025-03-27,2025-09-28,152
2025,MIN,julieed01,2025-03-30,2025-09-26,64
2025,CHA,julksco01,2025-08-02,2025-09-25,6
2025,TEX,jungjo01,2025-03-27,2025-09-28,131
2025,DET,jungja01,2025-04-21,2025-09-21,21
2025,CLE,junisja01,2025-03-29,2025-09-26,57
2025,MIA,junkja01,2025-05-24,2025-09-25,21
2025,DET,kahnlto01,2025-03-28,2025-09-26,66
2025,ARI,kaiseco01,2025-08-03,2025-09-28,11
2025,COL,karroky01,2025-08-08,2025-09-28,43
2025,ANA,kavadni01,2025-05-04,2025-09-01,10
2025,CLE,kayfucj01,2025-08-02,2025-09-28,44
2025,MIN,keasclu01,2025-04-18,2025-09-23,49
2025,MIN,keirsda01,2025-03-27,2025-09-28,74
2025,DET,keithco01,2025-03-27,2025-09-18,137
2025,ATL,kelenja01,2025-03-27,2025-07-30,24
2025,CHN,kellebr01,2025-03-28,2025-09-27,68
2025,ARI,kellyca01,2025-08-06,2025-08-08,2
2025,CHN,kellyca02,2025-03-19,2025-09-27,111
2025,TBA,kellyke02,2025-03-29,2025-09-28,41
2025,ARI,kellyme01,2025-03-28,2025-07-26,22
2025,TEX,kellyme01,2025-08-02,2025-09-21,10
2025,PIT,kellemi03,2025-03-28,2025-09-26,32
2025,OAK,kellymi03,2025-06-05,2025-09-28,42
2025,BOS,kellyza01,2025-03-29,2025-09-28,28
2025,PHI,kempot01,2025-06-07,2025-09-28,62
2025,PHI,kennebu01,2025-06-21,2025-06-27,4
2025,TOR,kennebu01,2025-08-06,2025-08-09,2
2025,LAN,kennebu01,2025-08-17,2025-08-23,7
2025,CLE,kentza01,2025-04-23,2025-09-28,12
2025,PHI,keplema01,2025-03-27,2025-09-28,127
2025,PHI,kerkeor01,2025-03-27,2025-09-28,69
2025,LAN,kershcl01,2025-05-17,2025-09-28,23
2025,ANA,kieboca01,2025-09-16,2025-09-28,3
2025,ANA,kikucyu01,2025-03-27,2025-09-24,33
2025,TBA,kimha01,2025-07-04,2025-08-19,24
2025,ATL,kimha01,2025-09-02,2025-09-28,24
2025,LAN,kimhy02,2025-05-03,2025-09-28,71
2025,ATL,kimbrcr01,2025-06-06,2025-06-06,1
2025,HOU,kimbrcr01,2025-08-24,2025-09-27,13
2025,PIT,kineris01,2025-03-27,2025-08-30,119
2025,TOR,kineris01,2025-09-02,2025-09-28,19
2025,HOU,kingbr02,2025-03-28,2025-09-26,68
2025,SLN,kingjo01,2025-03-27,2025-09-28,51
2025,SDN,kingmi01,2025-03-27,2025-09-27,15
2025,ANA,kingesc01,2025-05-30,2025-09-11,19
2025,COL,kinlety01,2025-03-28,2025-07-28,49
2025,ATL,kinlety01,2025-07-31,2025-09-28,24
2025,SEA,kirbyge01,2025-05-22,2025-09-26,23
2025,TOR,kirkal01,2025-03-27,2025-09-28,130
2025,BAL,kittran01,2025-05-21,2025-07-30,31
2025,CHN,kittran01,2025-08-01,2025-09-26,23
2025,BAL,kjershe01,2025-03-27,2025-06-06,54
2025,LAN,kleinwi01,2025-06-21,2025-09-26,14
2025,LAN,knackla01,2025-03-19,2025-09-28,10
2025,SFN,kniznan01,2025-06-05,2025-09-27,33
2025,ANA,kochaja01,2025-03-30,2025-08-27,23
2025,MIL,koenija01,2025-03-27,2025-09-28,72
2025,SDN,kolekst01,2025-05-04,2025-07-27,14
2025,KCA,kolekst01,2025-08-30,2025-09-24,5
2025,LAN,kopecmi01,2025-06-08,2025-09-18,14
2025,SFN,kossch01,2025-04-01,2025-09-28,76
2025,SEA,kowarja01,2025-05-28,2025-08-18,15
2025,NYN,kranima01,2025-03-29,2025-06-15,24
2025,DET,kreidry01,2025-03-27,2025-04-20,17
2025,BAL,kremede01,2025-03-29,2025-09-28,31
2025,CHN,kriskbr01,2025-05-24,2025-07-29,4
2025,MIN,kriskbr01,2025-08-06,2025-09-06,12
2025,OAK,krookma01,2025-05-16,2025-05-21,3
2025,OAK,kurtzni01,2025-04-23,2025-09-28,117
2025,CLE,kwanst01,2025-03-27,2025-09-28,156
2025,DET,langeal01,2025-08-18,2025-08-18,1
2025,OAK,langesh01,2025-03-27,2025-09-27,123
2025,TEX,langfwy01,2025-03-27,2025-09-23,134
2025,SEA,laosa01,2025-04-22,2025-08-20,2
2025,WAS,laosa01,2025-09-17,2025-09-28,6
2025,WAS,laraan01,2025-07-02,2025-08-05,9
2025,MIN,larnatr01,2025-03-27,2025-09-28,142
2025,CIN,lasorjo01,2025-06-07,2025-08-16,5
2025,TEX,latzja01,2025-04-23,2025-09-27,33
2025,TOR,lauerer01,2025-04-30,2025-09-28,28
2025,BAL,laurera01,2025-03-29,2025-07-30,82
2025,SDN,laurera01,2025-08-01,2025-09-24,50
2025,MIN,lawerco01,2025-09-13,2025-09-28,5
2025,ARI,lawlajo01,2025-05-13,2025-09-28,28
2025,SEA,lawreca01,2025-04-09,2025-05-20,5
2025,TOR,lawreca01,2025-04-29,2025-04-29,1
2025,PIT,lawreju01,2025-03-29,2025-09-27,17
2025,PHI,lazarma01,2025-05-20,2025-09-27,36
2025,SLN,leahyky01,2025-03-27,2025-09-28,62
2025,CHA,leasujo01,2025-03-27,2025-09-28,68
2025,OAK,leclejo01,2025-03-27,2025-04-22,10
2025,MIN,leebr02,2025-04-13,2025-09-28,139
2025,DET,leech02,2025-04-22,2025-07-29,32
2025,ATL,leedy01,2025-03-27,2025-09-23,74
2025,SFN,leeju01,2025-03-27,2025-09-28,150
2025,CHA,leeko01,2025-03-27,2025-09-27,26
2025,SEA,legumca01,2025-04-15,2025-09-26,48
2025,TEX,leiteja01,2025-03-28,2025-09-26,30
2025,NYA,leitema02,2025-03-27,2025-09-26,59
2025,NYA,lemahdj01,2025-05-13,2025-07-06,45
2025,ATL,leonsa01,2025-07-22,2025-09-20,5
2025,MIN,lewisro02,2025-05-06,2025-09-28,106
2025,SLN,liberma01,2025-04-01,2025-09-21,29
2025,WAS,lileda01,2025-05-23,2025-09-28,91
2025,NYN,lindofr01,2025-03-27,2025-09-28,160
2025,WAS,lipsctr01,2025-04-20,2025-04-23,3
2025,TOR,littlbr02,2025-03-28,2025-09-28,79
2025,LAN,littlja02,2025-06-19,2025-07-05,2
2025,CHN,littllu01,2025-04-16,2025-08-18,2
2025,TBA,litteza01,2025-03-29,2025-07-30,22
2025,CIN,litteza01,2025-08-05,2025-09-26,10
2025,CLE,livelbe01,2025-03-27,2025-05-12,9
2025,NYA,loaisjo01,2025-05-16,2025-08-01,30
2025,SDN,lockrbr01,2025-03-27,2025-06-21,47
2025,MIL,lockrbr01,2025-08-01,2025-08-28,20
2025,ARI,locklty01,2025-08-01,2025-09-07,31
2025,CIN,lodolni01,2025-03-29,2025-09-28,29
2025,KCA,loftini01,2025-05-25,2025-09-11,67
2025,KCA,longsa01,2025-03-27,2025-09-28,39
2025,WAS,lopezjo02,2025-03-30,2025-05-29,26
2025,OAK,lopezja04,2025-04-18,2025-08-24,21
2025,TOR,loperjo01,2025-07-06,2025-09-23,41
2025,ANA,lopezni01,2025-03-27,2025-04-10,5
2025,CHN,lopezni01,2025-04-26,2025-05-18,14
2025,MIA,lopezot01,2025-03-27,2025-09-28,143
2025,MIN,lopezpa01,2025-03-27,2025-09-19,14
2025,ATL,lopezre01,2025-03-28,2025-03-28,1
2025,WAS,lordbr02,2025-03-30,2025-09-28,48
2025,KCA,lorenmi01,2025-04-01,2025-09-25,27
2025,LAN,loutory01,2025-05-16,2025-06-04,2
2025,WAS,loutory01,2025-06-14,2025-08-03,10
2025,TOR,lovelri01,2025-03-27,2025-03-29,2
2025,NYN,lovelri01,2025-06-24,2025-09-24,8
2025,TBA,lowebr01,2025-03-28,2025-09-27,134
2025,TBA,lowejo01,2025-03-28,2025-09-28,108
2025,WAS,lowena01,2025-03-27,2025-08-13,119
2025,BOS,lowena01,2025-08-18,2025-09-28,34
2025,TOR,lucasea01,2025-04-02,2025-07-29,6
2025,SFN,lucchjo01,2025-06-15,2025-09-23,38
2025,ANA,lugoma01,2025-05-09,2025-09-12,31
2025,KCA,lugose01,2025-03-29,2025-08-29,26
2025,TOR,lukesna01,2025-03-28,2025-09-28,135
2025,CIN,luxga01,2025-03-27,2025-09-28,140
2025,PHI,luzarje01,2025-03-29,2025-09-24,32
2025,KCA,lynchda02,2025-03-29,2025-09-28,57
2025,SDN,machama01,2025-03-27,2025-09-28,159
2025,BAL,machivi01,2025-08-22,2025-08-26,4
2025,OAK,macivwi01,2025-05-25,2025-09-28,33
2025,DET,maedake01,2025-03-29,2025-04-29,7
2025,TEX,mahlety01,2025-03-29,2025-09-25,16
2025,KCA,mailelu01,2025-05-04,2025-09-24,25
2025,OAK,maldoan01,2025-05-16,2025-05-29,6
2025,SDN,maldoma01,2025-03-27,2025-07-30,64
2025,DET,malloju02,2025-03-31,2025-09-28,52
2025,NYN,manaese01,2025-07-13,2025-09-28,15
2025,TBA,manguja01,2025-03-30,2025-09-28,118
2025,ARI,mantijo01,2025-03-28,2025-05-13,10
2025,CLE,manzaky01,2025-03-27,2025-09-28,142
2025,PHI,marchra01,2025-03-29,2025-09-28,42
2025,DET,margoma01,2025-03-27,2025-04-07,6
2025,SDN,marinro01,2025-07-27,2025-09-22,7
2025,COL,marquge01,2025-03-31,2025-09-26,26
2025,PHI,marshbr02,2025-03-27,2025-09-28,133
2025,MIA,marseja01,2025-08-01,2025-09-28,55
2025,MIN,martiau01,2025-08-01,2025-09-28,50
2025,CLE,martian02,2025-04-11,2025-09-28,139
2025,TEX,martich02,2025-03-27,2025-09-25,49
2025,BAL,martico02,2025-07-02,2025-08-31,17
2025,CHA,martida03,2025-03-30,2025-09-25,26
2025,ARI,martiju01,2025-03-29,2025-06-09,17
2025,ARI,marteke01,2025-03-27,2025-09-28,126
2025,CIN,martini01,2025-03-30,2025-09-27,40
2025,COL,martini02,2025-03-28,2025-05-27,43
2025,CIN,marteno01,2025-04-09,2025-09-28,90
2025,NYN,martest01,2025-03-27,2025-09-27,98
2025,MIA,martise01,2025-08-27,2025-09-09,6
2025,KCA,massemi02,2025-03-27,2025-09-28,77
2025,SEA,mastrmi01,2025-03-28,2025-09-28,76
2025,BAL,mateojo01,2025-03-27,2025-09-28,43
2025,SFN,matoslu02,2025-03-29,2025-09-13,57
2025,CHA,matonni01,2025-03-27,2025-05-08,25
2025,SLN,matonph01,2025-03-27,2025-07-25,40
2025,TEX,matonph01,2025-08-01,2025-09-26,23
2025,SDN,matsuyu01,2025-03-27,2025-09-27,61
2025,HOU,matthbr01,2025-07-11,2025-09-28,13
2025,PIT,mattsis01,2025-05-22,2025-09-26,44
2025,MIN,matthze01,2025-05-18,2025-09-23,16
2025,SLN,matzst01,2025-03-30,2025-07-29,32
2025,BOS,matzst01,2025-08-02,2025-09-28,21
2025,NYA,matzety01,2025-04-27,2025-05-14,7
2025,NYN,mauriro01,2025-06-03,2025-09-28,61
2025,CIN,maxweza01,2025-08-23,2025-09-16,8
2025,LAN,maydu01,2025-04-01,2025-07-27,19
2025,BOS,maydu01,2025-08-06,2025-09-03,6
2025,BOS,mayerma01,2025-05-24,2025-07-23,44
2025,BAL,mayoco01,2025-05-03,2025-09-28,85
2025,PIT,mayzati01,2025-03-29,2025-04-18,7
2025,PHI,mayzati01,2025-09-01,2025-09-27,8
2025,MIA,mazurad01,2025-06-18,2025-09-20,6
2025,MIN,mccauda01,2025-03-31,2025-04-06,3
2025,ARI,mccanja02,2025-06-25,2025-09-28,42
2025,ARI,mccarja02,2025-03-27,2025-09-28,67
2025,HOU,mccorch01,2025-03-27,2025-08-28,66
2025,SDN,mccoyma01,2025-04-22,2025-09-28,18
2025,SFN,mccragr01,2025-08-01,2025-09-28,22
2025,PIT,mccutan01,2025-03-27,2025-09-28,135
2025,MIN,mccusca01,2025-05-18,2025-09-28,16
2025,HOU,mcculla02,2025-05-04,2025-09-28,16
2025,ANA,mcdanga01,2025-03-31,2025-05-01,10
2025,BAL,mcderch01,2025-05-14,2025-09-18,4
2025,SFN,mcdontr01,2025-09-16,2025-09-26,3
2025,OAK,mcfartj01,2025-03-27,2025-06-26,27
2025,MIL,mcgeeea01,2025-05-21,2025-08-28,9
2025,ARI,mcgousc01,2025-05-03,2025-05-31,7
2025,OAK,mcgousc01,2025-09-01,2025-09-28,6
2025,SLN,mcgremi01,2025-05-04,2025-09-27,17
2025,CHN,mcguire01,2025-05-25,2025-09-28,45
2025,CLE,mckentr01,2025-03-31,2025-04-16,4
2025,TEX,mckinbi01,2025-07-01,2025-09-28,6
2025,DET,mckinza01,2025-03-27,2025-09-28,144
2025,CIN,mclaima01,2025-03-27,2025-09-28,147
2025,NYN,mcleano01,2025-08-16,2025-09-25,8
2025,COL,mcmahry01,2025-03-28,2025-07-23,100
2025,NYA,mcmahry01,2025-07-26,2025-09-28,54
2025,NYN,mcneije01,2025-04-25,2025-09-28,122
2025,TBA,meadcu01,2025-03-28,2025-07-13,49
2025,CHA,meadcu01,2025-08-05,2025-09-28,41
2025,DET,meadopa01,2025-06-02,2025-09-28,58
2025,MIL,mearsni01,2025-04-08,2025-09-26,63
2025,ANA,medervi01,2025-04-25,2025-08-23,5
2025,MIL,megiltr01,2025-03-30,2025-09-28,50
2025,NYN,megilty01,2025-03-28,2025-06-14,14
2025,CHA,meidrch01,2025-04-11,2025-09-28,122
2025,COL,mejiaju01,2025-04-24,2025-09-28,55
2025,KCA,melenmj01,2025-03-27,2025-07-30,23
2025,HOU,meltoja01,2025-06-01,2025-09-28,32
2025,DET,meltotr01,2025-07-23,2025-09-25,16
2025,ARI,menacr01,2025-05-09,2025-06-06,3
2025,PHI,mercami01,2025-06-11,2025-06-21,3
2025,CHN,merryju01,2025-03-19,2025-05-23,21
2025,SDN,merrija01,2025-03-27,2025-09-28,115
2025,MIA,mervima01,2025-03-27,2025-05-26,42
2025,MIA,mesavi01,2025-05-26,2025-09-14,16
2025,CLE,messipa01,2025-08-20,2025-09-25,7
2025,CIN,meylu01,2025-05-01,2025-08-19,23
2025,HOU,meyerja02,2025-03-27,2025-09-24,104
2025,MIA,meyerma01,2025-03-30,2025-06-02,12
2025,SLN,mikolmi01,2025-03-31,2025-09-26,31
2025,CIN,mileywa01,2025-06-04,2025-06-15,3
2025,SEA,millebr04,2025-03-29,2025-09-28,18
2025,LAN,millebo06,2025-04-16,2025-05-24,2
2025,WAS,milladr01,2025-06-25,2025-08-27,18
2025,SFN,milleer01,2025-03-27,2025-07-02,36
2025,OAK,millema03,2025-03-29,2025-07-26,38
2025,SDN,millema03,2025-08-01,2025-09-27,22
2025,COL,milleow01,2025-04-25,2025-05-14,9
2025,ARI,millesh01,2025-03-28,2025-07-05,37
2025,MIL,millesh01,2025-08-09,2025-09-01,11
2025,TEX,milneho01,2025-03-28,2025-09-28,73
2025,NYN,minteaj01,2025-03-28,2025-04-26,13
2025,MIN,miranjo01,2025-03-27,2025-04-12,12
2025,MIN,misiean01,2025-07-10,2025-09-28,5
2025,MIL,misioja01,2025-06-12,2025-09-27,15
2025,TBA,misneka01,2025-03-28,2025-06-21,71
2025,MIL,mitchga01,2025-03-27,2025-04-25,25
2025,DET,mizeca01,2025-04-01,2025-09-26,28
2025,PIT,mlodzca01,2025-03-31,2025-09-25,34
2025,COL,molinan01,2025-05-14,2025-09-25,17
2025,CIN,mollsa01,2025-03-27,2025-08-31,23
2025,MIL,monasan01,2025-05-09,2025-09-28,68
2025,ANA,moncayo01,2025-03-27,2025-09-26,84
2025,COL,moniami01,2025-03-28,2025-09-25,135
2025,TBA,monteco01,2025-04-08,2025-04-16,5
2025,ARI,montech01,2025-06-07,2025-06-07,1
2025,CHA,montgco01,2025-07-04,2025-09-28,71
2025,NYN,montafr01,2025-06-24,2025-08-15,9
2025,DET,monteke01,2025-04-16,2025-09-27,20
2025,TBA,montgma01,2025-03-28,2025-09-10,57
2025,MIA,montepa01,2025-04-19,2025-04-19,1
2025,HOU,montera01,2025-03-31,2025-04-06,3
2025,ATL,montera01,2025-04-10,2025-07-29,36
2025,DET,montera01,2025-08-05,2025-09-27,20
2025,ANA,moorech03,2025-06-13,2025-09-28,53
2025,SEA,mooredy01,2025-03-28,2025-08-20,88
2025,TEX,mooredy01,2025-08-29,2025-09-28,18
2025,BOS,moranjo01,2025-08-12,2025-08-18,2
2025,OAK,morallu01,2025-08-01,2025-09-27,10
2025,SDN,morejad01,2025-03-28,2025-09-27,75
2025,TBA,morelch01,2025-03-28,2025-09-27,105
2025,PIT,moretda01,2025-08-02,2025-09-24,18
2025,ARI,morenga01,2025-03-27,2025-09-28,83
2025,SDN,morgada01,2025-05-26,2025-09-28,41
2025,CHN,morgael01,2025-03-18,2025-04-14,7
2025,ARI,morilju02,2025-04-19,2025-09-28,42
2025,BAL,mortoch02,2025-03-28,2025-07-29,23
2025,DET,mortoch02,2025-08-03,2025-09-19,9
2025,ATL,mortoch02,2025-09-28,2025-09-28,1
2025,BAL,mountry01,2025-03-27,2025-09-28,89
2025,BAL,mullice01,2025-03-27,2025-07-30,91
2025,NYN,mullice01,2025-08-01,2025-09-28,42
2025,LAN,muncyma01,2025-03-18,2025-09-24,100
2025,OAK,muncyma02,2025-03-27,2025-09-28,63
2025,SEA,munozan01,2025-03-27,2025-09-27,64
2025,SLN,munozro01,2025-04-12,2025-08-16,9
2025,ATL,munozro02,2025-09-02,2025-09-07,3
2025,OAK,murdono01,2025-03-29,2025-05-07,14
2025,CHA,murfepe01,2025-03-27,2025-05-03,15
2025,BOS,murphch01,2025-06-28,2025-09-27,23
2025,ATL,murphse01,2025-04-08,2025-09-06,94
2025,HOU,murraja01,2025-09-04,2025-09-28,9
2025,MIA,myersda01,2025-03-27,2025-09-23,106
2025,MIL,myersto01,2025-04-24,2025-09-26,22
2025,TOR,nanceto01,2025-07-12,2025-09-27,30
2025,BOS,narvaca01,2025-03-29,2025-09-27,118
2025,CHA,narvaom01,2025-04-11,2025-04-16,4
2025,MIA,navarbr01,2025-09-05,2025-09-28,8
2025,CLE,naylobo01,2025-03-27,2025-09-28,123
2025,ARI,naylojo01,2025-03-27,2025-07-23,93
2025,SEA,naylojo01,2025-07-25,2025-09-26,54
2025,ARI,nelsoky01,2025-08-01,2025-08-05,3
2025,ARI,nelsory01,2025-03-27,2025-09-24,34
2025,ATL,nerishe01,2025-03-27,2025-03-30,2
2025,ANA,nerishe01,2025-05-06,2025-06-27,21
2025,HOU,nerishe01,2025-07-07,2025-08-11,12
2025,ANA,netoza01,2025-04-18,2025-09-11,128
2025,BOS,newcose01,2025-03-31,2025-05-24,12
2025,OAK,newcose01,2025-05-29,2025-09-14,36
2025,ANA,newmake01,2025-03-27,2025-07-29,57
2025,PIT,nicolky01,2025-04-12,2025-09-26,31
2025,DET,nidoto01,2025-04-12,2025-05-19,11
2025,CLE,nikhado01,2025-04-26,2025-07-04,2
2025,NYN,nimmobr01,2025-03-27,2025-09-28,155
2025,CHA,nodary01,2025-06-14,2025-07-06,16
2025,BAL,nodary01,2025-08-03,2025-08-13,7
2025,CLE,noeljh01,2025-03-27,2025-09-28,69
2025,PHI,nolaaa01,2025-03-30,2025-09-26,17
2025,COL,nolaau01,2025-07-03,2025-08-10,15
2025,SLN,nootbla01,2025-03-27,2025-09-27,135
2025,MIA,norbyco01,2025-04-17,2025-09-28,88
2025,CLE,nunezdo01,2025-06-06,2025-06-11,2
2025,NYN,nunezde01,2025-05-05,2025-07-02,10
2025,SDN,nunezed03,2025-07-02,2025-07-09,4
2025,OAK,nunezed03,2025-08-02,2025-08-31,6
2025,WAS,nunezna01,2025-04-14,2025-09-28,39
2025,MIN,oberba01,2025-03-30,2025-09-25,27
2025,SLN,obrieri01,2025-04-26,2025-09-28,42
2025,WAS,ogasash01,2025-07-06,2025-09-28,23
2025,BAL,ohearry01,2025-03-27,2025-07-30,94
2025,SDN,ohearry01,2025-08-01,2025-09-28,50
2025,MIN,ohlpi01,2025-07-29,2025-09-27,14
2025,ANA,ohopplo01,2025-03-27,2025-09-28,119
2025,LAN,ohtansh01,2025-03-18,2025-09-28,172
2025,HOU,okertst01,2025-03-28,2025-09-26,68
2025,ATL,olsonma02,2025-03-27,2025-09-28,162
2025,DET,olsonre01,2025-03-29,2025-07-24,13
2025,BAL,oneilty01,2025-03-27,2025-09-28,54
2025,TEX,orneljo01,2025-03-30,2025-05-02,4
2025,ATL,orneljo01,2025-08-07,2025-08-08,2
2025,SDN,ornelti01,2025-04-19,2025-04-27,7
2025,HOU,ortka01,2025-04-28,2025-09-04,49
2025,MIL,ortizjo06,2025-03-27,2025-09-28,149
2025,CLE,ortizlu03,2025-03-31,2025-06-27,16
2025,TBA,orzeer01,2025-04-14,2025-09-12,33
2025,TEX,osunaal02,2025-05-25,2025-09-28,63
2025,OAK,otanemi01,2025-05-14,2025-05-27,6
2025,NYA,ottavad01,2025-04-01,2025-04-07,3
2025,LAN,outmaja01,2025-05-06,2025-07-30,22
2025,MIN,outmaja01,2025-08-16,2025-09-28,37
2025,PIT,oviedjo01,2025-08-04,2025-09-28,9
2025,DET,owensty01,2025-05-01,2025-07-02,3
2025,ATL,ozunama01,2025-03-27,2025-09-28,145
2025,MIN,paddach01,2025-03-31,2025-07-23,21
2025,DET,paddach01,2025-07-30,2025-09-28,12
2025,CIN,paganem01,2025-03-27,2025-09-27,70
2025,LAN,pagesan01,2025-03-18,2025-09-28,156
2025,SLN,pagespe02,2025-03-27,2025-09-26,112
2025,CHA,palacjo01,2025-04-11,2025-06-12,51
2025,TBA,palacri01,2025-04-17,2025-09-28,17
2025,CHN,palenda01,2025-04-15,2025-09-26,54
2025,CHA,palisja01,2025-06-21,2025-06-21,1
2025,SLN,pallaan01,2025-03-30,2025-09-23,31
2025,COL,palmqca01,2025-05-16,2025-08-04,9
2025,HOU,paredis01,2025-03-27,2025-09-27,102
2025,ANA,parisky01,2025-03-27,2025-06-24,44
2025,WAS,parkemi01,2025-03-30,2025-09-28,33
2025,KCA,pasquvi01,2025-03-27,2025-09-28,160
2025,MIL,patrich01,2025-03-29,2025-09-28,27
2025,MIA,paulegr01,2025-03-27,2025-09-28,62
2025,MIL,payamjo01,2025-03-27,2025-09-19,28
2025,ATL,payamjo01,2025-09-23,2025-09-26,2
2025,CHN,pearsna01,2025-03-19,2025-08-08,11
2025,TEX,pederjo01,2025-03-27,2025-09-28,96
2025,MIL,pegueel01,2025-03-29,2025-05-12,6
2025,CHA,pegueel01,2025-08-11,2025-08-19,2
2025,SFN,peguejo01,2025-08-21,2025-09-27,17
2025,PIT,pegueli01,2025-05-06,2025-09-14,33
2025,HOU,penaje02,2025-03-27,2025-09-20,125
2025,TBA,pepiory01,2025-03-28,2025-09-23,31
2025,MIL,peralfr01,2025-03-27,2025-09-28,33
2025,COL,perallu01,2025-03-29,2025-09-28,22
2025,NYA,perazos02,2025-03-29,2025-07-30,71
2025,ANA,perazos02,2025-08-02,2025-09-27,35
2025,ANA,peralsa01,2025-09-08,2025-09-28,5
2025,SDN,peralwa01,2025-03-27,2025-09-26,71
2025,OAK,perdoan01,2025-04-02,2025-04-11,4
2025,ARI,perdoge01,2025-03-27,2025-09-28,161
2025,BAL,perezci01,2025-03-28,2025-05-23,19
2025,MIA,perezeu02,2025-06-09,2025-09-27,20
2025,TBA,pereiev01,2025-08-11,2025-09-25,23
2025,OAK,peredjh01,2025-03-30,2025-06-08,19
2025,MIN,peredjh01,2025-09-05,2025-09-21,11
2025,CHA,perezma02,2025-03-31,2025-09-17,11
2025,KCA,perezsa02,2025-03-27,2025-09-28,155
2025,DET,perezwe01,2025-05-27,2025-09-28,100
2025,MIL,perkibl01,2025-07-18,2025-09-28,54
2025,OAK,perkija01,2025-06-22,2025-08-21,12
2025,NYN,peterda01,2025-03-31,2025-09-23,30
2025,ATL,petermi01,2025-04-13,2025-06-27,4
2025,MIA,petermi01,2025-09-01,2025-09-27,11
2025,TBA,petertr01,2025-08-08,2025-08-13,4
2025,CIN,pettych02,2025-04-30,2025-06-21,3
2025,ARI,pfaadbr01,2025-03-29,2025-09-28,33
2025,PIT,phamth01,2025-03-27,2025-09-28,120
2025,CIN,phillco01,2025-06-20,2025-09-28,21
2025,LAN,phillev01,2025-04-19,2025-05-05,7
2025,MIA,phillty01,2025-03-28,2025-09-28,54
2025,WAS,pilkiko01,2025-07-22,2025-09-27,32
2025,TEX,pillake01,2025-03-27,2025-05-23,20
2025,MIA,pinaro01,2025-06-20,2025-06-20,1
2025,TOR,pinaro01,2025-07-07,2025-07-07,1
2025,NYN,pintajo01,2025-06-25,2025-06-25,1
2025,SDN,pivetni01,2025-03-30,2025-09-22,31
2025,WAS,pocheco01,2025-03-27,2025-04-30,13
2025,NYN,pocheco01,2025-06-28,2025-06-28,1
2025,SEA,polanjo01,2025-03-27,2025-09-27,138
2025,CHN,pomerdr01,2025-04-25,2025-09-27,57
2025,SEA,popza01,2025-06-16,2025-06-26,4
2025,NYN,popza01,2025-07-06,2025-07-06,1
2025,ARI,popeau01,2025-09-25,2025-09-25,1
2025,SFN,portelo01,2025-06-11,2025-06-17,5
2025,BAL,poteeco01,2025-04-20,2025-04-20,1
2025,WAS,poulipj01,2025-08-05,2025-09-28,28
2025,BAL,povicca01,2025-03-31,2025-09-25,22
2025,SLN,pozoyo01,2025-04-07,2025-09-28,67
2025,CHN,pressry01,2025-03-19,2025-07-29,44
2025,SLN,prietce01,2025-08-29,2025-09-01,3
2025,MIL,priesqu01,2025-04-10,2025-09-26,29
2025,ATL,profaju01,2025-03-27,2025-09-28,80
2025,ARI,pukaj01,2025-03-30,2025-04-17,8
2025,MIA,quantca01,2025-03-31,2025-08-16,24
2025,ATL,quantca01,2025-08-23,2025-08-28,2
2025,CHA,queroed01,2025-04-17,2025-09-28,111
2025,ANA,quijajo01,2025-07-24,2025-07-28,2
2025,MIL,quintjo01,2025-04-11,2025-09-14,24
2025,BOS,rafaece01,2025-03-27,2025-09-28,156
2025,KCA,raganco01,2025-03-27,2025-09-28,13
2025,BAL,ragsdca01,2025-09-14,2025-09-27,2
2025,PIT,raineta01,2025-05-04,2025-06-01,11
2025,DET,raineta01,2025-09-21,2025-09-28,2
2025,NYN,raleybr01,2025-07-19,2025-09-28,30
2025,SEA,raleica01,2025-03-27,2025-09-28,159
2025,SEA,raleylu01,2025-03-27,2025-09-28,73
2025,MIA,ramirag01,2025-04-21,2025-09-28,136
2025,MIN,ramirer02,2025-08-03,2025-08-21,9
2025,CLE,ramirjo01,2025-03-27,2025-09-28,158
2025,PIT,ramiryo01,2025-07-12,2025-09-28,24
2025,CHA,ramosbr01,2025-09-01,2025-09-06,4
2025,SFN,ramoshe02,2025-03-27,2025-09-28,157
2025,PHI,rangeal01,2025-06-06,2025-08-06,5
2025,SLN,raqueni01,2025-09-08,2025-09-09,2
2025,ARI,rashita01,2025-08-28,2025-09-27,10
2025,TBA,rasmudr01,2025-03-31,2025-09-25,31
2025,KCA,ravejo01,2025-05-26,2025-09-28,72
2025,SFN,rayro02,2025-03-30,2025-09-19,32
2025,CHN,reaco01,2025-03-30,2025-09-26,32
2025,PHI,realmjt01,2025-03-27,2025-09-27,134
2025,BOS,refsnro01,2025-03-31,2025-09-27,70
2025,KCA,renfrhu01,2025-03-27,2025-05-20,35
2025,ANA,rengilu01,2025-03-27,2025-09-28,147
2025,NYA,reyespa01,2025-03-29,2025-06-13,25
2025,PIT,reynobr01,2025-03-27,2025-09-28,154
2025,SDN,reynose01,2025-05-09,2025-09-03,19
2025,WAS,ribalor01,2025-03-29,2025-09-26,22
2025,NYA,ricebe01,2025-03-27,2025-09-28,138
2025,CIN,richaly01,2025-04-27,2025-09-03,34
2025,KCA,richatr01,2025-06-07,2025-06-10,3
2025,ARI,richatr01,2025-07-21,2025-07-23,2
2025,ATL,rileyau01,2025-03-27,2025-08-02,102
2025,COL,rittery01,2025-06-06,2025-09-28,60
2025,SEA,rivasle01,2025-04-09,2025-09-28,48
2025,BAL,riverem01,2025-04-29,2025-09-15,43
2025,ANA,riverse01,2025-09-08,2025-09-28,11
2025,MIA,roach02,2025-09-06,2025-09-14,2
2025,PHI,roberda08,2025-08-11,2025-09-28,20
2025,PHI,roberda11,2025-05-14,2025-09-01,15
2025,CHN,roberet01,2025-04-09,2025-07-20,10
2025,CHA,roberlu01,2025-03-27,2025-08-26,110
2025,TOR,roberwi02,2025-06-15,2025-06-19,3
2025,CHA,roberwi02,2025-07-11,2025-09-26,24
2025,LAN,robinch03,2025-09-15,2025-09-15,1
2025,SEA,roblevi01,2025-03-27,2025-09-25,32
2025,CLE,rocchbr01,2025-03-27,2025-09-28,115
2025,TBA,rockjo01,2025-06-28,2025-09-10,3
2025,TEX,rockeku01,2025-03-31,2025-07-31,14
2025,TOR,rodenal01,2025-03-27,2025-07-27,43
2025,MIN,rodenal01,2025-08-01,2025-08-14,12
2025,HOU,rodgebr02,2025-03-27,2025-06-14,43
2025,NYA,rodonca01,2025-03-27,2025-09-25,33
2025,SDN,rodribr01,2025-05-31,2025-09-28,7
2025,MIL,rodrica02,2025-05-22,2025-09-27,4
2025,ARI,rodried05,2025-03-30,2025-09-27,29
2025,MIL,rodriel02,2025-03-31,2025-05-07,6
2025,BAL,rodriel02,2025-08-04,2025-08-04,1
2025,PIT,rodrien01,2025-03-27,2025-06-06,18
2025,SEA,rodriju01,2025-03-27,2025-09-27,160
2025,CLE,rodrijo10,2025-03-31,2025-09-28,31
2025,TBA,rodrima01,2025-03-29,2025-06-09,31
2025,SFN,rodrira02,2025-03-27,2025-08-22,50
2025,TOR,rodriya01,2025-03-27,2025-09-27,66
2025,DET,rogerja03,2025-03-27,2025-09-28,49
2025,CIN,rogerta01,2025-03-30,2025-07-28,40
2025,CHN,rogerta01,2025-08-02,2025-09-25,17
2025,SFN,rogerty01,2025-03-27,2025-07-29,53
2025,NYN,rogerty01,2025-08-02,2025-09-28,28
2025,BAL,rogertr01,2025-05-24,2025-09-26,18
2025,CHA,rojasjo01,2025-05-04,2025-08-15,69
2025,PHI,rojasjo03,2025-03-29,2025-07-30,71
2025,LAN,rojasmi02,2025-03-18,2025-09-28,114
2025,COL,rolisry01,2025-05-13,2025-09-18,31
2025,PHI,romanjo03,2025-03-27,2025-08-25,49
2025,SLN,romerjo01,2025-03-29,2025-09-23,65
2025,COL,romodr01,2025-09-07,2025-09-13,3
2025,OAK,rookebr01,2025-03-27,2025-09-28,162
2025,HOU,roonejo01,2025-08-24,2025-08-24,1
2025,TBA,rortvbe01,2025-03-30,2025-05-27,26
2025,LAN,rortvbe01,2025-09-04,2025-09-28,18
2025,WAS,rosaram01,2025-03-29,2025-07-23,47
2025,NYA,rosaram01,2025-07-28,2025-09-26,16
2025,LAN,rosared01,2025-04-18,2025-04-19,2
2025,ATL,rosared01,2025-04-30,2025-05-08,3
2025,PHI,rossjo01,2025-03-29,2025-08-25,37
2025,SFN,rouppla01,2025-04-02,2025-08-20,22
2025,SLN,roycrch01,2025-03-27,2025-09-26,20
2025,LAN,ruizes01,2025-07-03,2025-08-04,19
2025,PHI,ruizjo01,2025-03-29,2025-05-31,16
2025,ATL,ruizjo01,2025-06-10,2025-06-15,2
2025,WAS,ruizke01,2025-03-27,2025-07-05,68
2025,LAN,rushida01,2025-05-15,2025-09-28,53
2025,WAS,rutleja01,2025-04-08,2025-09-28,63
2025,BAL,rutscad01,2025-03-27,2025-09-28,90
2025,MIN,ryanjo04,2025-03-29,2025-09-26,31
2025,ARI,saalfan01,2025-07-12,2025-09-26,28
2025,BOS,sabolbl01,2025-04-08,2025-04-26,8
2025,CLE,sabroer01,2025-06-27,2025-09-27,33
2025,SLN,saggeth01,2025-04-06,2025-09-28,82
2025,HOU,salazce01,2025-05-27,2025-09-02,11
2025,WAS,salazed01,2025-03-27,2025-07-05,30
2025,ATL,salech01,2025-03-27,2025-09-28,21
2025,TOR,sanchal04,2025-05-25,2025-08-02,8
2025,BOS,sanchal04,2025-08-12,2025-09-13,4
2025,PHI,sanchcr01,2025-03-31,2025-09-28,32
2025,BAL,sanchga02,2025-03-29,2025-07-05,30
2025,MIA,sanchje02,2025-04-15,2025-07-30,86
2025,HOU,sanchje02,2025-08-01,2025-09-28,48
2025,MIN,sandsco01,2025-03-27,2025-09-28,69
2025,PIT,sandeca01,2025-08-05,2025-09-15,6
2025,NYA,sandrja01,2025-07-05,2025-07-05,1
2025,TOR,sandlni01,2025-03-27,2025-07-07,19
2025,CIN,sanmare01,2025-09-02,2025-09-02,1
2025,MIA,sanojja01,2025-03-27,2025-09-28,120
2025,TOR,santaan02,2025-03-27,2025-09-28,54
2025,CLE,santaca01,2025-03-27,2025-08-25,116
2025,CHN,santaca01,2025-09-01,2025-09-23,8
2025,PIT,santade01,2025-03-27,2025-09-27,70
2025,SEA,santogr01,2025-03-28,2025-04-15,8
2025,CIN,santito01,2025-03-27,2025-09-26,80
2025,LAN,sasakro01,2025-03-19,2025-09-26,10
2025,SEA,sauceta01,2025-03-28,2025-09-03,10
2025,LAN,sauerma01,2025-04-07,2025-08-21,10
2025,ANA,schanno01,2025-03-27,2025-09-26,132
2025,TOR,scherma01,2025-03-29,2025-09-24,17
2025,NYA,schlica01,2025-07-09,2025-09-27,14
2025,NYA,schmicl01,2025-04-16,2025-07-03,14
2025,SFN,schmica01,2025-03-29,2025-09-28,95
2025,TOR,schneda03,2025-03-28,2025-09-28,82
2025,CLE,schneda04,2025-03-29,2025-09-28,131
2025,TBA,scholje01,2025-09-20,2025-09-25,2
2025,KCA,schrejo01,2025-03-30,2025-09-27,74
2025,COL,schunaa01,2025-04-19,2025-08-15,16
2025,OAK,schuema01,2025-03-30,2025-09-28,101
2025,TOR,schulpa01,2025-04-20,2025-08-24,13
2025,PHI,schwaky01,2025-03-27,2025-09-28,162
2025,ATL,schwesp01,2025-03-29,2025-06-28,17
2025,LAN,scottta01,2025-03-18,2025-09-26,61
2025,HOU,scottta02,2025-03-28,2025-08-18,18
2025,ARI,scottta02,2025-06-10,2025-06-27,6
2025,SLN,scottvi01,2025-03-27,2025-09-28,138
2025,TBA,seaboco01,2025-05-16,2025-06-19,3
2025,ATL,seaboco01,2025-08-19,2025-09-15,4
2025,TEX,seageco01,2025-03-27,2025-08-27,102
2025,OAK,searsjp01,2025-03-30,2025-07-28,22
2025,SDN,searsjp01,2025-08-04,2025-09-28,5
2025,MIL,seiglan01,2025-07-02,2025-09-03,34
2025,BAL,selbyco01,2025-04-09,2025-09-26,11
2025,TEX,semiema01,2025-03-27,2025-08-21,127
2025,NYN,sengeha01,2025-03-27,2025-09-16,33
2025,NYN,sengako01,2025-04-01,2025-08-31,22
2025,COL,senzaan01,2025-03-29,2025-09-28,30
2025,OAK,severlu01,2025-03-27,2025-09-24,29
2025,CLE,sewalpa01,2025-03-27,2025-07-11,18
2025,DET,sewalpa01,2025-09-19,2025-09-28,4
2025,TBA,seymobo01,2025-08-15,2025-09-28,26
2025,SFN,seymoca01,2025-06-29,2025-09-24,16
2025,TBA,seymoia01,2025-06-09,2025-09-28,19
2025,CHN,shawma01,2025-03-18,2025-09-27,126
2025,LAN,sheehem01,2025-06-18,2025-09-26,15
2025,SDN,sheetga01,2025-03-27,2025-09-28,145
2025,HOU,shortza01,2025-07-02,2025-07-30,22
2025,PIT,shugach01,2025-04-06,2025-09-27,35
2025,CHA,shustja01,2025-04-19,2025-06-04,12
2025,SLN,sianimi01,2025-03-27,2025-06-13,19
2025,ANA,silsech01,2025-08-24,2025-09-26,10
2025,MIA,simonro01,2025-04-21,2025-05-27,19
2025,PIT,simonro01,2025-08-13,2025-08-29,8
2025,TBA,simpsch01,2025-04-19,2025-09-27,109
2025,MIA,simpsjo02,2025-06-21,2025-09-27,31
2025,WAS,simslu01,2025-03-27,2025-05-09,18
2025,CIN,singebr01,2025-03-31,2025-09-28,32
2025,HOU,singljo02,2025-07-24,2025-07-27,3
2025,NYN,sirijo01,2025-03-29,2025-09-23,16
2025,KCA,siskev01,2025-04-15,2025-05-27,5
2025,PIT,siskev01,2025-08-15,2025-09-19,14
2025,PIT,skenepa01,2025-03-27,2025-09-24,32
2025,DET,skubata01,2025-03-27,2025-09-23,31
2025,CHA,slateau01,2025-03-27,2025-07-29,51
2025,NYA,slateau01,2025-07-31,2025-09-26,14
2025,BOS,slateju01,2025-03-27,2025-09-26,36
2025,ATL,smithaj01,2025-03-30,2025-05-29,9
2025,CLE,smithca06,2025-03-27,2025-09-27,76
2025,HOU,smithca07,2025-03-27,2025-09-28,134
2025,SFN,smithdo02,2025-06-04,2025-09-12,63
2025,DET,smithdy01,2025-06-02,2025-07-02,7
2025,TEX,smithjo09,2025-03-27,2025-09-25,144
2025,ARI,smithpa04,2025-03-27,2025-08-27,87
2025,CHA,smithsh02,2025-04-01,2025-09-28,29
2025,LAN,smithwi05,2025-03-18,2025-09-09,110
2025,LAN,snellbl01,2025-03-27,2025-09-24,11
2025,SEA,snideco01,2025-03-29,2025-06-03,24
2025,OAK,soderty01,2025-03-27,2025-09-28,158
2025,BOS,sogarni01,2025-05-10,2025-09-28,30
2025,SEA,solando01,2025-03-28,2025-08-24,69
2025,TEX,solando01,2025-09-27,2025-09-28,2
2025,PIT,solakni01,2025-05-16,2025-05-28,4
2025,ANA,solerjo01,2025-03-27,2025-07-23,82
2025,DET,sommedr01,2025-08-22,2025-09-01,4
2025,MIA,soriage01,2025-03-27,2025-09-27,24
2025,ANA,soriajo02,2025-03-29,2025-09-17,31
2025,WAS,sorokmi01,2025-03-31,2025-07-29,16
2025,CHN,sorokmi01,2025-08-04,2025-09-28,6
2025,PHI,sosaed01,2025-03-29,2025-09-27,89
2025,CHA,sosale01,2025-03-27,2025-09-28,140
2025,BAL,sotogr01,2025-03-28,2025-07-24,45
2025,NYN,sotogr01,2025-07-27,2025-09-28,25
2025,NYN,sotoju01,2025-03-27,2025-09-28,160
2025,HOU,sousabe01,2025-04-09,2025-08-19,44
2025,SEA,speiega01,2025-03-29,2025-09-28,76
2025,OAK,spencmi01,2025-03-28,2025-09-28,32
2025,CIN,spierca01,2025-04-01,2025-04-19,3
2025,TOR,springe01,2025-03-27,2025-09-28,140
2025,OAK,sprinje01,2025-03-28,2025-09-23,32
2025,NYN,sproabr01,2025-09-07,2025-09-26,4
2025,COL,stallja01,2025-03-30,2025-06-04,29
2025,BAL,stallja01,2025-07-01,2025-07-26,14
2025,NYA,stantmi03,2025-06-16,2025-09-28,77
2025,NYN,stanery01,2025-03-28,2025-09-28,65
2025,CHN,steelju01,2025-03-19,2025-04-07,4
2025,CIN,steersp01,2025-03-27,2025-09-28,146
2025,TOR,stefami01,2025-05-11,2025-05-29,9
2025,ANA,stephro01,2025-05-28,2025-09-19,12
2025,CIN,stephty01,2025-05-02,2025-09-28,88
2025,OAK,sternju01,2025-03-28,2025-09-26,59
2025,PHI,steveca01,2025-04-20,2025-05-02,5
2025,ANA,stevech02,2025-07-03,2025-07-07,5
2025,MIN,stewabr01,2025-04-19,2025-07-28,39
2025,LAN,stewabr01,2025-08-03,2025-08-09,4
2025,CIN,stewasa02,2025-09-01,2025-09-27,18
2025,BOS,stockro01,2025-04-07,2025-06-08,2
2025,BOS,storytr01,2025-03-27,2025-09-28,157
2025,PHI,stottbr01,2025-03-27,2025-09-28,147
2025,MIA,stoweky01,2025-03-27,2025-08-15,117
2025,KCA,stratch01,2025-03-30,2025-05-16,12
2025,LAN,stratch01,2025-05-31,2025-06-06,3
2025,PIT,strathu01,2025-04-29,2025-06-23,3
2025,ATL,strathu01,2025-07-25,2025-09-26,12
2025,PHI,strahma01,2025-03-27,2025-09-25,66
2025,TOR,strawmy01,2025-03-30,2025-09-28,137
2025,ANA,strichu01,2025-05-20,2025-07-06,19
2025,ATL,stridsp01,2025-04-16,2025-09-27,23
2025,BAL,strowka01,2025-05-18,2025-09-28,25
2025,NYA,stromma01,2025-03-30,2025-07-31,9
2025,WAS,stubbcj01,2025-09-01,2025-09-01,1
2025,PHI,stubbga01,2025-09-01,2025-09-28,5
2025,BAL,suareal01,2025-03-28,2025-09-14,5
2025,ARI,suareeu01,2025-03-27,2025-07-30,106
2025,SEA,suareeu01,2025-07-31,2025-09-28,53
2025,ATL,suarejo01,2025-03-30,2025-09-27,7
2025,PHI,suarera01,2025-05-04,2025-09-27,26
2025,SDN,suarero01,2025-03-27,2025-09-27,70
2025,ATL,suerowa01,2025-07-13,2025-08-28,5
2025,BAL,suganto01,2025-03-30,2025-09-27,30
2025,PIT,sullibr01,2025-06-09,2025-06-15,3
2025,TBA,sulseco01,2025-04-12,2025-09-26,18
2025,CIN,suterbr01,2025-03-30,2025-09-16,48
2025,PIT,suwinja01,2025-03-29,2025-09-28,59
2025,CHN,suzukse01,2025-03-18,2025-09-28,151
2025,SLN,svansma01,2025-04-17,2025-09-28,39
2025,CHN,swansda01,2025-03-18,2025-09-28,159
2025,TOR,swanser01,2025-06-01,2025-06-15,6
2025,DET,sweentr01,2025-03-27,2025-09-28,118
2025,CHN,taillja01,2025-03-28,2025-09-27,23
2025,MIA,tarnofr01,2025-06-15,2025-09-02,5
2025,TOR,tatedi01,2025-04-20,2025-09-02,6
2025,SDN,tatisfe02,2025-03-27,2025-09-28,155
2025,CHA,tauchmi01,2025-04-06,2025-09-20,93
2025,TEX,taverle01,2025-03-28,2025-05-04,30
2025,SEA,taverle01,2025-05-07,2025-06-07,28
2025,ARI,tawati01,2025-04-05,2025-09-28,74
2025,LAN,tayloch03,2025-03-31,2025-05-15,28
2025,ANA,tayloch03,2025-05-26,2025-09-28,30
2025,CHA,taylogr02,2025-06-10,2025-09-26,36
2025,CHA,taylomi02,2025-03-27,2025-09-28,134
2025,SEA,taylosa04,2025-04-30,2025-05-05,4
2025,NYN,tayloty01,2025-03-27,2025-09-28,113
2025,SEA,taylotr01,2025-04-16,2025-05-19,8
2025,CHA,teelky01,2025-06-06,2025-09-28,78
2025,SEA,tellero01,2025-03-27,2025-06-17,62
2025,TEX,tellero01,2025-07-18,2025-09-28,50
2025,WAS,tenajo01,2025-03-29,2025-08-17,50
2025,SFN,tengka01,2025-08-02,2025-09-20,8
2025,ANA,teodobr01,2025-08-02,2025-09-28,50
2025,CHA,thaisma01,2025-03-29,2025-05-24,35
2025,TBA,thaisma01,2025-05-29,2025-07-31,25
2025,CHN,thielca01,2025-03-19,2025-09-27,67
2025,ARI,thomaal01,2025-03-28,2025-09-28,143
2025,MIL,thomaco02,2025-03-29,2025-04-05,2
2025,OAK,thomaco03,2025-06-30,2025-09-28,49
2025,CLE,thomala02,2025-03-27,2025-07-04,39
2025,WAS,thompma02,2025-07-06,2025-09-19,14
2025,ARI,thompry02,2025-03-28,2025-09-26,48
2025,SEA,thomarh01,2025-05-02,2025-05-05,3
2025,ATL,thompza01,2025-04-11,2025-04-15,2
2025,SEA,thorntr01,2025-03-27,2025-07-31,33
2025,NYN,tidwebl01,2025-05-04,2025-07-02,4
2025,MIA,tinocje01,2025-03-27,2025-06-02,20
2025,COL,toglimi01,2025-03-28,2025-09-11,88
2025,KCA,tolbety01,2025-03-31,2025-09-28,64
2025,BOS,tollepa01,2025-08-29,2025-09-27,7
2025,NYN,tongjo01,2025-08-29,2025-09-24,5
2025,MIN,tonkimi01,2025-07-29,2025-09-26,21
2025,MIN,topaju01,2025-03-27,2025-09-07,54
2025,DET,torkesp01,2025-03-27,2025-09-27,155
2025,BOS,toroab01,2025-05-04,2025-08-19,77
2025,DET,torregl01,2025-03-27,2025-09-27,145
2025,NYN,torrelu01,2025-03-27,2025-09-26,93
2025,ANA,toussto01,2025-05-04,2025-05-04,1
2025,COL,tovarez01,2025-03-28,2025-09-28,95
2025,HOU,trammta01,2025-06-25,2025-09-27,52
2025,LAN,treinbl01,2025-03-18,2025-09-27,32
2025,COL,trejoal01,2025-04-27,2025-05-13,14
2025,CIN,trevijo01,2025-03-27,2025-09-28,94
2025,PIT,triolja01,2025-03-29,2025-09-28,107
2025,SFN,trivilo01,2025-03-29,2025-05-04,11
2025,LAN,trivilo01,2025-05-18,2025-07-20,26
2025,PHI,trivilo01,2025-08-27,2025-09-28,10
2025,ATL,trompch01,2025-03-30,2025-04-02,2
2025,BAL,trompch01,2025-05-27,2025-06-30,6
2025,ANA,troutmi01,2025-03-27,2025-09-28,130
2025,CHN,tuckeky01,2025-03-18,2025-09-28,136
2025,MIL,turanbr02,2025-03-27,2025-09-28,156
2025,CHN,turneju01,2025-03-18,2025-09-28,80
2025,TOR,turnbsp01,2025-06-11,2025-06-20,3
2025,PHI,turnetr01,2025-03-27,2025-09-28,141
2025,TBA,ucetaed01,2025-03-30,2025-09-28,70
2025,NYN,urenajo01,2025-04-28,2025-04-28,1
2025,TOR,urenajo01,2025-05-06,2025-05-29,6
2025,LAN,urenajo01,2025-06-03,2025-06-05,2
2025,MIN,urenajo01,2025-08-03,2025-08-21,4
2025,ANA,urenajo01,2025-09-05,2025-09-27,6
2025,OAK,uriaslu01,2025-03-28,2025-08-24,96
2025,BAL,uriasra01,2025-03-27,2025-07-29,77
2025,HOU,uriasra01,2025-08-01,2025-09-28,35
2025,MIL,uribeab01,2025-04-01,2025-09-28,75
2025,DET,urquijo01,2025-09-14,2025-09-17,2
2025,OAK,urshegi01,2025-03-27,2025-08-13,59
2025,PIT,valdeen01,2025-03-29,2025-05-07,31
2025,HOU,valdefr01,2025-03-27,2025-09-25,31
2025,CLE,valerge01,2025-09-01,2025-09-28,16
2025,TBA,vanbebr01,2025-08-24,2025-09-05,4
2025,HOU,vanwelo01,2025-04-11,2025-09-06,9
2025,SEA,vargaca01,2025-03-28,2025-09-25,70
2025,ARI,vargail01,2025-06-01,2025-09-28,38
2025,CHA,vargami01,2025-03-27,2025-09-28,138
2025,MIN,varlalo01,2025-03-27,2025-07-29,51
2025,TOR,varlalo01,2025-08-01,2025-09-28,23
2025,TOR,varshda01,2025-04-29,2025-09-28,71
2025,CHA,vasilmi01,2025-03-31,2025-09-27,47
2025,SDN,vasqura02,2025-03-29,2025-09-28,28
2025,CHA,vaughan01,2025-03-27,2025-05-21,48
2025,MIL,vaughan01,2025-07-07,2025-09-28,64
2025,BAL,vavrate01,2025-08-02,2025-08-02,1
2025,MIN,vazquch01,2025-03-29,2025-09-28,65
2025,BAL,vazqulu01,2025-06-14,2025-09-21,36
2025,COL,veenza01,2025-04-08,2025-04-22,12
2025,MIA,venezan01,2025-03-28,2025-06-14,24
2025,SLN,venezan01,2025-08-20,2025-08-22,2
2025,ATL,verdual01,2025-04-18,2025-07-01,56
2025,SFN,verlaju01,2025-03-29,2025-09-27,29
2025,LAN,vesiaal01,2025-03-19,2025-09-27,68
2025,DET,vestwi01,2025-03-28,2025-09-27,64
2025,NYN,vientma01,2025-03-27,2025-09-28,121
2025,DET,vierlma01,2025-05-23,2025-08-09,31
2025,SLN,viladry01,2025-06-01,2025-06-10,7
2025,CIN,viladry01,2025-06-27,2025-06-27,1
2025,SFN,villada01,2025-04-20,2025-05-18,9
2025,NYA,vivasjo01,2025-05-02,2025-07-25,29
2025,COL,vodnivi01,2025-03-28,2025-09-27,52
2025,NYA,volpean01,2025-03-27,2025-09-28,153
2025,KCA,wachami01,2025-03-30,2025-09-27,31
2025,NYN,waddebr01,2025-04-30,2025-08-31,11
2025,SFN,wadela01,2025-03-27,2025-06-02,50
2025,ANA,wadela01,2025-06-13,2025-07-26,30
2025,SDN,wadety01,2025-04-11,2025-07-27,60
2025,MIA,wagamer01,2025-03-28,2025-09-28,140
2025,TOR,wagnewi01,2025-03-27,2025-07-30,40
2025,SDN,wagnewi01,2025-08-24,2025-09-28,15
2025,ATL,waldrhu01,2025-08-02,2025-09-23,10
2025,SDN,waldrma01,2025-06-30,2025-06-30,1
2025,HOU,walkech02,2025-03-27,2025-09-27,154
2025,SLN,walkejo02,2025-03-27,2025-09-28,111
2025,TOR,walkejo03,2025-04-21,2025-05-04,3
2025,SFN,walkery01,2025-03-27,2025-09-27,68
2025,PHI,walketa01,2025-04-03,2025-09-28,34
2025,ANA,wallach01,2025-09-12,2025-09-12,1
2025,MIN,wallnma01,2025-03-27,2025-09-17,104
2025,TBA,wallsta01,2025-03-28,2025-08-08,101
2025,CLE,waltean01,2025-05-28,2025-05-30,2
2025,HOU,waltebr01,2025-05-20,2025-07-23,9
2025,PHI,waltodo01,2025-09-10,2025-09-13,2
2025,ANA,wardta01,2025-03-27,2025-09-28,157
2025,NYN,warreau01,2025-05-04,2025-08-03,5
2025,NYA,warrewi01,2025-04-01,2025-09-26,33
2025,KCA,waterdr01,2025-04-10,2025-07-03,71
2025,MIA,weathry01,2025-05-14,2025-09-24,8
2025,NYA,weavelu01,2025-03-27,2025-09-28,64
2025,TEX,webbja01,2025-03-28,2025-09-27,55
2025,SFN,webblo01,2025-03-27,2025-09-28,34
2025,HOU,weemsjo01,2025-06-28,2025-08-17,4
2025,BOS,weissgr01,2025-03-28,2025-09-28,72
2025,NYA,wellsau01,2025-03-27,2025-09-28,126
2025,BAL,wellsty01,2025-09-02,2025-09-24,4
2025,PIT,wentzjo01,2025-03-29,2025-05-27,19
2025,MIN,wentzjo01,2025-06-12,2025-07-08,6
2025,ATL,wentzjo01,2025-07-12,2025-09-26,14
2025,HOU,wesneha01,2025-04-01,2025-05-06,6
2025,BAL,westbjo01,2025-03-27,2025-09-28,85
2025,PHI,wheelza01,2025-03-27,2025-08-15,24
2025,SFN,whiseca01,2025-07-28,2025-08-27,5
2025,ATL,whiteel04,2025-03-29,2025-09-27,105
2025,HOU,whitlfo01,2025-04-21,2025-05-31,5
2025,TBA,whitlfo01,2025-06-16,2025-06-27,5
2025,BOS,whitlga01,2025-03-27,2025-09-26,62
2025,CHA,whiteow01,2025-06-11,2025-08-18,3
2025,HOU,whitcsh01,2025-05-31,2025-07-29,20
2025,CHN,wicksjo01,2025-04-18,2025-09-28,8
2025,MIA,wiemejo01,2025-08-17,2025-09-28,27
2025,TBA,wilcoco01,2025-09-19,2025-09-19,1
2025,ATL,wilesna01,2025-04-22,2025-04-22,1
2025,SEA,willibe03,2025-04-15,2025-07-30,85
2025,TBA,willica02,2025-08-22,2025-09-28,32
2025,NYA,willide03,2025-03-27,2025-09-28,67
2025,CLE,williga01,2025-03-29,2025-09-23,31
2025,ATL,willilu01,2025-05-09,2025-09-21,45
2025,WAS,willitr01,2025-04-01,2025-07-02,17
2025,CHA,wilsobr02,2025-03-29,2025-09-02,20
2025,BOS,wilsoju10,2025-03-29,2025-09-25,61
2025,OAK,wilsoja05,2025-03-27,2025-09-27,125
2025,CHA,wilsost02,2025-04-17,2025-09-27,59
2025,PHI,wilsowe01,2025-04-23,2025-09-28,54
2025,CLE,wilsowi03,2025-04-23,2025-08-31,34
2025,NYA,winanal01,2025-06-23,2025-07-26,3
2025,BOS,winckjo01,2025-04-08,2025-04-23,6
2025,NYN,winkeje01,2025-03-27,2025-07-10,26
2025,MIA,winklja01,2025-05-31,2025-09-14,14
2025,TEX,winnco01,2025-05-16,2025-09-23,33
2025,SFN,winnke01,2025-08-16,2025-09-15,7
2025,SLN,winnma01,2025-03-27,2025-09-08,129
2025,SFN,wiselbr01,2025-05-01,2025-07-30,22
2025,ATL,wiselbr01,2025-09-23,2025-09-27,4
2025,KCA,wittbo02,2025-03-27,2025-09-28,157
2025,BAL,wolfrgr01,2025-04-26,2025-09-27,21
2025,BOS,wongco01,2025-03-27,2025-09-28,63
2025,SEA,woobr01,2025-03-30,2025-09-19,30
2025,MIL,woodrbr01,2025-07-06,2025-09-17,12
2025,ARI,woodfja01,2025-07-02,2025-09-19,22
2025,WAS,woodja03,2025-03-27,2025-09-28,157
2025,MIN,woodssi01,2025-04-01,2025-09-28,23
2025,CHN,workmga01,2025-03-29,2025-04-22,9
2025,CHA,workmga01,2025-04-26,2025-04-30,3
2025,LAN,wroblju01,2025-04-08,2025-09-26,24
2025,CIN,wynnsau01,2025-03-30,2025-05-28,18
2025,OAK,wynnsau01,2025-06-09,2025-08-03,22
2025,CIN,wynnera01,2025-04-20,2025-04-20,1
2025,LAN,yamamyo01,2025-03-18,2025-09-25,30
2025,NYA,yarbrry01,2025-03-30,2025-09-16,19
2025,SFN,yastrmi01,2025-03-27,2025-07-30,97
2025,KCA,yastrmi01,2025-08-01,2025-09-28,50
2025,LAN,yateski01,2025-03-19,2025-09-20,50
2025,MIL,yelicch01,2025-03-27,2025-09-28,150
2025,TOR,yesavtr01,2025-09-15,2025-09-27,3
2025,MIL,yohocr01,2025-04-21,2025-09-07,8
2025,PIT,yorkeni01,2025-09-02,2025-09-28,22
2025,BOS,yoshima02,2025-07-09,2025-09-28,55
2025,BAL,youngbr01,2025-04-19,2025-08-21,12
2025,SEA,youngco01,2025-05-31,2025-09-28,77
2025,NYN,youngda02,2025-03-27,2025-04-26,10
2025,NYN,youngja02,2025-05-24,2025-09-28,23
2025,WAS,youngja03,2025-03-27,2025-09-28,120
2025,MIL,zastrro01,2025-05-17,2025-09-27,26
2025,ANA,zeferry01,2025-03-30,2025-09-28,62
2025,KCA,zerpaan01,2025-03-27,2025-09-27,69
2025,MIL,zimmebr02,2025-09-23,2025-09-23,1
2025,NYN,zuberty01,2025-06-22,2025-06-22,1
2025,MIA,zuberty01,2025-08-09,2025-08-29,9
2025,CIN,zulueyo01,2025-05-03,2025-09-03,7
